CustomerID,Churn_Numeric,SeniorCitizen,SatisfactionScore,TotalServicesCount,IsHighValueCustomer,Gender_Binary,Partner_Binary,Dependents_Binary,PhoneService_Binary,PaperlessBilling_Binary,InternetService_Fiber optic,InternetService_No,Contract_One year,Contract_Two year,PaymentMethod_Credit card (automatic),PaymentMethod_Electronic check,PaymentMethod_Mailed check,TenureGroup_Early (1-2yrs),TenureGroup_Established (2-4yrs),TenureGroup_Loyal (4+yrs),TenureMonths_Scaled,MonthlyCharges_Capped_Scaled,TotalCharges_Log1p_Scaled,CustomerAgeDays_Scaled,MonthlyToTotalRatio_Scaled
CUST-10000,1,1.0,4,2,1,1,1,0,1,1,1,0,1,0,1,0,0,0,0,0,-0.6158086025267223,1.9083876014900736,0.3743943023372742,1.7460553698709056,-0.08662118232011917
CUST-10001,0,1.0,1,4,0,1,0,0,1,1,0,1,1,0,0,0,0,0,0,0,-0.691541041198892,0.08088672330883565,-0.18573963015323158,1.7460553698709056,-0.08044601585823101
CUST-10002,1,0.0,3,4,0,0,0,1,1,1,0,0,0,0,0,0,1,0,0,0,-0.9452676808199776,-1.6818491006379361,-1.7066103339950502,1.7444661249162188,-0.04272038377709103
CUST-10003,0,0.0,5,4,0,0,1,1,1,1,1,0,1,0,0,0,1,1,0,0,-0.054656364582531806,0.2601873680209936,0.5178953928345039,1.7428768799615322,-0.10292427373902453
CUST-10004,0,0.0,5,3,0,1,0,0,1,1,0,1,0,0,0,0,1,1,0,0,-0.39987463969311304,-1.0753806851706265,-0.3227719686079118,1.7412876350068454,-0.09529928267417133
CUST-10005,1,0.0,4,0,1,1,1,1,0,1,1,0,0,0,0,1,0,0,0,1,1.2353180318057468,1.0358192892768052,1.3017447451919852,1.7396983900521588,-0.11184719341355234
CUST-10006,1,0.0,1,2,0,1,0,0,1,1,1,0,0,0,1,0,0,0,0,0,-1.1389752190091447,0.19211366427672288,-1.7338539788637388,1.738109145097472,0.19559507464971823
CUST-10007,0,0.0,4,1,0,0,0,0,0,0,0,0,1,0,1,0,0,0,1,0,0.06294832475499927,-0.24047465993066156,0.4301605024957019,1.7365199001427853,-0.10451130772308137
CUST-10008,0,1.0,1,2,0,0,1,0,1,0,1,0,0,1,1,0,0,0,1,0,0.5522516868236341,-0.9757692158860942,0.3649666267086552,1.7349306551880985,-0.10896355440811177
CUST-10009,1,1.0,4,2,0,0,1,1,1,0,0,0,0,1,0,0,1,0,1,0,0.5348204736463013,0.11643710633971122,0.79969951560828,1.7349306551880985,-0.10871904456853489
CUST-10010,0,0.0,4,2,0,1,1,0,1,1,1,0,0,0,0,1,0,0,0,1,1.4330938134079956,-0.7153010629866111,0.8008437072262647,0.7845621722854433,-0.11242818229158494
CUST-10011,0,0.0,3,2,1,0,0,0,1,0,0,1,0,0,0,0,0,0,1,0,0.39150291616980387,0.793654303878367,0.9188686826715337,-0.22142988403124703,-0.10771847273553112
CUST-10012,0,0.0,1,2,0,0,0,1,1,0,1,0,0,0,0,0,1,0,0,1,1.9815701456512962,0.5490254305470956,1.3255542775031666,1.2629249036461443,-0.11316663019921627
CUST-10013,1,0.0,4,2,1,1,0,1,1,1,0,0,0,0,1,0,0,0,0,0,-0.6920013770615882,1.9083876014900736,0.2739436901551466,1.7285736753693517,-0.08195887140428351
CUST-10014,1,0.0,4,3,0,1,1,0,1,1,0,0,1,0,1,0,0,1,0,0,-0.33720540537960336,-0.5079824926382388,0.017691310525620674,1.726984430414665,-0.09698893820939827
CUST-10015,0,1.0,3,1,0,1,1,0,0,1,1,0,0,0,0,1,0,0,0,0,-1.1611627914055367,-0.3583892967162384,-2.9784471335020632,1.7253951854599783,1.150270489605754
CUST-10016,0,0.0,4,4,0,1,1,1,1,1,1,0,0,0,0,0,0,0,0,0,-1.1698155996860926,-0.20140443699573912,-3.464773122672426,1.7238059405052917,2.485498363239787
CUST-10017,1,0.0,1,5,0,0,1,1,1,1,0,1,1,0,0,0,0,0,0,0,-0.8480961423700523,-0.1552945342527227,-0.5253081336886445,1.7238059405052917,-0.06439245781045798
CUST-10018,1,0.0,4,2,1,1,0,0,1,1,1,0,0,1,0,0,0,0,0,0,-1.050471745606063,1.0463788089889468,-0.9220279056283992,1.7222166955506049,0.02527793818990308
CUST-10019,1,1.0,4,2,0,1,0,1,1,0,1,0,0,0,0,0,1,0,0,0,-0.8158939695105867,-0.32987859349345733,-0.5297586407650995,1.7206274505959183,-0.06855056943454715
CUST-10020,1,0.0,3,3,1,0,0,0,1,1,1,0,0,0,0,1,0,0,0,0,-0.9439692075357612,1.9083876014900736,-0.2667071699938134,1.7190382056412314,-0.042872907280148975
CUST-10021,1,0.0,4,3,0,1,1,0,1,0,1,0,0,1,0,1,0,0,0,0,-1.1434252870093045,0.5768321657890677,-2.002965120002401,1.7174489606865446,0.3988159638335327
CUST-10022,0,0.0,4,0,0,1,1,0,0,1,0,0,0,1,1,0,0,0,0,1,1.7072278744627971,-0.550924539467613,0.9505671625536075,1.715859715731858,-0.11310222965623919
CUST-10023,0,0.0,3,3,0,1,0,0,0,0,1,0,1,0,0,1,0,0,0,0,-1.1682825981489366,-0.8208962601080232,-3.36809879890741,1.7142704707771712,1.5016532750247162
CUST-10024,0,1.0,2,1,1,0,1,0,1,0,0,1,0,0,1,0,0,0,1,0,0.42318708359034635,1.0611621365859445,0.997573768314407,1.7126812258224846,-0.10796706098215401
CUST-10025,1,0.0,2,2,0,0,0,0,1,1,0,0,0,0,0,0,1,0,0,0,-0.9797962409589889,-0.007813242273150344,-0.8098795423355516,1.7126812258224846,-0.033798784506621125
CUST-10026,0,0.0,3,2,0,1,1,0,1,0,0,0,1,0,1,0,0,0,0,1,1.746643239497526,-0.02858029770702817,1.155918275710698,1.7110919808677978,-0.11317597305870399
CUST-10027,0,0.0,3,2,0,0,1,0,1,1,1,0,0,0,0,1,0,0,0,1,1.5062024911482463,-0.669895128224404,0.8473439337405438,1.7095027359131112,-0.11266119413480616
CUST-10028,1,0.0,1,2,0,0,0,0,1,1,1,0,0,0,0,0,0,0,1,0,0.09730222969732083,-0.1028489196824213,0.5064368012070534,1.7079134909584244,-0.10504798021982346
CUST-10029,0,0.0,5,2,0,1,1,1,1,0,0,0,0,1,0,0,1,0,1,0,0.16272882430297242,-0.7128371750537782,0.2924024968807129,1.7063242460037378,-0.10561934933078163
CUST-10030,1,0.0,2,1,1,0,1,1,1,0,0,0,0,1,0,0,1,0,0,0,-1.1717732395565648,1.3997707353552722,-2.891435630582266,1.704735001049051,2.0296826089894964
CUST-10031,0,1.0,3,3,1,1,0,1,1,0,0,0,0,1,0,1,0,0,0,1,2.428220944763088,0.719033697912569,1.3255542775031666,1.7031457560943644,-0.11278880549628689
CUST-10032,0,0.0,2,1,0,1,0,1,1,0,0,0,0,0,0,1,0,0,0,1,1.3491327588563296,-0.22252347642002157,0.981881803811314,1.7015565111396775,-0.11221403695896832
CUST-10033,0,0.0,4,3,0,1,0,0,1,0,1,0,0,0,0,0,0,0,0,1,1.5323923367387529,-0.2380107719978286,1.029720359993296,1.7015565111396775,-0.11271237694460369
CUST-10034,1,1.0,3,1,0,0,1,0,1,0,0,0,0,1,1,0,0,0,1,0,0.11600678043742715,0.05941569989414854,0.577883598063302,1.699967266184991,-0.10538382068538663
CUST-10035,1,1.0,4,4,0,0,1,0,1,0,1,0,0,1,0,1,0,0,0,0,-0.669948931899575,-0.04406759328483519,-0.18315560279945886,1.6983780212303041,-0.08261021482239936
CUST-10036,0,1.0,3,2,0,1,0,0,1,1,1,0,0,1,0,0,1,0,0,1,1.5158026639950837,-1.0486299018998686,0.6488186792298012,1.6967887762756175,-0.1126593764792112
CUST-10037,0,0.0,1,3,0,1,1,0,1,1,0,0,0,0,0,0,0,0,0,0,-0.7639152817144232,-1.6818491006379361,-1.2979359674938127,1.6951995313209307,-0.0747258821244733
CUST-10038,0,1.0,3,2,0,0,0,0,1,0,1,0,0,1,1,0,0,1,0,0,-0.18384136002212403,-0.8803815544864186,-0.01778154410621987,1.693610286366244,-0.10077645110566072
CUST-10039,1,1.0,3,2,0,1,1,0,1,1,0,0,1,0,0,1,0,0,0,0,-1.051909705023673,-0.17394968574417194,-1.3132921783135025,1.6920210414115573,0.03501257532847928
CUST-10040,0,0.0,3,3,0,1,0,1,1,0,1,0,0,0,0,1,0,0,0,1,1.8878308232070122,-0.8170244362135715,0.8732781745865924,1.6904317964568705,-0.11348597480820839
CUST-10041,1,1.0,4,2,1,0,0,1,1,1,1,0,1,0,1,0,0,0,0,0,-0.9958206675546899,0.8270927829668143,-0.6996779914376005,1.6904317964568705,-0.018573783953184445
CUST-10042,1,1.0,5,2,0,1,1,0,1,1,0,1,1,0,0,1,0,0,0,0,-0.871951907095416,-0.27989686685598886,-0.6496637379905064,1.6888425515021839,-0.05831230694865394
CUST-10043,0,0.0,3,2,1,1,0,0,1,0,1,0,0,0,0,0,0,1,0,0,-0.1963595778981956,1.9083876014900736,0.7974027220816552,1.687253306547497,-0.10069397331914952
CUST-10044,0,0.0,3,3,0,1,0,1,1,1,0,1,0,1,0,0,0,0,1,0,0.5580678503196759,-0.6308249052894815,0.5316863708879888,1.6856640615928105,-0.10886557971605976
CUST-10045,0,0.0,3,2,0,0,0,1,1,1,0,0,0,0,0,0,1,1,0,0,-0.017084645432249593,0.11045337850283114,0.5031288863268785,1.6840748166381236,-0.10358216224916249
CUST-10046,1,0.0,4,3,0,1,0,0,1,1,0,1,0,1,0,0,1,0,0,0,-0.8606748150327697,-0.34325398512883604,-0.6352569871751068,1.682485571683437,-0.0613342445076335
CUST-10047,1,0.0,4,4,0,0,0,1,1,0,0,0,0,0,1,0,0,0,0,0,-1.1770746416488103,0.42618301789585317,-2.916463800956378,1.6808963267287502,1.5196956552355094
CUST-10048,1,0.0,4,3,1,0,1,0,1,0,1,0,0,0,0,1,0,0,1,0,0.5232009825785778,0.886155696556724,1.0489752234284209,1.6793070817740636,-0.1092852869109262
CUST-10049,0,0.0,5,3,0,1,0,0,1,1,0,0,0,1,0,1,0,0,0,1,2.428220944763088,0.6042869170406349,1.3255542775031666,1.2136583100508562,-0.11304381761462017
CUST-10050,0,0.0,1,2,0,0,1,1,1,1,0,1,0,0,0,0,1,0,1,0,0.8176784174290948,-1.6818491006379361,-0.10199191902607163,1.6777178368193768,-0.11027896894796514
CUST-10051,1,0.0,4,1,0,0,0,0,1,0,0,0,1,0,0,0,1,1,0,0,-0.4370047720178925,0.48989212015910516,0.27103135351719065,1.6761285918646902,-0.0944813236785137
CUST-10052,0,1.0,4,4,1,0,1,0,1,1,0,0,0,0,0,0,0,0,0,1,1.6359912960515932,1.084885857539222,0.6434103352378616,1.6745393469100034,-0.10095158341981515
CUST-10053,0,1.0,3,2,0,1,1,0,1,1,0,0,0,1,1,0,0,1,0,0,-0.5442290324083726,-0.365076992533928,-0.11301781252837421,1.6729501019553168,-0.09062968101992645
CUST-10054,1,0.0,4,2,0,0,1,0,0,1,0,0,0,1,1,0,0,1,0,0,-0.2834515558371488,0.6898190267089784,0.4609872331364176,1.67136085700063,-0.09864340292580016
CUST-10055,1,0.0,5,1,0,0,0,0,1,1,0,0,0,0,0,1,0,1,0,0,-0.3987127486671154,-1.2203980892173656,-0.3978210415988069,1.6697716120459434,-0.0959067124349269
CUST-10056,1,0.0,3,1,0,1,1,1,1,1,1,0,0,1,0,1,0,1,0,0,-0.46470547581178206,-0.6022438052686192,0.4066725981842765,1.6681823670912566,-0.1067400610652432
CUST-10057,0,0.0,2,4,0,1,1,0,1,1,1,0,0,1,0,1,0,0,1,0,0.6159937000975424,-0.4111868952769444,0.6501833154202707,1.6681823670912566,-0.10921940823682695
CUST-10058,0,0.0,3,1,1,1,0,0,0,1,1,0,0,0,1,0,0,1,0,0,-0.2787995894699192,1.9083876014900736,0.7308809567906873,1.66659312213657,-0.09896646928251869
CUST-10059,0,0.0,5,4,0,1,1,0,1,0,1,0,0,0,0,0,1,0,0,0,-0.7203769919002652,0.03442483657541458,-0.21708707385931642,1.6650038771818831,-0.07958596489206253
CUST-10060,0,1.0,4,3,1,1,1,0,1,1,1,0,0,0,0,0,1,0,0,0,-0.8192257617803594,1.762666229462525,0.015664313938550313,1.6634146322271965,-0.06853167938755532
CUST-10061,1,1.0,2,2,1,1,1,0,1,1,0,0,1,0,1,0,0,0,0,0,-1.131952541563071,1.2265946120761564,-1.6781187112007543,1.6618253872725097,0.2940527097863556
CUST-10062,0,0.0,4,2,0,0,0,1,1,0,0,1,0,1,0,0,1,1,0,0,-0.126168581286713,-0.6832705198597829,0.12082851318019819,1.660236142317823,-0.10176434720593731
CUST-10063,0,0.0,2,3,0,1,1,0,1,1,0,0,0,0,0,1,0,0,0,0,-0.8640711957065829,-1.4143412679303589,-1.344265099847614,1.6586468973631363,-0.05179222501784679
CUST-10064,0,0.0,3,4,0,1,0,0,1,1,0,0,0,0,0,0,1,0,0,0,-0.9854740878725095,0.08194267528004981,-0.9251414114574013,1.6570576524084495,-0.015840499275101425
CUST-10065,0,0.0,3,3,0,0,1,0,0,0,0,0,0,0,0,0,0,0,1,0,0.09705500895846493,-0.6533518806753829,0.29263416793571817,1.6570576524084495,-0.10510732231288611
CUST-10066,1,0.0,3,2,1,1,0,0,0,0,1,0,0,0,0,0,0,0,1,0,0.19610582138328633,1.630320249070355,0.9965131049542778,1.655468407453763,-0.10599865843404996
CUST-10067,1,0.0,1,2,0,0,1,1,1,0,0,0,1,0,0,0,0,0,1,0,0.49872245303174106,-0.29890400233784303,0.643646798542227,1.653879162499076,-0.10851673507912574
CUST-10068,1,1.0,4,2,0,1,1,0,1,0,0,0,1,0,0,1,0,1,0,0,-0.33631584226464745,-0.35522144080259616,0.09810246504855796,1.7428768799615322,-0.097543776043772
CUST-10069,0,1.0,5,3,0,1,1,1,1,1,0,1,0,1,0,1,0,0,0,1,1.5204001720785492,-1.5121928172628676,0.31767108286837814,1.6507006725897027,-0.11278771393236835
CUST-10070,1,0.0,3,1,0,0,0,0,1,1,0,0,0,0,0,0,0,0,0,1,2.132784752221575,0.40471199448116607,1.3255542775031666,1.649111427635016,-0.11348735096153728
CUST-10071,0,1.0,2,3,0,1,0,0,1,0,1,0,1,0,1,0,0,0,1,0,0.8017077728272701,-1.2781234636437375,0.2568050171005893,1.6475221826803292,-0.11009412098103112
CUST-10072,1,0.0,2,2,0,1,0,1,1,0,1,0,0,0,0,1,0,0,1,0,0.03533701730850508,0.42899888981909073,0.6302057308842333,1.6459329377256426,-0.10427220676260711
CUST-10073,1,0.0,2,2,0,0,1,0,1,0,0,0,0,0,0,1,0,0,0,0,-0.7430272524829056,0.5743682778562346,-0.11146940834052983,1.6459329377256426,-0.07679505906375067
CUST-10074,0,0.0,2,1,0,0,1,1,1,0,1,0,1,0,0,0,0,0,0,1,2.428220944763088,-0.8296958598681409,0.9935805346017631,1.5029008918038382,-0.11441676364358565
CUST-10075,1,0.0,5,3,1,0,0,1,1,1,1,0,0,0,0,0,0,0,0,0,-0.7930507543192119,0.9721101870135537,-0.11064843599383929,1.6427544478162692,-0.07096541490447751
CUST-10076,1,0.0,3,1,0,0,0,0,1,0,0,1,0,0,0,1,0,0,0,0,-0.9059591858654725,-0.3284706575318383,-0.752157234280192,1.6411652028615824,-0.05112346997122994
CUST-10077,0,0.0,1,2,0,1,1,0,1,0,0,0,0,0,0,0,0,1,0,0,-0.1698114380509477,-1.591741199094331,-0.5195598985904842,1.637986712952209,-0.10119919432403814
CUST-10078,1,0.0,2,4,1,1,0,0,1,1,1,0,1,0,1,0,0,0,0,0,-1.1078594915347049,1.593713914068266,-1.3185681779195273,1.3090130073320592,0.16455084261104763
CUST-10079,0,0.0,3,2,0,1,1,0,0,1,0,1,0,1,0,0,0,0,0,1,2.428220944763088,-1.0130795188689932,0.8891551145645752,1.7460553698709056,-0.11438603410345322
CUST-10080,0,0.0,3,3,0,0,1,0,1,1,1,0,1,0,0,0,1,1,0,0,-0.110964324962765,0.4972837839576038,0.5461940947335805,1.6348082230428356,-0.10205987160405502
CUST-10081,1,0.0,3,1,0,0,1,0,0,0,0,1,1,0,1,0,0,1,0,0,-0.19957122215801473,0.4113996902988554,0.46335508439430595,1.6348082230428356,-0.10063777068875243
CUST-10082,0,0.0,3,4,0,1,0,1,1,1,1,0,0,0,0,1,0,0,1,0,0.10390289386805004,0.3730334353447422,0.6620173770376038,1.6332189780881488,-0.10519764501328434
CUST-10083,1,0.0,1,2,0,1,1,1,1,1,0,1,0,0,0,0,1,1,0,0,-0.3520814232518075,0.3547302678436976,0.31836732621891944,1.6316297331334622,-0.0971314357861443
CUST-10084,1,0.0,1,3,0,1,1,0,0,1,1,0,0,0,0,0,1,0,0,0,-1.1390324294869871,-1.0627092615160567,-2.3524497466250063,1.6300404881787753,0.23644306197800752
CUST-10085,1,0.0,1,1,0,1,0,0,1,1,0,1,0,1,0,0,1,1,0,0,-0.03911493037392335,0.08405457922247812,0.4803235593821338,1.6284512432240887,-0.10327398965339042
CUST-10086,0,0.0,4,3,1,0,0,0,1,1,1,0,0,0,1,0,0,0,1,0,0.3357625299158079,0.9717582030231487,1.3255542775031666,1.626861998269402,-0.11222715303934423
CUST-10087,1,0.0,1,1,0,0,1,0,1,0,0,0,0,0,0,1,0,1,0,0,-0.5300880249465115,0.46349332087875217,0.15688804583973864,1.6252727533147153,-0.09068534643090644
CUST-10088,0,0.0,3,3,0,1,0,0,1,0,0,0,0,0,0,1,0,0,1,0,0.5239189292213247,-1.4460198270667826,0.015574099303963463,1.6236835083600285,-0.1086584627653341
CUST-10089,1,1.0,5,2,0,0,1,1,1,1,0,0,1,0,1,0,0,0,0,0,-0.8686835119300126,-1.0711568772857698,-1.0189779865124997,1.6236835083600285,-0.05862469501367505
CUST-10090,1,1.0,4,4,0,1,1,1,1,0,0,0,0,0,0,1,0,0,0,0,-0.8775535933329894,0.6560285636301267,-0.3602045983703579,1.622094263405342,-0.058524670740970196
CUST-10091,1,1.0,3,1,0,0,1,0,0,0,0,0,0,0,0,0,1,0,0,0,-0.9665815028470343,-1.6818491006379361,-1.6884645136683094,1.620505018450655,-0.044536887618372156
CUST-10092,1,0.0,3,1,0,0,0,0,1,1,0,0,0,1,0,0,0,0,0,0,-0.618963665686582,0.3195318688032269,0.008686186858772649,1.6189157734959685,-0.08627494624109251
CUST-10093,0,0.0,2,2,0,0,1,0,1,1,0,1,0,0,1,0,0,0,1,0,1.0786901355334342,-1.4439079231243541,0.23248243840697475,1.6173265285412817,-0.11134409171119448
CUST-10094,1,0.0,3,4,0,0,1,1,1,1,0,1,0,0,0,0,0,0,1,0,0.9372623597376631,-0.9546501764618119,0.5275456421992307,1.615737283586595,-0.11086887658908631
CUST-10095,1,1.0,4,3,0,0,1,0,1,1,1,0,0,0,0,0,1,0,0,0,-0.5980528485492649,-1.5280320968310792,-0.912548546896835,1.6141480386319083,-0.08603697419907952
CUST-10096,0,0.0,3,4,0,0,0,1,1,0,0,1,0,1,0,0,0,1,0,0,-0.10896131813191248,0.2216803194707184,0.4812751745048713,1.6125587936772217,-0.10236301696092755
CUST-10097,1,0.0,3,2,1,1,1,1,1,0,0,0,0,0,1,0,0,0,1,0,0.3555881309049489,1.140710518417408,0.9786108411758441,1.6109695487225348,-0.10739478530588273
CUST-10098,1,0.0,2,1,0,1,1,0,1,0,0,1,0,0,1,0,0,0,0,0,-0.8463860892449403,0.3293874205345588,-0.3799883271194559,1.6109695487225348,-0.06379551900889358
CUST-10099,1,0.0,4,2,0,1,1,1,1,0,1,0,0,0,0,1,0,0,0,0,-0.9569033776739498,0.4451901533777075,-0.6586110542415617,1.6093803037678482,-0.035519053588852996
CUST-10100,0,0.0,3,3,0,1,1,0,1,0,0,0,0,0,1,0,0,0,0,1,2.428220944763088,0.13931606571601687,1.3255542775031666,1.6077910588131614,-0.11407716426590324
CUST-10101,1,0.0,3,2,0,0,0,1,1,0,0,0,0,0,1,0,0,1,0,0,-0.022737022854688663,0.6827793469008847,0.6579642971086328,1.6062018138584746,-0.10346038510983385
CUST-10102,0,1.0,5,2,0,1,0,0,1,1,0,0,0,0,0,0,0,0,0,1,2.428220944763088,0.45504570510903886,1.3255542775031666,1.604612568903788,-0.11337548981760581
CUST-10103,1,0.0,2,3,0,0,1,0,1,0,0,0,0,0,0,0,0,0,0,0,-0.6827801342802419,0.38781676294174,-1.2119901321816866,1.6030233239491012,0.05115499585077782
CUST-10104,0,0.0,2,2,1,1,1,0,1,0,0,0,0,0,0,0,1,0,1,0,0.8924672149220217,0.9189606044624428,1.1595554105732546,1.6014340789944146,-0.11058518244085172
CUST-10105,0,0.0,3,2,1,1,1,0,1,0,0,0,0,1,0,0,0,0,0,0,-0.8755032380909809,0.8077336634945554,-0.32545501499088536,1.5998448340397278,-0.05828247696132975
CUST-10106,1,0.0,2,2,0,1,1,1,1,1,0,0,0,0,0,0,0,0,0,0,-0.8142861070368628,-0.4206904630178716,-0.5329509878554738,1.5998448340397278,-0.07067704004041721
CUST-10107,1,0.0,3,2,0,0,1,0,1,0,0,0,0,0,0,1,0,1,0,0,-0.31598442868986926,-1.6818491006379361,-0.7681188696916924,1.5982555890850412,-0.0972551176849742
CUST-10108,1,1.0,4,2,0,1,0,0,1,1,1,0,0,0,0,1,0,0,0,0,-0.715262205363639,0.21780849557626664,-0.15471027937993298,1.5966663441303544,-0.07986954597944865
CUST-10109,1,0.0,1,2,0,1,1,1,1,0,0,0,1,0,0,1,0,0,0,0,-0.9576539196063998,0.3068604451486575,-0.6599073292807213,1.5950770991756678,-0.03959227826431144
CUST-10110,1,1.0,2,0,0,1,1,0,0,0,0,0,0,0,1,0,0,0,0,0,-0.811548505068293,-0.5030547167725729,-0.6044195223583618,1.593487854220981,-0.06818153751085541
CUST-10111,1,0.0,2,4,0,1,0,1,1,1,1,0,0,0,0,0,0,0,0,0,-1.1344472072621228,0.1590271691786805,-1.9999976020301662,1.5918986092662943,0.3222047897484331
CUST-10112,1,0.0,1,3,1,0,0,0,1,1,0,1,0,0,0,0,1,0,1,0,0.2869970260937685,1.093896647693582,0.9353289195009631,1.5903093643116075,-0.10685580774779119
CUST-10113,1,1.0,2,2,1,0,0,0,1,0,1,0,0,0,1,0,0,1,0,0,-0.3637525823088745,1.9083876014900736,0.6575697881055345,1.588720119356921,-0.09687860022114292
CUST-10114,1,0.0,2,3,0,0,1,1,1,1,0,1,1,0,0,0,0,0,0,0,-1.0592155462552937,0.11714107432052048,-1.1800612092941882,1.588720119356921,0.027730137821481052
CUST-10115,1,0.0,3,4,0,0,0,0,1,1,1,0,0,0,1,0,0,0,0,0,-0.951757973181826,0.31460409293756103,-0.6455529535779494,1.587130874402234,-0.04085984728343134
CUST-10116,0,0.0,4,2,0,0,1,0,1,0,0,0,1,0,0,1,0,0,0,0,-1.0481602187036965,-0.9078363057379858,-1.4498124452589316,1.5855416294475475,0.002090499490536433
CUST-10117,1,0.0,2,4,0,1,0,0,1,0,0,0,1,0,0,0,1,1,0,0,-0.038241679188328645,-0.5674677870166345,0.23191292912589356,1.5839523844928607,-0.10309699673496461
CUST-10118,0,1.0,4,3,0,1,0,0,1,1,1,0,0,0,0,0,0,0,0,0,-1.0592589494355678,-0.1816933335330757,-1.3169044094648759,1.582363139538174,0.035189108563405715
CUST-10119,1,0.0,1,5,1,0,1,0,1,1,1,0,0,0,0,1,0,0,1,0,0.5090858944070606,1.2054755726518742,1.0664186761230874,1.5807738945834873,-0.10851954878089054
CUST-10120,1,1.0,4,3,1,0,1,0,1,0,1,0,0,0,0,0,1,0,0,0,-1.1532954039251975,0.8267407989764094,-1.9348845423844985,1.5791846496288007,0.3952428286176538
CUST-10121,1,1.0,4,2,1,1,1,0,1,0,0,0,0,0,0,0,1,0,0,0,-0.8333738899212649,1.9083876014900736,0.011539571985462392,1.5775954046741139,-0.06642112553287136
CUST-10122,0,0.0,4,3,0,1,1,1,1,1,1,0,1,0,1,0,0,0,0,1,1.4825598067771346,-1.6118042865473998,0.20034368085497262,1.5775954046741139,-0.11263534219672568
CUST-10123,0,1.0,2,3,0,1,0,0,1,1,1,0,1,0,0,0,1,0,1,0,0.34578915115244946,-1.4358122913450464,-0.06741513501720266,1.576006159719427,-0.10725821228172355
CUST-10124,1,0.0,3,1,1,1,0,0,1,1,1,0,0,0,0,0,1,0,0,0,-1.0871253950274655,1.1255752068300058,-1.1234110661071954,1.5744169147647404,0.07378175744325013
CUST-10125,1,0.0,4,3,1,1,0,0,1,1,1,0,1,0,0,0,1,0,1,0,0.8907689274161503,1.4919905408413054,1.2827060464309117,1.5728276698100536,-0.1105790350478294
CUST-10126,1,0.0,3,2,0,0,0,0,1,1,1,0,0,0,0,1,0,1,0,0,-0.3615766388807302,-0.003237450397889315,0.20762684662450664,1.571238424855367,-0.09708402353129254
CUST-10127,0,0.0,2,2,0,0,1,0,1,1,0,0,0,0,1,0,0,0,1,0,1.076891988559552,-1.6818491006379361,-0.002771261475650434,1.5696491799006802,-0.11141403531873888
CUST-10128,0,0.0,5,3,0,1,1,0,1,1,0,1,0,0,0,1,0,1,0,0,-0.0744707714712577,-0.8233601480408562,0.10317613197278144,1.5680599349459936,-0.10290680721529531
CUST-10129,0,0.0,4,2,0,0,0,0,1,1,1,0,0,1,0,0,0,0,1,0,0.19846034569305102,0.31601202889918006,0.6924481272069789,1.5664706899913068,-0.1060536693579382
CUST-10130,0,0.0,4,0,0,1,0,0,0,0,0,0,0,0,0,1,0,0,0,1,2.428220944763088,-0.9877366715598543,0.9054935022967424,1.5664706899913068,-0.11439773616540286
CUST-10131,0,1.0,1,3,0,1,0,0,1,0,0,0,0,1,0,0,1,0,0,0,-0.8603591040825412,0.15726724922665708,-0.47025797727626495,1.5648814450366202,-0.06083430231848244
CUST-10132,1,0.0,3,3,1,1,1,0,1,0,1,0,0,1,1,0,0,1,0,0,-0.0024870124978908417,1.9083876014900736,0.9328524467456538,1.5632922000819334,-0.10377593469650571
CUST-10133,1,0.0,3,0,1,1,1,0,0,1,1,0,0,0,0,1,0,1,0,0,-0.43674914284168287,1.467703645503381,0.4982709158505528,1.5617029551272468,-0.0944982053599379
CUST-10134,1,1.0,3,2,1,1,1,0,1,1,0,0,0,1,0,0,1,0,1,0,0.577634116384619,0.8161812792642683,1.0100674403054228,1.56011371017256,-0.1089814722174115
CUST-10135,1,0.0,2,2,0,1,1,1,1,0,1,0,0,0,0,1,0,0,1,0,0.09341910564050047,-0.10601677559606353,0.501189184249952,1.5585244652178734,-0.10496826495874348
CUST-10136,0,0.0,3,1,0,0,0,0,1,1,0,0,0,0,0,1,0,0,0,0,-1.0255881787506602,-0.5604281072085402,-1.2763515832571317,1.5569352202631865,0.0010984497779774212
CUST-10137,1,1.0,4,1,1,0,1,0,1,0,1,0,0,0,0,0,1,0,1,0,0.08071219359649853,0.7619757447419437,0.7469876348880473,1.5553459753085,-0.10486340010422017
CUST-10138,1,0.0,3,2,0,1,0,1,1,1,1,0,0,0,0,0,0,1,0,0,-0.1715409692883788,-0.009925146215578665,0.35130013505944835,1.5553459753085,-0.1010128354293449
CUST-10139,0,1.0,4,0,0,1,1,1,0,1,1,0,1,0,0,0,1,1,0,0,-0.20909127861668012,0.024921268834487132,0.346959400669242,1.5537567303538131,-0.10062498165159957
CUST-10140,1,0.0,3,3,0,0,0,0,1,1,0,0,0,0,1,0,0,0,0,0,-1.1392891840075683,-1.676217356791461,-2.451733868883809,1.5521674853991265,0.08751864195724847
CUST-10141,0,0.0,3,3,0,1,1,0,1,1,0,1,0,1,0,0,0,1,0,0,-0.4165741111886329,-0.7927375408756467,-0.16498926297401556,1.5966663441303544,-0.09536634739570782
CUST-10142,0,1.0,2,3,1,0,0,0,1,1,0,0,0,0,0,1,0,0,0,1,1.9296328356617805,0.7559920169050637,1.3255542775031666,1.5489889954897529,-0.11270666969130223
CUST-10143,0,0.0,4,2,0,1,0,1,0,0,1,0,0,0,1,0,0,1,0,0,-0.5689384727020813,-1.2006869857547018,-0.5121293356591952,1.5473997505350663,-0.09156781660483786
CUST-10144,0,0.0,2,2,0,1,1,1,1,0,0,1,0,0,1,0,0,1,0,0,0.0006399172793189275,0.2424473749045962,0.5574821753090983,1.5458105055803795,-0.10387774194547493
CUST-10145,0,0.0,4,2,0,1,0,0,1,1,1,0,0,0,0,0,0,0,1,0,0.6409992061770363,0.3976723146730718,0.9209899362996892,0.020135349081133597,-0.1092519548770046
CUST-10146,0,0.0,3,2,0,0,0,0,1,1,0,0,0,0,1,0,0,0,1,0,0.6636321147000203,0.4592695129938955,0.9525099127994597,1.5442212606256929,-0.10944667603165428
CUST-10147,1,0.0,3,2,0,0,0,1,1,0,1,0,0,1,1,0,0,1,0,0,-0.2976744063691881,0.5536012224223572,0.42254540276724717,1.542632015671006,-0.09855306570502255
CUST-10148,0,0.0,5,3,0,1,0,0,1,1,0,0,0,0,0,0,0,0,1,0,1.1678817636978323,0.6247019884841079,1.1828952776650634,1.3058345174226857,-0.11164575538184081
CUST-10149,1,0.0,2,3,0,1,1,0,1,0,1,0,1,0,1,0,0,0,0,0,-0.5812749370760844,-0.6966459114951616,-0.3071311298100891,1.5394535257616326,-0.0885438254320428
CUST-10150,0,0.0,3,3,0,1,1,1,1,0,0,0,0,0,0,0,0,0,0,1,1.4610546846914108,-1.5878693751998794,0.22259793994293184,1.537864280806946,-0.11260700710663331
CUST-10151,1,0.0,3,3,0,1,1,1,1,1,1,0,1,0,0,0,1,0,0,0,-0.6396580593125331,-0.9606339042986918,-0.5196996703061324,1.5362750358522592,-0.08520468577713625
CUST-10152,0,0.0,2,3,1,1,0,1,1,1,1,0,1,0,0,0,1,0,0,0,-0.782938520464754,0.7327610735383526,-0.1451038767519087,-1.3545615367228745,-0.07240775545404336
CUST-10153,1,0.0,4,1,0,0,0,0,1,1,0,0,0,0,1,0,0,0,0,0,-1.1125915789476466,-1.306282182876114,-2.372176722195007,-1.673999772614904,0.17478726391265637
CUST-10154,1,1.0,4,2,0,1,0,0,1,1,0,0,1,0,0,1,0,0,1,0,0.7302988460555413,-1.1369778834914501,0.32811391068085033,1.5330965459428858,-0.10977233209311581
CUST-10155,1,0.0,2,2,0,1,1,0,1,1,0,0,0,0,0,0,1,1,0,0,-0.5294567982095881,-1.1426096273379254,-0.4879848140828512,1.5315073009881992,-0.09103301945500433
CUST-10156,0,1.0,2,3,0,0,1,0,1,0,1,0,0,1,0,0,0,0,0,0,-0.865389331915528,-1.6818491006379361,-1.4881619526817775,1.5299180560335124,-0.06194833105237517
CUST-10157,0,0.0,1,2,1,0,0,0,0,0,1,0,0,1,0,0,0,0,0,0,-0.8612126774555723,2.4821215058497463,-1.170557821325181,1.5283288110788258,0.16728397510915755
CUST-10158,1,0.0,4,3,1,1,0,0,1,0,1,0,1,0,0,0,0,1,0,0,-0.18102186027032285,1.0182200897565699,0.6286655723372242,1.526739566124139,-0.10095815046421819
CUST-10159,0,0.0,3,3,0,0,1,0,1,0,1,0,0,1,0,0,1,0,1,0,0.979957131361177,-0.7948494448180748,0.6155412933127195,1.5251503211694524,-0.11091229047730537
CUST-10160,1,0.0,3,2,0,1,0,1,1,1,0,0,0,1,0,1,0,1,0,0,-0.20881848846591314,-1.6818491006379361,0.29834092475730395,1.5235610762147656,-0.11407496416964891
CUST-10161,1,0.0,4,2,0,0,1,0,1,1,1,0,1,0,1,0,0,1,0,0,-0.027275311573604043,-0.5783792907191802,0.2521306488844179,1.5219718312600787,-0.10362936439468916
CUST-10162,1,0.0,4,2,0,0,1,0,1,1,1,0,0,0,0,0,0,1,0,0,-0.4051427168104556,0.5011556078520556,0.3088738332755302,1.5219718312600787,-0.09560527908119046
CUST-10163,1,0.0,2,1,0,0,0,0,1,1,0,0,1,0,1,0,0,0,0,0,-0.5807050597272471,-1.6818491006379361,-1.0527695860642696,1.5203825863053921,-0.08710514939877054
CUST-10164,0,0.0,5,3,1,1,1,0,1,1,1,0,0,0,0,1,0,0,0,1,1.791962803946152,0.9685903471095063,1.3255542775031666,1.5187933413507053,-0.11223419325120006
CUST-10165,1,0.0,1,2,0,0,1,1,1,1,0,1,1,0,0,0,0,0,0,0,-1.0168429097586795,-1.559710655967503,-1.8987702134295292,1.5172040963960187,-0.0014846911980777703
CUST-10166,1,0.0,1,2,0,1,1,0,0,0,1,0,1,0,0,0,0,1,0,0,-0.52658371902704,-0.4555368780679374,-0.14148822910831685,1.515614851441332,-0.09091559781811617
CUST-10167,0,0.0,4,2,0,1,1,0,1,1,1,0,1,0,0,0,1,0,0,0,-0.6703617146277672,-0.469264253693721,-0.31123077406000726,1.5124363615319585,-0.08399937282947925
CUST-10168,0,1.0,3,2,0,1,1,0,1,1,0,1,1,0,1,0,0,1,0,0,-0.3493846306775325,-0.6308249052894815,-0.02849507808027575,1.5124363615319585,-0.09720139628592973
CUST-10169,1,0.0,5,1,0,0,0,0,0,0,1,0,1,0,0,1,0,1,0,0,-0.4427252056315593,-0.10636875958646841,0.08529225217737917,1.5108471165772719,-0.09433000658632594
CUST-10170,1,0.0,3,2,1,0,1,0,1,0,0,0,0,0,0,0,0,1,0,0,-0.29865066575802757,0.7841507361374401,0.48752205985095104,1.5108471165772719,-0.0987286779495408
CUST-10171,0,0.0,5,2,0,1,0,0,1,1,0,1,0,0,0,0,0,0,0,0,-0.9970113793500037,-0.08102591227732955,-0.9497146342609234,1.509257871622585,-0.01970579222649658
CUST-10172,0,1.0,2,2,0,0,1,0,1,1,0,1,1,0,0,0,0,1,0,0,-0.31292805929847994,-0.6776387760133076,-0.016556923918471952,1.5076686266678985,-0.09816112968488798
CUST-10173,0,0.0,4,3,0,1,1,0,1,1,1,0,0,0,0,0,0,1,0,0,-0.22546305276395337,0.44483816938730264,0.45110213281101164,1.5060793817132117,-0.10009446149902514
CUST-10174,1,1.0,3,3,0,0,1,0,1,0,1,0,0,1,0,1,0,0,0,0,-0.9332756791861613,0.1808501765837725,-0.6359687936196572,1.504490136758525,-0.0457988277173918
CUST-10175,1,0.0,3,5,0,1,0,0,1,1,0,0,0,0,0,0,0,0,0,0,-1.0976274314515124,-0.7452197021710113,-1.9484774187311786,1.5029008918038382,0.14236438428763518
CUST-10176,1,0.0,1,0,0,0,0,0,0,1,1,0,0,0,0,0,1,0,1,0,0.5507499164877637,0.006618101333442517,0.7656330842176589,1.5013116468491516,-0.10873286873677261
CUST-10177,1,0.0,1,1,0,1,1,0,1,1,0,0,1,0,0,0,1,1,0,0,-0.5078443558834758,-0.8325117317913785,-0.28452305419968993,1.4997224018944648,-0.09197872320051566
CUST-10178,0,0.0,5,2,0,0,0,1,1,1,1,0,1,0,0,0,1,1,0,0,0.006169193915350438,-0.952186288528979,0.0801810606048684,1.5473997505350663,-0.10387453705627679
CUST-10179,1,0.0,3,3,1,1,0,1,0,1,0,0,0,0,0,0,1,0,1,0,0.3851295007910998,0.8126614393602214,0.917104210643806,1.4981331569397782,-0.10761855429025127
CUST-10180,0,0.0,3,1,0,1,1,1,1,1,0,0,0,0,0,0,0,0,1,0,0.18899005528351218,0.43392666568475663,0.724454598945206,1.4504558082991768,-0.1060317977701523
CUST-10181,1,1.0,4,3,1,1,0,0,0,1,1,0,0,0,1,0,0,1,0,0,-0.4138579444830068,0.7753511363773224,0.36730193769148484,1.4949546670304048,-0.0952233222113938
CUST-10182,0,0.0,4,3,0,0,1,0,1,1,0,0,0,0,0,0,1,0,0,0,-0.5881281625101454,0.6324456362730113,0.13479450913090368,1.493365422075718,-0.08802667805101262
CUST-10183,0,0.0,3,2,0,0,1,0,1,1,1,0,0,0,0,0,1,0,0,0,-0.6113494140197313,-0.9750652479052849,-0.5188909078510432,1.304245272467999,-0.08560655791873427
CUST-10184,1,0.0,5,0,1,1,0,1,0,1,0,1,1,0,0,0,1,0,1,0,0.0501252751287552,1.019276041727784,0.7865185004567958,1.4901869321663446,-0.10444444523539462
CUST-10185,1,0.0,3,4,0,0,1,0,1,0,1,0,0,1,0,0,0,1,0,0,-0.3573977922042532,-0.3524055688793583,0.08614762772938929,1.4885976872116577,-0.09716223327629389
CUST-10186,1,0.0,4,1,1,0,0,0,0,1,0,1,0,0,0,0,1,1,0,0,-0.3410419784559483,0.9432474998003675,0.4788865998285575,1.4870084422569712,-0.09741031360688508
CUST-10187,0,0.0,1,2,0,0,1,0,0,1,0,0,0,0,0,0,1,0,0,1,1.3187151453365098,-0.17007786184972018,0.9878813688902912,1.4870084422569712,-0.11208977105223956
CUST-10188,1,0.0,2,3,0,0,1,0,0,1,0,1,1,0,0,0,0,0,0,0,-0.9534020951413288,0.29242910154206464,-0.6900298239769801,1.4854191973022843,-0.03681017191879304
CUST-10189,1,0.0,5,3,0,1,1,0,1,0,0,1,0,1,0,1,0,0,0,0,-1.0021513891543672,0.3244596446688928,-0.8597494009480046,1.4838299523475977,-0.014786052386682881
CUST-10190,0,0.0,3,3,1,1,1,1,1,1,0,0,0,0,0,1,0,1,0,0,0.018328154188056847,0.8207570711395293,0.7205046331226421,1.482240707392911,-0.10405181610081168
CUST-10191,1,0.0,3,4,0,1,0,0,1,1,0,0,0,0,0,1,0,0,0,0,-0.7473275867029557,-1.6818491006379361,-1.2481361507277167,1.4806514624382243,-0.07757428963837763
CUST-10192,1,0.0,4,4,0,1,0,1,1,0,0,0,0,0,0,0,1,0,0,0,-1.1556742890799936,-1.6818491006379361,-3.475515213204337,1.4790622174835375,0.6723360010918463
CUST-10193,1,0.0,3,3,0,0,1,0,1,1,0,1,0,0,0,1,0,0,1,0,0.5790553422389192,0.6711638752175288,0.9747430208497432,1.477472972528851,-0.10899016684542474
CUST-10194,1,0.0,1,4,0,1,1,1,1,1,0,1,1,0,0,0,0,0,0,0,-0.8688398461155299,0.33818702029467645,-0.436664104222132,1.475883727574164,-0.059269641756770235
CUST-10195,0,0.0,4,3,0,1,0,0,1,0,0,0,1,0,0,1,0,0,0,1,2.006312027092251,-0.857150611119708,0.8823835744039302,1.475883727574164,-0.11371814595505511
CUST-10196,1,0.0,4,1,0,0,0,0,1,1,1,0,1,0,0,0,1,0,1,0,0.3411135724050304,0.3466346360643892,0.778753732124619,1.4742944826194775,-0.10736388117463407
CUST-10197,0,0.0,5,2,0,1,1,0,1,1,0,0,0,0,0,1,0,0,1,0,0.5507546327143815,0.0981339388386661,-0.029467289791244876,1.4727052376647907,-0.08749719996936098
CUST-10198,1,1.0,3,2,1,1,1,0,1,0,1,0,0,0,0,0,0,0,1,0,0.13647399981081057,1.9083876014900736,1.0175249148696854,1.471115992710104,-0.10544086835502882
CUST-10199,1,1.0,3,1,1,0,1,1,1,0,1,0,0,1,1,0,0,0,0,0,-0.8574446150409456,1.346973136794566,-0.13416534412366313,1.4695267477554173,-0.06372305405673642
CUST-10200,1,0.0,3,1,0,0,1,0,1,0,0,0,0,0,0,0,0,1,0,0,-0.292693503039593,0.6190702446376326,0.4416242560427673,-0.8809665402262336,-0.09860755271225204
CUST-10201,1,0.0,1,2,0,1,1,0,1,1,1,0,0,0,0,0,0,0,0,0,-0.9511687937509021,0.041816500373913205,-0.7523310963063479,1.4663482578460438,-0.03835616884765762
CUST-10202,0,0.0,1,4,0,1,0,0,1,1,0,1,1,0,0,0,0,0,0,0,-0.7400699840117153,-0.6913661516390911,-0.5415176751592649,1.464759012891357,-0.07718056816266307
CUST-10203,0,0.0,2,3,0,1,0,0,1,0,0,0,0,0,0,1,0,0,0,0,-0.7119990578512516,-1.4217329317288578,-0.9253598364282791,1.464759012891357,-0.0808671574182658
CUST-10204,1,1.0,5,1,0,0,1,1,1,1,0,0,0,0,0,1,0,0,0,0,-0.9691405931398955,-0.15811040617596028,-0.883087623965548,1.4631697679366704,-0.031257914808853454
CUST-10205,0,1.0,5,3,0,1,1,1,1,1,0,0,1,0,0,1,0,0,0,0,-0.9021448588343566,-0.9458505767016943,-1.0164400368504074,1.4615805229819836,-0.05271487099080967
CUST-10206,0,0.0,3,3,0,1,0,0,1,0,0,0,0,0,0,1,0,0,1,0,0.6896518146690943,-0.8842533783808706,0.46725365169426514,1.459991278027297,-0.10966651538423221
CUST-10207,1,0.0,2,2,0,0,1,0,1,1,1,0,1,0,0,1,0,0,0,0,-0.9582685832191454,-1.5340158246679592,-1.5755498302707445,1.4584020330726102,-0.03983601478224149
CUST-10208,1,0.0,2,3,0,1,0,0,1,0,1,0,0,0,0,0,0,0,0,0,-1.1435027887670484,0.22555214336517013,-2.248239944608536,-1.702606181799265,0.5097971866340115
CUST-10209,1,0.0,2,1,0,1,1,0,1,1,0,0,0,1,0,1,0,1,0,0,0.01493083513821679,-0.43617775859567864,0.3280003920532944,1.4552235431632368,-0.10396576434247701
CUST-10210,0,1.0,5,2,0,0,1,1,1,1,0,1,0,0,1,0,0,0,1,0,0.09619022536236795,0.5268504391515992,0.6937088853610013,1.4536342982085502,-0.10499788927465939
CUST-10211,1,0.0,3,2,0,0,1,0,1,0,0,0,1,0,1,0,0,0,0,0,-0.694597585094864,0.44448618539689777,-0.06774737193609308,1.4536342982085502,-0.08100304061795369
CUST-10212,0,0.0,4,3,0,0,1,1,1,1,0,0,0,0,1,0,0,0,0,0,-1.026369827066505,0.20408111995048303,-1.023546642872722,1.4520450532538633,0.004544791341170797
CUST-10213,1,0.0,3,3,1,1,0,0,1,0,1,0,0,1,0,1,0,1,0,0,-0.1625525867657892,1.9083876014900736,0.8189635492497935,1.4504558082991768,-0.1012221380007039
CUST-10214,1,0.0,4,3,1,0,1,1,1,1,0,0,1,0,1,0,0,0,0,1,1.6687498879185254,0.8316685748420753,1.3255542775031666,1.44886656334449,-0.11253848685252414
CUST-10215,0,0.0,4,2,0,1,0,0,1,1,0,0,0,0,1,0,0,0,1,0,0.6643917835472348,-1.3692873171585567,0.14621037857758093,1.3995999697492019,-0.10957168414341671
CUST-10216,1,0.0,1,3,0,1,1,1,1,1,1,0,0,0,1,0,0,1,0,0,-0.007048727101809736,0.4462461053489212,0.6170038328568082,1.4456880734351165,-0.10390657683033487
CUST-10217,0,0.0,3,2,0,0,0,1,1,1,0,1,0,0,0,0,1,0,0,0,-0.7232950918113442,-0.09510527189351778,-0.2670869214088508,1.44409882848043,-0.07921494095606117
CUST-10218,0,1.0,5,2,0,0,1,0,1,1,0,1,1,0,1,0,0,1,0,0,-0.23978636555368776,-1.4548194268269001,-0.46325278749170695,1.442509583525743,-0.09929093435087769
CUST-10219,0,0.0,3,4,0,0,1,0,1,0,1,0,1,0,0,1,0,0,0,0,-1.063188293976669,-1.5392955845240301,-2.2397127708598465,1.253389433918024,0.07054265745944062
CUST-10220,0,1.0,3,3,0,0,1,0,0,0,1,0,0,0,0,1,0,0,1,0,0.1875991916622836,0.440614361502446,0.7184304472089683,1.4409203385710565,-0.10589100044427995
CUST-10221,1,1.0,3,1,1,0,0,1,0,0,1,0,1,0,0,1,0,0,1,0,0.374158902585488,0.6986186264690961,0.8894600548755179,1.4393310936163697,-0.10762663745746853
CUST-10222,0,1.0,3,1,0,1,1,1,1,0,1,0,0,1,1,0,0,0,0,1,2.428220944763088,-1.1429616113283299,0.8133927597267862,1.4377418486616829,-0.1144124002238482
CUST-10223,1,0.0,3,3,1,1,1,0,1,1,1,0,0,0,0,1,0,0,0,0,-0.8155916997812833,0.9865415306201465,-0.14484817555064622,1.4361526037069963,-0.06850153032997032
CUST-10224,1,0.0,2,3,0,1,1,0,1,1,1,0,0,0,0,1,0,0,0,0,-1.1558142855555749,0.26286244634806916,-2.196120144420879,1.4345633587523094,0.47661640141923045
CUST-10225,0,0.0,3,3,1,1,1,1,1,0,1,0,1,0,1,0,0,1,0,0,-0.2299630028643955,1.2248346921241329,0.6372958667764614,1.4329741137976229,-0.10003019003444921
CUST-10226,0,0.0,1,2,1,1,0,1,1,1,1,0,1,0,0,1,0,0,1,0,0.2966621617952216,1.1125517991850316,0.9454952373763086,1.431384868842936,-0.10695620832683157
CUST-10227,1,0.0,3,2,0,1,0,0,1,1,1,0,0,0,1,0,0,0,1,0,0.700248188378663,-0.20527626089019088,0.7584466212536224,1.431384868842936,-0.10962491409444329
CUST-10228,1,0.0,2,1,1,1,1,1,1,0,1,0,0,0,1,0,0,0,0,0,-0.9193300803267882,1.6891015754679413,-0.2308842682576451,1.4297956238882494,-0.050206882362879804
CUST-10229,1,0.0,1,3,0,0,0,0,1,1,0,1,0,0,0,1,0,0,0,0,-0.8133864444772078,-1.2249738810926265,-1.031007508351808,1.4282063789335626,-0.06530053067940257
CUST-10230,1,1.0,4,3,1,0,0,0,1,1,0,0,1,0,0,1,0,1,0,0,-0.31428676529333177,2.8590963595731864,0.6947980726219237,1.426617133978876,-0.09310935612498634
CUST-10231,0,0.0,4,3,0,0,1,1,1,1,0,1,1,0,0,0,0,0,0,0,-0.6956989563696486,-0.9659136641547623,-0.604133447749488,-1.2703315541244786,-0.0813104648106018
CUST-10232,1,0.0,4,3,0,0,0,1,1,1,1,0,0,0,0,1,0,0,1,0,1.1897405225348725,-0.08876956006623307,0.9801141018091786,1.4234386440695026,-0.1117281475991698
CUST-10233,0,0.0,2,3,0,0,1,0,1,1,0,0,0,0,1,0,0,1,0,0,-0.40643505040231637,-0.6371606171167663,-0.08849078163033412,1.4218493991148158,-0.09545346073624689
CUST-10234,0,1.0,3,1,0,1,0,1,0,1,1,0,0,0,0,1,0,0,1,0,0.7540361106702977,-0.435825774605274,0.6947133503495869,1.4202601541601292,-0.10993349834693612
CUST-10235,1,1.0,1,3,1,0,1,0,1,1,1,0,0,1,0,0,1,0,1,0,0.14941107273017915,1.9083876014900736,1.0249471280907558,1.4202601541601292,-0.10557814240561868
CUST-10236,0,0.0,3,2,0,1,0,0,1,1,0,1,0,0,0,0,1,0,1,0,0.6048129743889028,-0.5266376441296883,0.5892973091473831,1.4186709092054424,-0.10903461954168965
CUST-10237,1,0.0,1,2,1,1,0,1,1,1,1,0,1,0,0,0,0,0,0,0,-0.6919718579051415,0.8605312620552615,0.045627290201484386,1.4170816642507558,-0.08135286542347374
CUST-10238,0,0.0,4,2,0,0,1,0,1,1,1,0,0,1,0,0,1,0,1,0,0.9619966497361658,-0.2865845626736782,0.8301625457907293,1.415492419296069,-0.110866400178783
CUST-10239,1,0.0,1,3,1,1,1,1,1,1,0,0,0,1,0,1,0,0,0,0,-0.7923282077849729,0.950991147589271,-0.1146765075079371,1.4139031743413824,-0.07102036314028541
CUST-10240,1,0.0,1,2,0,1,1,0,1,0,0,0,1,0,1,0,0,1,0,0,-0.22866504403080895,-0.6125217377884367,0.07853883959357984,1.4123139293866955,-0.0999307635904393
CUST-10241,0,0.0,5,2,0,1,1,1,1,0,1,0,0,0,0,0,1,0,0,0,-0.8887236907922621,0.23223983918285948,-0.4872622589020193,1.4107246844320087,-0.05768288042906019
CUST-10242,1,0.0,2,3,0,0,0,0,1,1,1,0,0,1,0,1,0,1,0,0,-0.4023931691219459,0.625757940455322,0.3445546384678337,1.4091354394773221,-0.09569535224148183
CUST-10243,0,0.0,1,2,0,1,0,0,1,1,1,0,0,1,1,0,0,0,0,0,-0.7178089443324339,-0.8001292046741456,-0.5532135787260068,1.4091354394773221,-0.07940259415158786
CUST-10244,1,0.0,2,4,1,1,0,0,1,1,1,0,1,0,0,0,0,0,0,0,-0.8052979225612394,1.9083876014900736,0.0583023717650791,1.4075461945226353,-0.06959785884092662
CUST-10245,1,1.0,4,3,0,0,0,0,1,0,1,0,0,0,0,0,1,0,0,1,2.428220944763088,0.6810194269488608,1.3255542775031666,1.4059569495679487,-0.1128732880385568
CUST-10246,1,0.0,3,3,0,1,0,1,1,1,1,0,0,0,0,0,0,0,0,0,-0.9685050400181937,-0.2767290109423464,-0.8548709321595122,1.4043677046132619,-0.03915913276866088
CUST-10247,1,0.0,4,3,0,0,0,0,1,1,0,1,1,0,0,0,1,0,1,0,0.6827017573536198,-0.7744343733746019,0.5198185917815764,1.4011892147038885,-0.10962099064276314
CUST-10248,0,1.0,3,0,0,0,1,0,0,1,0,0,0,0,0,0,0,0,0,1,2.428220944763088,0.05871173191333927,1.3255542775031666,1.4011892147038885,-0.11425629854534596
CUST-10249,1,0.0,1,2,0,0,0,0,1,1,0,0,0,1,1,0,0,0,0,0,-1.154043141768394,-1.3221214624443258,-3.1582389129014654,1.3995999697492019,0.6974311153481857
CUST-10250,0,0.0,1,1,1,1,1,1,1,1,0,0,0,1,0,0,0,0,1,0,0.2652479602157843,1.8439745312460123,1.078714139147783,1.3964214798398285,-0.10673166986536617
CUST-10251,0,0.0,3,1,0,1,1,0,1,0,0,0,1,0,0,0,0,0,0,0,-0.8276974896014025,0.4173834181357355,-0.2849520671186021,1.398010724794515,-0.06872576645710801
CUST-10252,1,0.0,4,3,0,0,0,1,1,1,1,0,0,0,0,0,0,0,0,0,-1.1285239382316246,-0.13100763891479775,-2.1277474652053208,1.3964214798398285,0.34199249544683097
CUST-10253,1,0.0,4,2,1,1,1,0,1,1,1,0,1,0,0,0,0,1,0,0,-0.5583198001227584,1.0664418964420148,0.27891311989614465,1.3948322348851416,-0.0896450903954369
CUST-10254,0,1.0,5,3,0,1,0,1,1,0,1,0,1,0,0,1,0,0,0,1,2.1117261499217443,-0.8001292046741456,0.9353396477070666,1.393242989930455,-0.1138983745288111
CUST-10255,0,0.0,2,2,0,0,0,0,1,0,1,0,1,0,0,0,1,0,0,0,-1.163981662634819,-1.2587643441714786,-2.8765603875421943,1.3916537449757682,0.47986071029309135
CUST-10256,1,0.0,4,2,0,0,1,1,1,1,0,0,0,0,0,0,0,1,0,0,-0.112563516635715,-0.17535762170579097,0.34292768739796486,1.3900645000210816,-0.10215084857553945
CUST-10257,0,1.0,4,4,0,0,0,0,1,1,0,1,0,0,0,0,1,1,0,0,-0.3415844021873084,0.09672600287704755,0.2572774321434775,1.3884752550663948,-0.09759795536273425
CUST-10258,0,1.0,4,2,0,0,1,0,1,1,0,0,0,0,0,0,1,0,0,1,1.306137648492858,0.5222746472763382,1.1955518396515485,1.3868860101117082,-0.11204652597693895
CUST-10259,1,0.0,3,4,0,1,0,1,1,1,0,0,0,1,1,0,0,0,0,0,-1.0727318537770607,-1.597020958950402,-2.143142915450455,1.3868860101117082,0.03536515361364234
CUST-10260,0,0.0,4,1,0,0,1,0,1,1,0,0,0,0,0,1,0,0,1,0,0.1973009461986573,-0.5199499483119989,0.4083619829515325,1.3852967651570214,-0.10615540294526313
CUST-10261,0,0.0,3,2,0,1,0,1,1,1,0,0,1,0,0,0,0,0,1,0,0.19196657462961153,-1.6818491006379361,-0.4136731449883607,1.3837075202023348,-0.10557401658611626
CUST-10262,1,0.0,3,3,0,1,0,0,1,1,1,0,0,1,0,0,1,0,1,0,0.1512157524954859,-1.2865710794134504,-0.039723289876513905,1.3805290302929611,-0.10569055106851581
CUST-10263,1,0.0,2,3,1,0,1,0,1,0,1,0,0,0,0,0,1,0,0,1,2.2516214309691254,0.7172737779605456,1.3255542775031666,1.3805290302929611,-0.11279271672509567
CUST-10264,0,0.0,4,3,1,0,1,0,1,1,0,0,0,1,0,0,1,0,1,0,0.9040237195472052,0.9766859788888147,1.176839989184239,1.3789397853382745,-0.11063075865045796
CUST-10265,0,0.0,4,3,0,0,0,0,1,1,1,0,0,0,0,1,0,0,0,0,-1.1266621093204565,-1.243981016574481,-2.5204083097855805,1.3773505403835877,0.26043196281896525
CUST-10266,1,0.0,2,4,0,0,1,1,1,1,1,0,0,1,0,0,1,1,0,0,-0.41253558090205983,-0.3809162721021397,0.00666232585482943,1.3757612954289011,-0.09505053639891782
CUST-10267,0,0.0,3,2,0,0,0,0,1,0,0,0,0,0,0,0,1,1,0,0,-0.5682174854106835,-0.010981098186792826,-0.022529115925996258,1.3757612954289011,-0.08922411554242221
CUST-10268,1,0.0,3,2,1,1,0,1,1,1,1,0,1,0,0,0,1,0,0,0,-0.7318806221289423,1.100232359520867,0.03567690326498972,1.3741720504742143,-0.07792887327202111
CUST-10269,1,0.0,4,2,1,1,1,0,1,1,0,1,1,0,0,0,0,1,0,0,-0.45659786854422846,1.5764666985384348,1.3255542775031666,1.3725828055195277,-0.11088325482064303
CUST-10270,1,0.0,4,1,0,0,1,0,1,0,1,0,0,0,0,0,1,0,0,0,-0.5953814230450918,0.12347678614780545,-0.01970725199277534,1.370993560564841,-0.0875748609346067
CUST-10271,1,0.0,3,3,0,0,1,0,1,1,1,0,1,0,1,0,0,1,0,0,-0.49752902347368616,-0.3133353459444359,-0.04685973139033014,1.3694043156101543,-0.09234204608122445
CUST-10272,0,1.0,4,1,0,0,1,1,1,0,0,0,0,0,0,0,0,0,0,1,2.428220944763088,-1.5625265278907405,0.4837363186678609,1.7460553698709056,-0.11445393860057641
CUST-10273,0,0.0,2,2,0,0,0,0,1,0,0,0,0,1,0,1,0,0,0,0,-1.066638435917014,0.07595894744316972,-1.2350180966917863,1.3662258257007809,0.036120094120577956
CUST-10274,1,0.0,2,3,1,0,0,0,1,1,0,0,1,0,0,1,0,0,0,1,1.8920779250661786,1.9083876014900736,1.3255542775031666,1.364636580746094,-0.1101455970673047
CUST-10275,1,0.0,2,3,1,0,1,1,1,0,0,1,0,0,0,1,0,1,0,0,-0.391548188379084,1.324446161408665,0.5139594934907368,1.364636580746094,-0.09593946438774564
CUST-10276,0,0.0,1,4,0,0,1,0,1,1,0,0,1,0,1,0,0,1,0,0,-0.0031368249431532177,0.146707729514516,0.5166944055470118,1.3614580908367206,-0.10363085537135268
CUST-10277,0,0.0,4,2,0,0,1,0,0,0,0,0,0,0,1,0,0,0,1,0,0.9532316663349099,0.2822215658203279,1.013627561375689,1.3614580908367206,-0.11082150207976647
CUST-10278,1,0.0,2,3,0,0,1,0,1,1,0,0,0,0,0,1,0,0,0,0,-0.6408377692573254,-0.7652827896240796,-0.4299287094245882,1.359868845882034,-0.08464056632082034
CUST-10279,1,0.0,3,4,0,0,1,0,1,0,0,1,0,0,0,0,0,1,0,0,-0.5015712339940348,-0.4150587191713962,-0.07464639907127835,1.3582796009273472,-0.09276016189166914
CUST-10280,0,0.0,5,1,0,1,1,0,1,1,0,0,0,0,0,1,0,1,0,0,-0.5448994129269162,0.11784504230132976,0.03273670733707551,1.3566903559726606,-0.08977949035908032
CUST-10281,1,1.0,4,2,0,1,0,1,1,0,0,0,0,0,1,0,0,0,0,0,-0.6137143993872655,0.12101289821497224,-0.043566324265115426,1.3551011110179738,-0.0865865419731778
CUST-10282,0,0.0,2,3,1,1,1,0,1,0,1,0,0,0,0,0,1,0,0,1,1.9441777311691701,1.0291315934591159,1.3255542775031666,1.3519226211086004,-0.11209964698017758
CUST-10283,1,1.0,1,2,1,1,0,1,0,1,1,0,0,1,0,1,0,0,1,0,0.944393650579836,0.9777419308600288,1.1922469263775188,1.493365422075718,-0.11080702336885645
CUST-10284,1,0.0,4,1,0,0,0,1,1,1,0,0,0,0,0,1,0,0,0,0,-1.0394684846398115,0.5117151275641967,-0.999010908412959,1.3519226211086004,0.015261428828158802
CUST-10285,0,0.0,4,2,1,1,0,0,1,1,0,0,0,1,0,0,0,0,1,0,0.4119434938353325,2.8590963595731864,1.3255542775031666,1.3503333761539136,-0.10803275126479482
CUST-10286,0,0.0,2,3,0,0,1,0,1,1,0,1,0,0,1,0,0,1,0,0,-0.5069462438856841,-1.0532056937751297,-0.3998313356382463,1.348744131199227,-0.09222712324424392
CUST-10287,1,0.0,3,3,0,0,1,1,1,1,0,0,0,1,0,0,1,0,0,0,-1.0533424398583566,-0.9757692158860942,-1.6471742181850524,1.3471548862445402,0.030636856002192264
CUST-10288,0,0.0,5,2,0,1,1,1,1,1,1,0,1,0,0,1,0,1,0,0,-0.017899835352344892,0.21076881576817239,0.5404773715316089,1.3455656412898536,-0.10372094961373228
CUST-10289,1,0.0,2,0,0,0,0,0,0,1,0,0,0,0,1,0,0,0,0,0,-0.9917267405048114,-1.6818491006379361,-1.8919279164846663,1.2502109440086506,-0.021452804193751573
CUST-10290,1,1.0,4,1,0,1,1,0,1,0,0,0,0,0,1,0,0,1,0,0,-0.2899142492476559,-0.044771561265644466,0.26169206656209687,1.3423871513804801,-0.0990045216191663
CUST-10291,1,0.0,2,2,1,1,1,1,1,0,1,0,0,0,0,1,0,0,0,0,-1.1694979540213573,1.4494004780023357,-2.7543826685834634,1.3407979064257933,1.6982400385916934
CUST-10292,1,0.0,3,2,0,0,1,0,1,0,1,0,0,0,0,1,0,0,0,0,-0.7205894578639194,0.6658841153614586,-0.050306881049974606,1.3407979064257933,-0.07885867259250133
CUST-10293,0,0.0,3,2,0,1,1,0,1,1,0,1,0,0,0,0,0,0,1,0,0.18104685382657848,-0.40837102335370684,0.4374258065459853,1.3392086614711067,-0.10585842612626675
CUST-10294,0,0.0,3,4,0,1,0,0,1,1,1,0,0,0,0,1,0,1,0,0,-0.3827218209470135,-0.7754903253458161,-0.1501836995228536,1.33761941651642,-0.09556523547188775
CUST-10295,1,0.0,2,2,1,0,1,1,1,1,0,1,0,0,0,1,0,0,0,1,2.428220944763088,0.8126614393602214,1.3255542775031666,1.3360301715617333,-0.1125807281236591
CUST-10296,0,0.0,2,3,0,0,0,1,1,0,0,1,1,0,0,1,0,0,0,1,1.3129896206907414,0.2850374377435655,1.132748782327507,0.6685472905933131,-0.11207993472438876
CUST-10297,1,0.0,4,3,0,1,0,1,1,0,0,1,0,0,0,1,0,0,0,0,-0.6434519495579465,-0.2985520183474384,-0.2349410322778023,1.33285168165236,-0.08442951643636239
CUST-10298,1,0.0,2,0,0,0,1,1,0,1,1,0,1,0,1,0,0,0,1,0,0.7931271120941865,-0.6600395764930722,0.6146422459854336,1.331262436697673,-0.1101369065294041
CUST-10299,0,0.0,4,4,0,1,1,1,1,0,0,0,0,0,0,1,0,0,1,0,1.0678503737438747,0.04252046835472247,0.9838139799715699,1.3296731917429865,-0.11130820812987374
CUST-10300,0,1.0,5,3,0,1,0,1,1,0,1,0,0,0,1,0,0,0,0,1,1.7330877102292812,-0.3580373127258338,1.0371367170378543,1.3296731917429865,-0.11316897691855488
CUST-10301,0,1.0,4,1,1,0,1,1,0,1,1,0,0,0,0,0,0,0,1,0,0.887421944080007,0.7901344639743202,1.1277149426344795,1.3280839467882997,-0.11057309845486481
CUST-10302,1,1.0,2,3,1,0,0,0,1,1,1,0,0,0,0,0,1,0,0,0,-1.0136252783151258,1.2727045148191731,-0.6668436816070396,1.3264947018336128,-0.009143221477496296
CUST-10303,0,0.0,4,2,0,0,0,0,1,1,0,0,0,0,1,0,0,0,0,1,2.428220944763088,-1.4819221940880627,0.5496321013680332,1.3249054568789262,-0.11437823452281691
CUST-10304,0,0.0,4,4,0,0,1,1,1,1,1,0,0,1,0,0,0,0,0,0,-0.8185351496713028,-1.3323289981660624,-1.0972828836214616,-1.3895249257259823,-0.06617355722873285
CUST-10305,0,0.0,2,3,1,1,0,1,1,1,1,0,0,0,1,0,0,0,1,0,0.37026843615897503,1.3853393917486794,1.0387364263624017,1.3217269669695528,-0.10752651282841637
CUST-10306,0,1.0,3,3,0,0,0,0,1,1,1,0,0,0,0,0,1,0,0,1,1.690520758928769,0.13685217778318415,1.1954947505863889,1.320137722014866,-0.11306280791184711
CUST-10307,0,0.0,2,4,0,1,1,0,1,1,0,0,0,0,0,0,1,0,0,0,-0.8550991414067126,-1.233069512871935,-1.031007508351808,1.3185484770601794,-0.0657031570051505
CUST-10308,1,0.0,3,2,1,0,0,1,1,1,1,0,0,1,0,1,0,0,0,1,1.693448183308042,1.00026890624593,1.3255542775031666,1.3185484770601794,-0.11216379113264179
CUST-10309,1,1.0,4,2,0,1,0,1,1,1,0,0,1,0,0,0,1,0,0,0,-0.7330400160426411,0.3244596446688928,-0.13821014441573787,1.3169592321054926,-0.07908947778160555
CUST-10310,0,0.0,5,2,1,1,1,1,1,1,0,1,1,0,0,0,0,0,0,1,2.428220944763088,1.9083876014900736,1.3255542775031666,1.315369987150806,-0.1101455970673047
CUST-10311,1,0.0,4,3,0,1,0,1,1,1,1,0,0,1,1,0,0,0,0,0,-0.7811942695516748,-0.2865845626736782,-0.4448786450896058,1.3137807421961192,-0.07295618554943242
CUST-10312,0,0.0,3,2,1,1,1,1,1,1,0,0,0,0,0,0,0,0,0,1,2.428220944763088,1.1326148866380996,1.3255542775031666,1.3121914972414326,-0.11186966672622058
CUST-10313,1,0.0,2,1,0,0,1,0,1,1,0,0,0,0,0,1,0,0,0,0,-1.1120531207071807,-1.5681582717372158,-2.394377854188603,1.3090130073320592,0.1048858910451492
CUST-10314,0,0.0,3,2,1,0,0,1,1,0,1,0,0,0,0,1,0,0,1,0,0.3068795062677389,1.436025086366957,1.0211013419530819,1.3090130073320592,-0.10707568544669932
CUST-10315,0,1.0,3,2,1,0,1,0,1,0,0,0,1,0,1,0,0,1,0,0,-0.26515161483191796,0.9587347953781744,0.555134346823385,1.3074237623773723,-0.09943173217873948
CUST-10316,0,0.0,5,2,1,1,1,1,1,1,1,0,1,0,0,0,1,1,0,0,-0.39699336227055243,1.6560150803698988,0.5780211049126621,1.3074237623773723,-0.09587594024467941
CUST-10317,1,0.0,2,1,1,1,1,1,1,1,1,0,0,0,0,1,0,0,0,0,-0.8741251302066841,1.1347267905805278,-0.23255943436561716,1.3058345174226857,-0.05967202321574734
CUST-10318,0,0.0,2,2,0,1,1,0,1,0,0,0,0,0,1,0,0,0,1,0,0.2917738479298959,-0.14262311059815325,0.5965941087281894,1.304245272467999,-0.10690306336465119
CUST-10319,1,0.0,4,1,0,1,0,0,1,0,1,0,0,0,1,0,0,0,0,0,-0.9236899910487755,-0.34459152429237405,-1.2727999680824673,-1.4912366028259318,0.015301095971242367
CUST-10320,0,1.0,5,4,0,0,1,0,1,1,0,0,0,1,1,0,0,1,0,0,-0.21067247008573875,-0.6737669521188557,0.07666835152921873,1.3010667825586255,-0.10058907091217957
CUST-10321,1,0.0,1,3,0,0,1,0,0,0,0,1,0,0,0,1,0,0,0,0,-0.8271606407697752,-1.6818491006379361,-1.5099089470181222,1.299477537603939,-0.060272762592148914
CUST-10322,0,0.0,4,2,0,0,1,0,1,1,0,0,0,0,0,0,1,0,0,1,2.428220944763088,-1.0106156309361602,0.8910909693102751,1.297888292649252,-0.11438944572888811
CUST-10323,1,0.0,3,2,0,1,1,0,1,0,1,0,0,0,1,0,0,0,0,0,-1.1432877147366691,0.4117516742892603,-2.06911344012704,1.2962990476945653,0.4137872782122303
CUST-10324,1,0.0,4,1,0,1,1,0,1,1,1,0,0,0,1,0,0,0,0,0,-0.9103665699951603,-0.08841757607582819,-0.6448843564533172,1.2962990476945653,-0.0529742723755246
CUST-10325,1,1.0,2,2,0,0,0,0,1,1,0,1,0,1,0,1,0,0,0,0,-0.8446360340415614,-0.27426512300951345,-0.5706628875660587,-1.4149528450009696,-0.06421747159043839
CUST-10326,0,1.0,2,1,0,0,1,1,1,0,0,0,1,0,0,0,1,1,0,0,-0.5356016763768612,-0.8754537786207529,-0.35976043604446595,1.2915313128305053,-0.08998539475199113
CUST-10327,1,0.0,5,2,0,0,1,0,1,1,1,0,0,0,1,0,0,0,0,0,-0.8597408611901236,-1.6818491006379361,-1.5432167660275429,1.2915313128305053,-0.057611444555268135
CUST-10328,0,0.0,3,3,0,1,1,0,1,1,1,0,0,0,0,1,0,1,0,0,-0.17158340058937602,0.15550732927463365,0.408884389643384,1.2899420678758184,-0.1011355917231393
CUST-10329,0,0.0,5,4,0,1,0,1,1,1,1,0,0,0,0,1,0,0,0,1,1.2974471768971814,0.36212193164219625,1.1510384430485798,1.2883528229211318,-0.11204190921191082
CUST-10330,0,0.0,5,2,0,1,1,1,1,0,0,0,1,0,0,0,1,0,1,0,0.3184775913674923,-1.085236236901958,0.18102160685499824,1.286763577966445,-0.10716239293660457
CUST-10331,0,0.0,3,4,0,0,1,0,1,1,1,0,1,0,1,0,0,1,0,0,-0.135457700467111,-0.6012582500954861,0.155666538595424,1.2851743330117584,-0.101709572578138
CUST-10332,1,0.0,2,2,1,1,1,1,1,0,0,0,1,0,0,1,0,0,0,0,-1.066150018272033,1.5901940741642184,-0.8958868108718162,1.2851743330117584,0.043001397495006206
CUST-10333,0,0.0,4,2,1,1,1,0,1,0,1,0,1,0,0,1,0,0,1,0,0.24530235122111524,1.1861164531796153,0.9373913062825436,1.2835850880570716,-0.10654827693248531
CUST-10334,0,0.0,2,4,0,1,1,1,1,1,1,0,0,0,1,0,0,0,0,0,-0.9593962418615143,-1.6054685747201147,-1.7696781860042328,1.281995843102385,-0.025994466407024575
CUST-10335,0,1.0,1,3,0,1,1,0,1,1,0,0,0,1,0,1,0,0,1,0,0.6772962699696611,-0.12748779901075089,0.7754128312287425,1.2804065981476982,-0.10948700130477243
CUST-10336,1,0.0,3,3,1,0,1,0,1,1,0,0,0,0,0,1,0,1,0,0,-0.31247222551653003,1.49832625266859,0.623504648126372,1.2772281082383248,-0.09813795787352185
CUST-10337,1,0.0,3,2,0,0,0,0,1,0,1,0,0,0,0,0,0,1,0,0,-0.5294702186898097,-0.2665214752206099,-0.06046160600832584,1.2772281082383248,-0.09120256294059016
CUST-10338,0,1.0,1,3,0,0,0,0,0,0,0,0,1,0,1,0,0,0,0,0,-0.6594761367962189,-0.32213494570455353,-0.264406542781179,1.2756388632836382,-0.0834651913340926
CUST-10339,1,0.0,2,3,1,1,1,0,1,1,0,0,0,0,0,0,1,0,1,0,1.1751987753724051,1.115719655098674,1.3001417850303874,1.2740496183289514,-0.111647305880855
CUST-10340,0,0.0,3,3,1,0,0,0,1,0,0,0,1,0,1,0,0,0,0,0,-1.0155612117576185,1.004140730140382,0.2007395412468309,1.2740496183289514,-0.0870094955736343
CUST-10341,1,1.0,4,2,1,0,1,0,1,1,0,1,0,1,0,1,0,1,0,0,-0.17575019251111548,0.9495832116276524,0.6168813819197174,1.2724603733742648,-0.10105562764904921
CUST-10342,0,1.0,5,2,0,1,1,1,1,1,1,0,0,1,1,0,0,0,0,0,-0.994012865826454,-0.31474328190605466,-1.0253604764922057,1.270871128419578,-0.02076965407325728
CUST-10343,1,0.0,3,4,0,1,1,0,1,1,1,0,0,0,1,0,0,0,1,0,0.28851182005598586,0.6620122914670068,0.8346752604637421,1.2692818834648911,-0.1068899523343655
CUST-10344,1,0.0,3,2,1,1,1,0,1,0,0,0,0,1,0,0,1,0,0,1,1.6524792468721974,1.5402123475267506,1.3255542775031666,1.2676926385102045,-0.11096382613410415
CUST-10345,0,0.0,4,3,0,0,0,0,1,1,1,0,0,1,1,0,0,1,0,0,-0.492704238449254,-0.09088146400866114,0.031156268358909837,1.2661033935555177,-0.09227496156994519
CUST-10346,0,1.0,2,3,0,0,1,0,1,0,1,0,1,0,0,1,0,1,0,0,-0.373240656343693,-0.46398449383765045,0.010268688429839211,1.2645141486008311,-0.0962129849786651
CUST-10347,0,0.0,3,2,1,1,1,0,1,1,1,0,1,0,0,1,0,0,0,1,1.9751391094831718,1.2607370591454128,1.3255542775031666,1.2629249036461443,-0.11158492926894045
CUST-10348,1,0.0,2,3,1,1,1,1,1,0,0,0,0,1,1,0,0,1,0,0,-0.29338728265634567,1.9083876014900736,0.7148445051249348,1.2629249036461443,-0.09852684979363407
CUST-10349,1,0.0,2,3,1,0,0,1,1,1,0,1,0,1,0,1,0,1,0,0,-0.3743997693091626,1.9083876014900736,0.6446518833057984,1.2613356586914577,-0.09648932464816652
CUST-10350,0,0.0,1,3,0,0,0,0,1,1,1,0,0,0,0,1,0,1,0,0,-0.140121915160487,-0.43371387066284567,0.2258207649860334,1.2597464137367709,-0.10169660469826303
CUST-10351,1,0.0,3,2,0,0,1,0,1,1,1,0,0,1,0,0,1,0,1,0,0.22673759763861234,-0.32741470556062435,0.5010296119771669,1.2581571687820843,-0.10642495106301873
CUST-10352,0,0.0,3,3,0,0,1,0,1,1,1,0,0,1,0,1,0,0,0,0,-0.6289784954673732,-1.1246584438272853,1.3255542775031666,1.2565679238273975,-0.11688620879637823
CUST-10353,1,1.0,2,3,0,1,0,1,1,0,1,0,0,0,1,0,0,0,1,0,0.8906642466177408,0.08651846715531084,0.9359696635325057,1.2549786788727109,-0.11060904950375469
CUST-10354,0,0.0,3,2,0,1,0,0,1,1,0,0,1,0,1,0,0,1,0,0,-0.49079471734719227,0.3788763695854607,-0.4775532146816567,1.442509583525743,-0.05495523332123681
CUST-10355,1,0.0,4,3,0,0,1,0,1,0,0,0,0,0,0,0,1,0,0,0,-1.087928891951882,-0.5942185702873921,-1.6057167335098814,1.2518001889633374,0.06314064319244184
CUST-10356,0,0.0,3,2,1,1,1,0,1,1,1,0,0,0,0,0,1,0,1,0,0.676257289712123,0.7021384663731435,1.0255719321704433,1.393242989930455,-0.10957149946642471
CUST-10357,0,0.0,5,2,0,0,1,1,1,1,0,1,1,0,0,0,0,0,0,0,-0.6094406559407426,0.373737403325552,0.04054477044827736,1.2502109440086506,-0.08698742109880808
CUST-10358,0,0.0,2,2,0,1,0,1,1,1,0,0,0,1,0,1,0,0,0,0,-1.0510594456554987,-1.6818491006379361,-2.2520009532309544,1.248621699053964,0.038166115472746585
CUST-10359,1,0.0,1,1,1,0,0,1,1,1,1,0,0,0,0,1,0,0,1,0,0.029366192677656264,1.6201127133486188,0.897063720416183,1.2470324540992772,-0.10414172129439665
CUST-10360,0,0.0,3,3,0,1,0,1,1,1,0,1,0,1,0,1,0,0,0,1,1.3719682813592518,-1.185903658157704,0.5191966408843497,1.2454432091445906,-0.11226158158853691
CUST-10361,0,0.0,3,3,1,0,1,1,1,1,0,0,1,0,0,0,1,0,0,1,1.4509482156036118,2.8590963595731864,0.6245816712640474,1.2438539641899038,-0.090545432048984
CUST-10362,0,0.0,2,1,0,0,0,1,1,1,0,0,0,1,0,0,0,0,0,1,2.428220944763088,-1.3464083577822505,0.669465214918298,1.242264719235217,-0.11441625608742455
CUST-10363,1,0.0,2,2,0,0,0,0,1,1,0,1,0,1,1,0,0,0,0,1,1.2533957569691738,-0.7364201024108936,0.7388119901323125,1.2406754742805304,-0.11192426408421827
CUST-10364,1,0.0,4,2,0,1,0,0,1,1,0,0,0,1,0,0,0,0,0,0,-1.1756323980154486,-0.9849207996366167,-5.0900423065271,1.2406754742805304,13.865657867661373
CUST-10365,1,0.0,2,3,0,1,1,0,1,1,0,0,0,1,0,0,0,0,0,0,-0.6030736321069884,-0.959225968337073,-0.4549848088601779,-1.1813338366620225,-0.08798036652933405
CUST-10366,0,0.0,3,2,0,0,0,1,1,0,1,0,0,1,0,1,0,0,1,0,0.8735302375854497,-1.6818491006379361,-0.08621734802222762,1.237496984371157,-0.11046950340442394
CUST-10367,1,1.0,3,0,0,1,1,0,0,1,1,0,0,0,1,0,0,0,0,0,-0.6299047333616986,0.09918989080988026,-0.05993318464836907,1.2359077394164701,-0.08616915742250837
CUST-10368,0,0.0,4,2,0,1,0,0,1,0,0,1,0,0,1,0,0,1,0,0,-0.07203326942299057,0.20689699187372063,0.4964596864171695,1.2343184944617835,-0.10280151252683171
CUST-10369,1,0.0,3,2,1,1,1,1,0,1,1,0,0,0,1,0,0,1,0,0,-0.05755992396854204,1.9083876014900736,0.8955332465708682,1.2327292495070967,-0.10298097804842173
CUST-10370,1,1.0,3,3,0,1,1,0,1,1,1,0,0,1,0,1,0,0,0,0,-0.6322312863227678,0.4754607765525123,0.025255781405493095,1.2311400045524101,-0.08506832341829883
CUST-10371,0,1.0,3,2,0,1,1,1,1,0,1,0,0,0,0,0,0,0,0,1,1.6448515666209513,-0.5625400111509685,0.926857384666259,1.2295507595977233,-0.1129416438677255
CUST-10372,1,1.0,4,2,0,1,1,1,1,1,1,0,0,0,0,0,0,1,0,0,-0.3371596006384492,-1.3059301988857093,-0.3877258865448975,1.2279615146430367,-0.0980402010207732
CUST-10373,1,0.0,4,2,0,0,0,0,1,1,0,0,0,1,0,1,0,1,0,0,-0.42676681367844715,-0.1398072386749154,0.0842463966088224,1.2279615146430367,-0.09467723657995525
CUST-10374,0,1.0,4,3,0,1,0,0,1,0,0,0,1,0,0,1,0,0,0,1,2.428220944763088,0.4356865856367801,1.3255542775031666,1.22637226968835,-0.11341851333450254
CUST-10375,0,0.0,4,3,0,1,0,0,1,1,0,0,0,1,0,1,0,1,0,0,-0.360472923441168,-0.5695796909590625,-0.0031595651423834996,1.2247830247336633,-0.0971500784254095
CUST-10376,1,0.0,1,2,0,0,0,0,0,1,1,0,0,0,0,1,0,0,0,0,-0.9419883070972512,0.02632920479610618,-0.718138687785714,1.2231937797789765,-0.04244546755263228
CUST-10377,1,0.0,1,2,1,1,1,0,1,1,0,0,0,0,0,0,1,1,0,0,-0.3131060215815783,1.9083876014900736,0.6953908636008325,1.2216045348242899,-0.09798091887640052
CUST-10378,0,0.0,4,1,0,0,0,0,0,1,0,0,0,0,0,0,1,0,1,0,0.8439146357136784,-0.4435694223941775,0.7270521794702633,1.220015289869603,-0.11037220492396392
CUST-10379,0,0.0,2,2,0,1,1,1,1,1,1,0,0,0,1,0,0,0,1,0,0.6249547968002517,-1.6818491006379361,-0.18813182017517838,1.2184260449149165,-0.10916561259674612
CUST-10380,0,0.0,5,1,1,1,1,1,1,1,0,0,0,0,0,0,1,0,1,0,0.6898219480920448,0.884114189412377,1.0738882215280043,1.2168367999602296,-0.109622843626274
CUST-10381,1,0.0,3,4,0,0,0,0,1,0,1,0,0,0,0,0,1,0,1,0,0.3017292060900669,0.2938370375036832,0.7455008060280448,-0.3072491115843296,-0.10707048136305822
CUST-10382,0,0.0,3,2,0,0,1,0,1,1,0,0,0,0,0,0,0,0,0,0,-0.8255941217494214,-1.6818491006379361,-1.5585992014739787,1.2152475550055428,-0.0563423528049049
CUST-10383,0,0.0,4,2,0,0,1,0,1,0,0,0,1,0,0,1,0,0,1,0,1.2033705130017405,0.4135115942412837,1.137083750086782,1.2136583100508562,-0.11175633007722767
CUST-10384,0,0.0,4,2,0,0,0,1,0,1,1,0,0,0,1,0,0,0,0,1,1.5134856028324521,-1.0919239327196475,0.6143626740742546,1.2120690650961694,-0.11258564248203762
CUST-10385,1,1.0,4,2,0,0,0,0,1,1,1,0,0,0,1,0,0,0,0,0,-0.9187129963423871,0.42794293784787657,-0.5297030793834399,1.2104798201414828,-0.049097444326377825
CUST-10386,1,0.0,4,2,1,1,1,1,1,1,1,0,1,0,0,0,1,1,0,0,0.0009735093911459537,1.9083876014900736,0.9350800017758527,1.208890575186796,-0.10382215893329068
CUST-10387,0,0.0,3,2,0,1,1,0,1,0,1,0,0,1,0,1,0,0,0,1,2.428220944763088,-0.22498736435285452,1.249764890617672,1.2073013302321094,-0.11439839725509673
CUST-10388,1,1.0,5,2,1,0,0,0,1,0,1,0,0,1,0,0,0,0,0,1,1.2590292002728307,1.1058641033673422,1.3255542775031666,1.2057120852774226,-0.11192911740411421
CUST-10389,0,1.0,5,2,0,0,0,0,1,1,1,0,0,0,0,0,0,0,0,1,1.5111489652636076,-1.3351448700892998,0.4531148664597143,1.2057120852774226,-0.11264762547579961
CUST-10390,0,0.0,3,4,0,1,1,1,1,1,1,0,1,0,1,0,0,0,0,1,1.4362891548395678,-1.642426893712609,0.15415003323750373,1.204122840322736,-0.11252109783285939
CUST-10391,1,0.0,4,3,1,1,0,0,1,0,1,0,0,1,0,0,0,1,0,0,-0.24029362247770797,1.9083876014900736,0.76383611865644,1.2025335953680492,-0.09984122557820396
CUST-10392,0,1.0,5,3,0,1,0,0,1,0,0,0,1,0,0,0,1,0,1,0,0.07153190740194951,0.28679735769558945,0.6114450887821404,1.2009443504133626,-0.1047004203420583
CUST-10393,1,0.0,4,3,0,0,0,0,1,0,1,0,0,0,0,1,0,1,0,0,-0.23061262190697598,0.6342055562250348,0.4986240552745974,1.1993551054586757,-0.10002286177991011
CUST-10394,1,0.0,3,2,1,1,0,0,1,1,1,0,0,0,0,0,0,0,0,0,-1.1150194592392286,1.1783728053907119,-1.352223845841949,1.1977658605039891,0.14589152206848896
CUST-10395,0,0.0,4,5,0,0,1,0,1,0,0,0,1,0,0,1,0,0,1,0,0.4668840165727686,-0.5952745222586062,0.5182069662208788,1.1961766155493023,-0.10844509974464
CUST-10396,1,0.0,2,3,1,0,1,0,1,0,0,0,1,0,0,0,1,1,0,0,-0.33205805327143,0.8330765108036944,0.46430415181602,1.1945873705946157,-0.09774316471090407
CUST-10397,1,0.0,1,2,0,1,1,0,1,1,0,0,0,0,0,0,1,0,1,0,0.07598475791484566,0.6732757791599572,0.7229548168555525,1.1945873705946157,-0.1048274077321145
CUST-10398,0,0.0,4,4,0,0,1,1,1,1,1,0,1,0,0,0,1,1,0,0,-0.3385829731486158,-1.4051896841798366,-0.47620588689798715,1.192998125639929,-0.09775473422133091
CUST-10399,1,0.0,3,1,1,0,0,0,0,1,0,0,0,0,0,0,0,1,0,0,-0.36447508255070377,1.5595714669990093,0.5932324872600564,1.1914088806852423,-0.09690889543998774
CUST-10400,1,0.0,2,1,1,1,1,0,1,1,0,0,0,1,0,1,0,0,0,0,-0.9516199202842893,1.3420453609289003,-0.45156903579572727,1.1898196357305555,-0.034823233466368855
CUST-10401,0,1.0,3,2,0,1,1,1,1,0,1,0,1,0,1,0,0,0,0,0,-0.7854456182369091,-1.3935742124964814,-1.0394488730465588,1.188230390775869,-0.07317237649180576
CUST-10402,1,0.0,2,1,0,0,1,1,1,0,1,0,0,0,1,0,0,0,0,0,-0.9702519173341312,0.17345851278527338,-0.7781269061245757,1.186641145821182,-0.03085657318992209
CUST-10403,0,0.0,5,3,0,0,1,0,1,1,0,0,0,0,0,0,0,0,0,0,-0.9164529232470527,0.46975863590795586,-0.7582662525843635,1.1850519008664953,-0.022865333838034636
CUST-10404,0,0.0,3,4,1,1,1,1,1,1,1,0,0,1,0,1,0,1,0,0,-0.35204520367584413,1.4596080137240723,1.3255542775031666,1.1834626559118087,-0.11114296041354686
CUST-10405,0,0.0,3,0,0,1,0,0,0,0,0,0,0,1,0,0,0,0,0,0,-0.9784264248106699,-1.5276801128406747,-1.6582513496690423,1.1834626559118087,-0.029930547792558337
CUST-10406,1,0.0,2,4,1,1,1,1,1,1,1,0,0,0,0,1,0,0,1,0,0.5816821169296806,1.9083876014900736,1.2385978786864777,1.1818734109571218,-0.10900486285039492
CUST-10407,1,0.0,4,3,0,1,1,0,1,1,1,0,0,1,0,0,1,1,0,0,-0.10465002062226618,-0.2211155404584028,0.3332640774546965,1.1802841660024352,-0.10230430822233666
CUST-10408,1,0.0,5,1,1,1,1,0,0,1,1,0,1,0,0,1,0,0,1,0,0.6227955909878827,0.7415606732984703,1.011036659747179,1.1786949210477484,-0.10924604373151427
CUST-10409,1,0.0,4,2,1,1,0,0,1,1,1,0,0,0,0,0,0,0,0,0,-0.9772040750735588,1.4268735026164345,-0.4966281211237596,1.175516431138375,-0.027551470885686786
CUST-10410,1,0.0,3,1,0,1,0,0,1,1,0,0,1,0,0,1,0,0,1,0,0.7193843089022302,-0.24505045180592283,0.7523394224293516,1.175516431138375,-0.10973304684538207
CUST-10411,0,0.0,4,3,0,1,1,0,1,0,1,0,0,0,1,0,0,0,1,0,0.6707611449504222,-0.15951834213757907,0.7661227322789441,1.1739271861836884,-0.10951203390203185
CUST-10412,0,1.0,2,3,0,1,0,0,1,1,0,0,1,0,1,0,0,0,0,0,-0.8525317418470064,-0.5688757229782533,-0.726087274114023,1.1723379412290016,-0.06143286503373843
CUST-10413,1,0.0,1,1,0,0,1,1,1,0,0,0,0,1,0,1,0,0,0,0,-0.7687424747639583,-0.9729533439628566,-0.727167827077745,1.1723379412290016,-0.0748110201035105
CUST-10414,0,0.0,3,1,0,0,1,1,1,0,1,0,0,0,0,1,0,0,0,1,2.164260571506834,0.24913507072228555,1.3255542775031666,1.1691594513196282,-0.11383310358823455
CUST-10415,1,0.0,2,3,0,1,1,1,1,0,1,0,0,1,0,1,0,0,1,0,0.9217112571658791,-0.18098936555226616,0.8511326950840326,1.1691594513196282,-0.11066405809259908
CUST-10416,1,1.0,2,2,0,1,1,0,1,1,0,0,0,0,0,0,1,0,1,0,0.2603435961322277,-0.5759154027863472,0.41667848618618397,1.1675702063649416,-0.10671375336987578
CUST-10417,1,1.0,3,1,0,1,1,1,1,1,0,0,0,0,0,1,0,0,0,0,-1.0750505615125416,-0.5143182044655236,-1.5082914533400849,1.1659809614102548,0.04857084626412901
CUST-10418,1,0.0,3,2,0,0,0,1,1,0,1,0,0,0,0,1,0,1,0,0,-0.5269613416935924,0.5704964539617827,0.19659519429353647,1.1643917164555682,-0.09110310748210798
CUST-10419,0,0.0,5,4,0,0,1,0,1,0,0,0,1,0,0,0,0,1,0,0,-0.19317848207881771,-0.8803815544864186,-0.015437656799088349,1.1628024715008813,-0.10083434387605633
CUST-10420,1,0.0,2,2,0,0,1,0,1,1,1,0,0,1,0,0,0,0,0,0,-0.9287278326127926,-0.29890400233784303,-0.81391010011746,1.1612132265461947,-0.044214256874289766
CUST-10421,1,1.0,3,3,1,0,1,0,1,1,0,0,0,0,0,1,0,1,0,0,-0.46339307538180285,0.9108649726831344,0.34551862652473603,1.1612132265461947,-0.0934178857992542
CUST-10422,1,1.0,3,1,0,1,1,1,0,1,0,0,0,0,0,0,1,1,0,0,-0.07360902740823508,0.22308825543233743,0.49198719732473456,1.159623981591508,-0.10259449212348132
CUST-10423,1,0.0,3,1,0,0,1,1,1,1,0,0,0,0,0,0,0,0,0,0,-0.7014751239328695,-1.146481451232377,-0.7149635227253688,1.1564454916821345,-0.08121354193347521
CUST-10424,1,0.0,2,2,0,1,1,1,1,1,1,0,0,0,0,1,0,0,1,0,0.6471634869936367,-0.06342671275709422,0.79133019123698,0.8783276246119595,-0.10940767946709659
CUST-10425,0,1.0,3,1,0,0,0,1,1,1,0,0,1,0,1,0,0,0,1,0,1.0281992538085454,0.42336714597261554,1.0794463628888091,1.1548562467274477,-0.11111184094597185
CUST-10426,0,1.0,3,2,1,1,1,0,1,1,0,1,0,0,0,1,0,0,0,0,-0.7081892710372837,1.0066046180732147,0.06111127926651869,1.153267001772761,-0.08040414266654984
CUST-10427,0,0.0,4,3,0,1,1,0,1,1,0,0,0,0,0,1,0,0,1,0,1.0147693886542535,-0.8356795877050209,0.6103959560528018,1.1516777568180743,-0.11108663826844774
CUST-10428,0,1.0,2,2,0,1,0,0,1,1,0,0,1,0,0,1,0,0,0,0,-1.0467636248857775,-0.628009033366244,-1.4183454102716888,1.1500885118633877,0.020341868618492204
CUST-10429,0,0.0,3,3,0,1,0,1,1,1,1,0,0,1,0,1,0,0,1,0,1.007874383839495,-0.7719704854417689,0.6413776530374335,1.1500885118633877,-0.11107572759015595
CUST-10430,1,0.0,3,1,0,1,0,0,0,0,0,0,0,0,1,0,0,0,0,0,-0.9789416076954591,-0.7198768548618725,-1.1066982110074222,1.1484992669087009,-0.03184953716792849
CUST-10431,1,0.0,1,3,0,0,1,0,1,1,0,0,1,0,0,1,0,0,0,0,-1.0741412673109203,0.3895766828937634,-1.2229544599850992,1.1469100219540143,0.05375398509163792
CUST-10432,0,0.0,5,2,0,0,0,0,1,1,0,0,0,1,0,0,0,0,1,0,0.05590556901430547,0.5895035894436371,0.6858902038902004,1.1453207769993274,-0.10452351656074489
CUST-10433,0,0.0,3,2,1,1,1,0,0,1,1,0,0,0,0,0,1,1,0,0,-0.41059183561475376,1.0717216562980856,0.44610644089689283,1.1437315320446408,-0.09552218825384282
CUST-10434,0,1.0,3,2,0,1,0,1,1,0,0,0,0,0,0,0,0,0,0,1,1.688636300814913,-0.13452747881884486,1.105605542707551,1.142142287089954,-0.11305455185333929
CUST-10435,1,0.0,2,2,0,0,0,1,1,1,1,0,1,0,1,0,0,0,0,0,-0.6357024162206248,-1.5220483689941993,-0.936995649754388,1.1405530421352674,-0.08467646576205837
CUST-10436,1,1.0,2,2,0,1,1,0,1,1,0,0,0,0,1,0,0,0,0,0,-0.7712984591551646,0.6686999872846962,-0.14577327044520597,1.1389637971805806,-0.07335738911439142
CUST-10437,0,0.0,5,2,0,0,0,0,1,1,1,0,0,0,0,1,0,1,0,0,-0.3431784095956329,0.12981249797508992,0.25937534686346597,1.1389637971805806,-0.0973585266674065
CUST-10438,1,0.0,1,2,0,0,1,0,1,1,0,0,0,1,1,0,0,1,0,0,-0.4464556918467301,0.02527325282489202,0.11850057364304532,-1.0303555659667847,-0.09397251407798272
CUST-10439,0,0.0,3,3,0,1,0,0,1,1,1,0,1,0,0,0,1,0,0,0,-0.670607206303566,-1.3932222285060765,-0.8412027020300291,1.1357853072712072,-0.08382532677977558
CUST-10440,0,0.0,4,4,0,1,0,0,1,0,1,0,0,1,0,0,1,0,1,0,0.244317456075764,-0.24505045180592283,0.5411588021996547,1.1341960623165206,-0.10658559598891101
CUST-10441,0,0.0,3,4,0,1,1,0,1,1,1,0,0,0,0,0,0,0,1,0,0.5351967234987136,-1.2985385350872105,0.129005927752894,1.1326068173618338,-0.10858114074648985
CUST-10442,1,0.0,3,3,0,1,1,0,1,0,1,0,0,0,0,1,0,0,1,0,1.1265566199164918,0.47088498467725076,1.127706445715787,1.131017572407147,-0.1114940351312039
CUST-10443,0,1.0,3,3,1,1,1,1,1,1,0,1,0,1,0,1,0,0,0,1,2.428220944763088,2.8590963595731864,1.1495113287478795,1.1294283274524604,-0.10502723874505909
CUST-10444,1,1.0,3,2,0,0,1,0,1,0,0,0,0,1,1,0,0,0,0,0,-0.8053753613815031,-0.5868269064888932,-0.6295403658324293,1.1278390824977735,-0.06890520027912721
CUST-10445,0,0.0,4,2,0,1,1,1,1,1,0,0,0,0,0,1,0,0,1,0,0.3354220680148638,-1.6610820452040584,-0.29759567311969387,1.1278390824977735,-0.10716288657421891
CUST-10446,0,0.0,3,1,1,1,1,0,0,0,1,0,0,0,0,0,1,1,0,0,-0.5755726091176314,1.0463788089889468,0.25810345085063413,1.126249837543087,-0.08899567692024508
CUST-10447,0,0.0,4,3,0,0,0,0,1,1,1,0,1,0,1,0,0,0,1,0,0.18064193010750465,-0.3112234420020078,0.48249943484825775,1.1246605925884001,-0.1059912630290799
CUST-10448,1,0.0,2,3,0,1,0,1,1,1,0,0,0,1,0,0,0,1,0,0,-0.40134942599448564,0.05378395604767335,0.17578948674053416,1.1230713476337135,-0.09554397215715181
CUST-10449,0,1.0,2,1,0,1,1,1,1,1,1,0,0,1,0,1,0,0,0,1,2.428220944763088,-0.8145605482807385,0.9948660148189133,1.1214821026790267,-0.11437340277345254
CUST-10450,0,1.0,4,1,0,0,1,0,1,0,1,0,0,0,0,0,1,0,1,0,0.3909191825779408,-1.6818491006379361,-0.2937193524342553,1.11989285772434,-0.107616545487689
CUST-10451,0,0.0,3,3,0,0,1,1,1,0,1,0,0,1,1,0,0,0,0,1,2.428220944763088,-0.5994983301434627,1.1006011461236491,1.1183036127696533,-0.11440192114165826
CUST-10452,0,1.0,3,2,0,1,1,0,1,0,0,1,0,0,0,0,1,0,1,0,0.9876028389571992,-0.43054601474920345,0.784331552611601,1.1167143678149667,-0.1109796470148829
CUST-10453,1,0.0,4,4,0,1,1,1,1,1,1,0,1,0,0,1,0,0,0,1,1.6252184770325262,0.27095807812737754,1.2198908303099456,1.1151251228602799,-0.1129250632197312
CUST-10454,1,1.0,1,1,0,1,0,0,1,0,0,0,0,0,0,0,1,0,1,0,0.12965736869475447,-0.4129468152289681,0.4091530601492088,1.1151251228602799,-0.10537295789792692
CUST-10455,1,0.0,3,3,0,0,1,0,1,0,1,0,0,1,1,0,0,1,0,0,-0.4393353122037245,-0.7966093647700986,-0.19970380241969485,1.1135358779055933,-0.0942984934318933
CUST-10456,0,1.0,4,2,0,1,1,0,1,1,1,0,1,0,0,0,0,0,0,0,-0.8295037235077448,-1.625531662173183,-1.3051630752628647,1.1119466329509065,-0.07027578615814833
CUST-10457,1,0.0,4,4,0,0,1,0,1,1,0,0,0,1,0,0,0,0,0,0,-0.6221649305017297,0.01295381316072748,-0.09336020523923627,1.1103573879962199,-0.0859106053024396
CUST-10458,1,0.0,3,3,0,1,1,1,1,0,1,0,0,1,1,0,0,0,0,0,-1.1536324842007073,-0.8793256025152046,-2.4454513727269136,1.108768143041533,0.3418099403747925
CUST-10459,1,1.0,3,3,1,1,1,1,1,1,0,0,0,0,0,1,0,1,0,0,-0.28583016912232156,1.356476704535493,0.6173669876532504,1.1071788980868464,-0.09876628896444879
CUST-10460,1,0.0,1,4,0,1,0,0,1,0,0,0,1,0,0,0,0,1,0,0,-0.33272431045470396,0.12030893023416298,0.27056098819866414,1.1055896531321596,-0.09776817514492847
CUST-10461,1,0.0,3,3,0,0,1,0,1,1,0,0,0,0,0,0,1,1,0,0,-0.2826506954059917,0.5553611423743806,0.4289794323070577,1.1055896531321596,-0.09871758229952321
CUST-10462,0,0.0,3,1,0,0,1,1,1,1,0,0,0,0,0,1,0,0,0,1,2.428220944763088,-0.30066392228986644,1.2213360361780992,0.7782051924666964,-0.11439520132759184
CUST-10463,1,0.0,5,4,0,0,1,0,1,0,1,0,0,0,0,1,0,0,0,1,1.7360666764719923,0.17451446475648755,1.2231914299918034,1.1008219182680994,-0.11319908100980886
CUST-10464,1,0.0,2,2,0,0,1,0,1,0,1,0,0,0,1,0,0,0,0,0,-0.9661573999855145,-0.9785850878093321,-1.225500232839953,1.0992326733134128,-0.03360466411522741
CUST-10465,1,1.0,4,2,0,1,0,1,1,1,1,0,0,1,0,1,0,0,0,0,-0.6249064761745619,-1.282347271528594,-0.7198978530157796,1.0992326733134128,-0.08544624996965351
CUST-10466,1,1.0,4,1,0,1,0,1,1,1,0,0,0,0,0,1,0,1,0,0,-0.5151408324140542,-0.022244585879743206,0.051870923141445334,-1.0971038540636266,-0.0921912296908319
CUST-10467,1,0.0,4,4,0,0,0,1,1,0,1,0,1,0,0,1,0,0,0,0,-0.6407063916706282,0.5641607421344983,0.04806004230544624,1.0960541834040394,-0.08502657500032713
CUST-10468,0,1.0,3,3,0,1,0,0,1,0,1,0,0,0,0,1,0,0,1,0,0.7475595842231803,-1.6818491006379361,-0.13751426947795672,1.0944649384493526,-0.10983511416309899
CUST-10469,1,0.0,3,3,0,0,1,0,1,0,1,0,1,0,0,0,1,1,0,0,-0.28571777417075933,-0.5650038990838014,0.05561139945386188,1.092875693494666,-0.09876520355001041
CUST-10470,1,0.0,4,2,1,1,0,0,1,1,0,0,1,0,1,0,0,1,0,0,-0.15775111244204829,1.9069796655284545,0.8213550337837372,1.092875693494666,-0.10128588523906241
CUST-10471,0,0.0,3,3,0,0,1,0,1,1,1,0,0,0,0,1,0,0,1,0,1.1267985999810355,0.4680691127540132,1.128846162350514,1.0912864485399791,-0.11151422105262998
CUST-10472,1,1.0,3,3,1,1,1,1,0,1,1,0,0,1,0,1,0,0,1,0,0.7927373052486133,1.5856182822889575,1.2629663049952096,1.0896972035852925,-0.11011688672095085
CUST-10473,1,1.0,5,4,0,1,0,0,1,1,0,0,0,0,0,0,0,0,0,0,-1.007736177554846,-0.7075574151977077,-1.3117840467866122,1.0881079586306057,-0.0037272725137073013
CUST-10474,1,0.0,3,4,0,0,1,0,1,0,1,0,0,0,0,0,0,0,1,0,0.32623119829030994,-0.5217098682640224,0.4720074268846286,1.0865187136759191,-0.107244535938288
CUST-10475,0,0.0,5,4,1,1,1,1,1,0,1,0,0,0,0,0,0,1,0,0,-0.49094143411019703,0.9826697067256948,0.33851086460934865,1.0849294687212323,-0.09258878973865628
CUST-10476,1,1.0,2,3,0,1,1,1,1,1,1,0,1,0,0,1,0,0,0,0,-0.7585892133732707,0.6204781805992512,-0.11368085514149945,1.0833402237665457,-0.07598630669480042
CUST-10477,1,0.0,4,3,0,0,0,0,1,0,0,0,0,0,1,0,0,0,0,0,-1.116523143927532,-0.13769533473248735,-1.794663631502516,1.0817509788118589,0.1770012872206294
CUST-10478,0,1.0,4,3,0,0,0,0,1,0,0,0,0,0,0,0,1,1,0,0,-0.37521799138289813,-1.3713992211009847,-0.5034928887076097,1.0817509788118589,-0.09611861138215747
CUST-10479,0,0.0,4,1,1,0,1,0,1,0,1,0,0,0,0,0,0,0,0,0,-0.65024890608288,1.1836525652467822,0.17007859420371518,1.0801617338571723,-0.0838360082945654
CUST-10480,1,0.0,4,1,1,0,0,1,1,1,0,0,0,0,0,1,0,0,0,0,-0.8299461462015854,1.9083876014900736,-0.00025212343247959693,1.0785724889024855,-0.06558866823883053
CUST-10481,1,0.0,3,2,0,0,1,1,1,1,0,0,0,0,0,1,0,0,1,0,0.24797519292284018,-1.6818491006379361,-0.3668088058583909,1.0769832439477989,-0.1064106702571245
CUST-10482,1,1.0,3,1,1,0,1,0,1,0,1,0,0,0,1,0,0,0,1,0,0.5858654930555871,1.4441207181462654,1.152134817796241,1.075393998993112,-0.10903012940026009
CUST-10483,1,1.0,2,4,0,0,0,1,1,1,1,0,0,0,0,1,0,0,0,0,-0.8406965654055056,-0.5326213719665684,-0.6528813365500152,1.0738047540384252,-0.06568519930050035
CUST-10484,1,0.0,3,1,0,0,0,0,0,0,0,1,0,0,0,1,0,0,0,0,-1.1172459784663735,-0.39006785585266196,-2.0804830983369214,1.0722155090837386,0.26267384578497605
CUST-10485,0,0.0,3,1,0,1,1,0,0,0,1,0,0,0,0,0,0,0,1,0,1.0924462775586663,0.24667118278945285,1.0523270121861588,1.0706262641290518,-0.11136825195895049
CUST-10486,0,0.0,2,1,0,1,1,0,1,0,1,0,0,0,0,0,0,0,0,1,1.478118263630221,-1.3112099587417798,0.46188315778394795,1.0706262641290518,-0.1125606154189265
CUST-10487,0,0.0,4,3,0,1,0,0,1,1,0,1,0,0,0,0,0,0,0,1,2.1474096146289448,-0.07715408838287756,1.236809055415887,1.0690370191743652,-0.1139405737290121
CUST-10488,0,1.0,4,2,0,1,0,0,1,0,1,0,0,0,0,0,0,1,0,0,0.009316476636296372,-1.6818491006379361,-0.5228081269900313,1.0674477742196784,-0.10341303591457211
CUST-10489,1,0.0,2,1,0,1,0,0,1,1,0,0,1,0,0,0,1,0,0,0,-0.7113182659750124,0.46454927284996633,-0.0767324841787018,1.0658585292649918,-0.08026029876038507
CUST-10490,1,0.0,4,3,1,0,1,0,1,1,0,0,1,0,0,0,1,0,0,0,-0.8380059783391471,1.9083876014900736,0.00860424342023109,1.064269284310305,-0.06621510909383932
CUST-10491,1,1.0,2,4,0,0,0,1,1,1,1,0,0,0,1,0,0,0,0,0,-1.1673337073516337,-0.7135411430345877,-2.8831356038091784,1.0626800393556184,0.7970556565134413
CUST-10492,1,0.0,2,3,0,1,0,1,1,1,1,0,0,0,0,0,0,0,0,0,-0.8554383513081246,-0.21759570055435565,-0.5865245203038193,1.0610907944009316,-0.061479883219518854
CUST-10493,1,0.0,4,0,0,1,1,0,0,1,0,0,0,1,0,0,0,0,0,0,-1.000069414370287,-0.16409413401284037,-1.009782892932301,1.059501549446245,-0.015492560218468399
CUST-10494,0,0.0,3,2,1,0,0,1,1,1,0,0,1,0,0,1,0,1,0,0,-0.03956467274563458,1.0034367621595726,0.7203915928438142,1.059501549446245,-0.10314763395287571
CUST-10495,1,0.0,3,1,0,1,1,1,0,1,0,0,0,0,1,0,0,0,0,0,-0.9592068684241224,0.3902806508745732,-0.6770461364543927,1.0579123044915582,-0.035163476135683505
CUST-10496,1,0.0,2,1,1,0,0,1,1,1,1,0,1,0,0,1,0,0,1,0,0.4583123287377935,0.9337439320594405,0.9846585423643314,0.6796720052761202,-0.10821229758837032
CUST-10497,0,0.0,4,3,0,1,0,0,1,0,0,0,0,0,0,0,0,0,1,0,0.7103687207963154,-0.572747546872705,0.6210845745371575,1.0547338145821847,-0.10972514017989629
CUST-10498,1,0.0,2,3,0,1,0,0,1,0,0,0,0,1,0,0,1,0,0,0,-0.7527928562893602,0.4198473060685682,-0.1664758258732308,1.0531445696274981,-0.07603645442468401
CUST-10499,1,0.0,2,1,0,1,0,1,1,1,1,0,0,0,0,0,0,0,0,0,-1.1352989645273321,-1.6818491006379361,-2.724002827647102,1.0515553246728113,0.17436041419737958
CUST-10500,1,0.0,3,2,0,0,0,0,0,1,1,0,0,0,0,0,1,0,0,0,-1.1325688341038804,0.6665880833422678,-1.845371402826461,1.0499660797181247,0.31460298701905004
CUST-10501,0,1.0,4,2,0,0,1,0,1,1,0,0,0,0,0,0,0,0,0,0,-1.1461108508184412,-1.3228254304251352,-3.265096828613597,1.048376834763438,0.8204130414533682
CUST-10502,0,0.0,2,2,0,1,1,1,1,1,1,0,1,0,0,1,0,0,1,0,0.4371262480084718,-0.3840841280157821,0.5798578656585831,1.048376834763438,-0.10805601300676472
CUST-10503,0,0.0,1,2,1,0,0,1,1,1,0,0,1,0,0,0,1,1,0,0,-0.03073344342180949,0.7489523370969694,0.671223483636595,1.046787589808751,-0.1033904294609713
CUST-10504,1,0.0,1,3,0,0,1,0,1,1,0,1,0,0,1,0,0,0,1,0,0.7345307587019942,-1.6600260932328443,-0.12571585528957321,1.0451983448540645,-0.10965598357293387
CUST-10505,1,1.0,3,4,1,1,1,0,1,1,0,0,0,0,0,1,0,0,1,0,0.735826934797278,1.1121998151946266,1.1439159925421616,1.0436090998993777,-0.10985300390388471
CUST-10506,0,1.0,2,2,0,0,0,0,1,1,1,0,0,0,0,1,0,1,0,0,-0.45295220533141506,-0.1693738938689109,0.04208979705364054,1.042019854944691,-0.09361321475079902
CUST-10507,1,0.0,2,2,1,0,1,1,1,0,0,0,0,1,0,0,1,1,0,0,-0.31356715868914364,1.496214348726162,0.6176484149784722,1.0404306099900043,-0.09798400849473166
CUST-10508,0,0.0,3,2,0,1,1,0,1,0,0,1,1,0,1,0,0,0,1,0,0.32252597350549045,-0.9916084954543061,0.22482619688582747,1.0388413650353177,-0.10696819394949943
CUST-10509,1,0.0,2,2,0,0,0,1,1,0,0,0,1,0,0,1,0,0,0,0,-0.7940991424714295,-1.6818491006379361,-1.3771800763732225,1.0356628751259442,-0.06978938455024243
CUST-10510,1,0.0,3,2,0,0,1,0,1,1,1,0,0,0,0,1,0,0,0,0,-1.0223644305666133,-0.06870647261316477,-1.1093587731718229,1.0372521200806308,0.004369515245717955
CUST-10511,1,0.0,3,2,0,1,1,0,1,1,0,0,0,0,0,0,0,1,0,0,-0.20199655984358178,0.5817599416547337,0.5109706328768766,1.0356628751259442,-0.10067927359873927
CUST-10512,1,0.0,1,2,0,0,0,0,1,1,0,1,0,0,0,1,0,0,0,0,-0.7021881252033876,0.6704599072367197,-0.02429575178068103,1.0340736301712574,-0.08017006201962482
CUST-10513,0,0.0,4,2,0,0,0,1,1,1,0,1,0,0,0,0,1,1,0,0,-0.47582395429840546,-1.2369413367663868,-0.4823573977196094,1.0324843852165708,-0.09351909041868138
CUST-10514,0,0.0,3,1,0,1,1,0,1,0,0,0,0,1,1,0,0,0,1,0,0.07338610031922635,-1.6818491006379361,-0.46957335692317276,1.030895140261884,-0.10450600119882886
CUST-10515,1,0.0,5,3,0,1,0,0,1,1,1,0,0,0,0,1,0,1,0,0,-0.35898771539627855,-0.36789286445716557,0.07365758254007831,1.0293058953071974,-0.09697009171381085
CUST-10516,0,1.0,5,3,0,1,0,0,1,1,1,0,0,0,0,0,0,1,0,0,-0.014151857361559614,0.5071393356889357,0.6249533319355363,1.0277166503525106,-0.10372860407860741
CUST-10517,0,0.0,3,2,0,0,0,0,0,0,1,0,0,0,0,0,1,1,0,0,-0.23368348316494578,0.4536377691474203,0.4413361627230748,1.026127405397824,-0.09977969923270404
CUST-10518,1,0.0,2,2,1,1,1,0,1,1,1,0,0,0,1,0,0,0,1,0,0.4402255320261812,1.6218726333006424,1.1248523324486883,1.026127405397824,-0.10813058731231164
CUST-10519,1,1.0,3,3,0,1,0,0,1,0,1,0,0,1,1,0,0,0,1,0,0.293166359794941,-0.4323059347012269,0.4939195546268849,1.0245381604431372,-0.1069995551126354
CUST-10520,0,0.0,3,3,0,0,0,0,1,0,1,0,0,0,0,0,1,1,0,0,-0.2597987782289962,-1.6818491006379361,-0.6834232692433403,1.0229489154884506,-0.0996096859972155
CUST-10521,1,0.0,2,4,1,1,0,0,1,1,0,1,0,0,0,0,0,0,1,0,0.1874404285584924,1.2255386601049423,0.9129664660287181,1.0213596705337638,-0.1059722183884242
CUST-10522,1,0.0,3,2,0,0,0,0,1,1,1,0,1,0,1,0,0,0,0,1,1.3078044837468044,0.1681787529292031,1.0976860737821785,1.0197704255790772,-0.11207795256011996
CUST-10523,0,0.0,4,3,0,0,1,0,1,0,0,1,0,0,0,1,0,1,0,0,-0.4976616094290315,0.26004657442483153,0.15047383238519846,1.0181811806243903,-0.0925701414510649
CUST-10524,1,0.0,2,3,1,0,0,1,1,1,0,1,0,0,0,1,0,0,1,0,0.8715629928848548,0.7718312964732751,1.1165748778455855,1.0165919356697035,-0.11049407317159109
CUST-10525,0,0.0,4,2,1,0,1,0,1,0,1,0,1,0,0,1,0,0,1,0,0.5588458316778088,1.2962874421762884,1.1098402806828112,1.015002690715017,-0.10886429584301818
CUST-10526,1,1.0,1,5,0,1,0,0,1,1,1,0,0,0,0,0,1,1,0,0,-0.1280168607347679,-0.0623707607858798,0.36942643856600493,1.015002690715017,-0.10186167188612164
CUST-10527,0,0.0,3,3,0,1,1,1,1,1,1,0,1,0,0,1,0,0,0,0,-1.08966638277462,-0.31678478905040197,-1.1384310889785885,1.01341344576033,-0.005003167892103536
CUST-10528,0,0.0,3,1,0,1,1,0,0,0,1,0,0,1,1,0,0,0,0,1,1.4985576033021863,0.5448016226622395,1.2596738864659989,1.0118242008056435,-0.11259898880079591
CUST-10529,0,0.0,3,3,0,0,1,0,1,1,0,0,0,0,0,0,0,0,0,0,-1.1406216090899248,-0.7304363745740136,-2.0895582692951096,1.0102349558509567,0.19889512130801384
CUST-10530,0,0.0,3,2,0,0,0,0,0,1,1,0,0,0,0,1,0,0,1,0,0.48062896866265803,-0.2844726587312499,0.6400208175313663,1.00864571089627,-0.10838471402138511
CUST-10531,0,0.0,3,2,0,1,1,0,1,1,1,0,0,0,0,1,0,0,1,0,0.5313645339414474,0.6130865168007525,0.9384764919818859,1.0070564659415833,-0.10868869693557338
CUST-10532,1,1.0,4,2,0,1,0,1,1,0,0,0,0,0,0,1,0,0,0,1,2.428220944763088,-0.7864018290483621,1.0116026451655185,1.0054672209868967,-0.1143913576288742
CUST-10533,1,0.0,4,1,1,0,0,1,1,0,1,0,0,0,1,0,0,0,0,0,-1.111303804853176,0.8978415650381605,-1.4622545921148395,1.0038779760322099,0.1627048130733061
CUST-10534,1,0.0,3,3,0,0,1,0,1,1,0,1,0,0,1,0,0,1,0,0,-0.08610545584807207,0.12910852999428063,0.4646385398383554,1.0038779760322099,-0.102622481420339
CUST-10535,1,0.0,4,2,0,1,1,1,1,0,1,0,1,0,0,1,0,1,0,0,-0.5070070590791484,0.3649378035654343,0.16439850389601973,1.0022887310775233,-0.09198268159387932
CUST-10536,0,0.0,4,3,1,0,1,1,1,1,1,0,1,0,1,0,0,0,0,0,-0.6956412274526186,1.4831909410811879,0.17668728740770417,1.0006994861228364,-0.08111651267798431
CUST-10537,1,0.0,3,3,0,1,0,0,1,1,1,0,0,1,0,0,1,0,0,0,-1.0644129971845913,0.3385390042850813,-1.1376461387596446,0.9991102411681497,0.03239199965404796
CUST-10538,1,0.0,1,2,0,0,0,0,1,0,1,0,0,0,0,0,0,1,0,0,-0.18399921222702414,0.03724070849865217,0.36989020398155403,0.997520996213463,-0.10109169308567713
CUST-10539,1,0.0,1,2,0,1,0,0,1,0,0,0,0,0,0,0,1,1,0,0,-0.3943111712544158,-0.12537589506832256,0.11994064981010685,0.9959317512587763,-0.09566296024856827
CUST-10540,0,0.0,3,3,0,1,1,0,1,1,0,0,0,0,0,0,1,0,0,0,-1.0454515128155895,-0.1802853975714569,-1.2449423205006966,0.9943425063040896,0.021272402703190526
CUST-10541,0,0.0,4,3,0,0,0,1,1,1,1,0,0,0,0,1,0,1,0,0,-0.03856218501624024,0.29172513356125485,0.5416232680386314,0.9927532613494029,-0.10323888213997176
CUST-10542,1,0.0,4,3,1,1,0,1,1,1,1,0,0,0,0,1,0,0,1,0,0.43173971242984466,1.4015306553072957,1.0729806313212313,0.9927532613494029,-0.10800649565538793
CUST-10543,0,0.0,3,4,0,0,0,0,1,0,1,0,0,1,0,1,0,0,1,0,0.5744101995299346,-0.6839744878405922,0.5123259810816667,0.9911640163947162,-0.10893494568114023
CUST-10544,0,1.0,3,3,0,0,0,0,1,1,0,0,0,0,0,1,0,0,0,1,1.6562218762936924,-0.7638748536624608,0.8376892221080866,0.9895747714400295,-0.11297060461844372
CUST-10545,1,1.0,4,2,1,1,1,1,1,1,1,0,0,0,1,0,0,1,0,0,-0.5449965981262884,1.3188144175621896,0.35407630423806896,0.9879855264853428,-0.09044595819893714
CUST-10546,0,0.0,5,3,0,1,1,0,1,1,0,1,0,0,0,1,0,0,0,1,2.428220944763088,-0.6357526811551475,1.0828607115709428,0.9863962815306561,-0.11439142600368296
CUST-10547,0,0.0,3,4,0,0,1,1,1,1,0,0,1,0,1,0,0,0,0,1,1.2328894427739856,0.19000176033429506,1.0814839880711797,0.9848070365759694,-0.11185002284332572
CUST-10548,0,0.0,3,4,0,0,1,0,1,0,1,0,0,1,0,1,0,0,0,0,-0.7554275221435817,-0.6628554484163097,-0.552480602797542,0.9832177916212826,-0.07580941708863922
CUST-10549,0,0.0,5,3,0,0,1,1,1,1,1,0,0,0,0,0,1,0,0,0,-0.9696367228134585,-1.6818491006379361,-2.0720815112776787,0.9816285466665959,0.004853230459413503
CUST-10550,1,0.0,3,4,0,0,1,1,1,1,1,0,0,1,0,0,1,1,0,0,-0.49104093952906674,0.17134660884284555,0.1323157832482279,0.9816285466665959,-0.09286772917146811
CUST-10551,0,0.0,4,3,1,0,1,1,1,1,1,0,0,0,0,0,1,1,0,0,-0.5603130355626331,1.139654566446194,0.2975700615243743,0.9800393017119092,-0.08974025767412461
CUST-10552,0,0.0,5,2,0,0,1,0,0,1,0,0,1,0,0,1,0,1,0,0,-0.1475392669732731,-0.10355288766323056,0.33787835201092675,0.9784500567572225,-0.10144760791908633
CUST-10553,0,0.0,3,1,0,0,0,0,1,1,1,0,0,1,0,0,0,1,0,0,-0.12561737196507397,-1.602652702796877,-0.4972746687964588,0.9768608118025357,-0.10199863178695007
CUST-10554,0,0.0,1,2,0,0,0,0,1,1,0,0,0,0,0,1,0,0,1,0,0.488252995155586,0.07701489941438389,0.7680915444976786,1.159623981591508,-0.10844147807445469
CUST-10555,0,0.0,4,3,0,1,0,0,0,1,1,0,0,0,1,0,0,1,0,0,-0.3209300514601126,-0.8363835556858302,-0.10960484611483474,0.9736823218931623,-0.09771259079639766
CUST-10556,1,0.0,4,3,0,1,1,0,1,0,1,0,0,0,0,0,0,0,0,0,-1.0450914212110518,-1.6818491006379361,-2.4346378396907937,0.9705038319837889,0.08111868858505848
CUST-10557,0,0.0,1,1,0,1,0,1,1,0,0,1,0,0,0,0,1,0,1,0,1.1707574367724012,-0.12361597511629886,0.9596447239163894,0.9705038319837889,-0.11164005847279232
CUST-10558,1,0.0,3,3,0,0,1,0,1,1,1,0,0,1,0,0,0,0,0,0,-0.7325472253129881,0.5085472716505547,-0.10064460658975201,0.9689145870291022,-0.07836052326102143
CUST-10559,0,0.0,3,1,1,0,0,0,1,1,0,0,1,0,0,1,0,0,0,1,2.428220944763088,1.2054755726518742,1.3255542775031666,0.9689145870291022,-0.11170774185353655
CUST-10560,1,0.0,5,4,1,0,1,0,1,1,0,1,0,1,0,1,0,0,0,0,-1.0274545191330366,1.8172237479752544,-0.6522280163056406,0.9657360971197287,0.005181603132533521
CUST-10561,0,0.0,2,2,0,1,1,1,1,1,1,0,0,1,0,1,0,0,0,1,2.428220944763088,0.6493408678124374,1.3255542775031666,0.9657360971197287,-0.11294369015711508
CUST-10562,1,0.0,3,2,1,1,1,1,1,0,1,0,0,0,1,0,0,0,0,0,-1.063496523146366,0.9478232916756285,-0.9444477750396959,0.964146852165042,0.02525118758171839
CUST-10563,0,0.0,4,2,0,1,1,1,1,0,0,0,0,0,0,1,0,0,0,0,-0.8623922241328319,-1.3946301644676955,-1.146116805960736,0.9625576072103553,-0.06623020170463174
CUST-10564,1,0.0,3,3,1,1,1,0,1,0,0,1,0,1,0,0,0,0,0,0,-1.1208669779267575,1.6743182478709435,-1.3689004278153107,0.9609683622556686,0.19030914062196175
CUST-10565,0,0.0,4,3,1,0,1,1,1,1,0,1,1,0,0,1,0,0,1,0,0.28980468069661935,1.3001592660707402,0.98426419727642,0.9593791173009819,-0.10692913504705931
CUST-10566,0,0.0,2,4,0,1,0,0,1,0,0,1,1,0,0,1,0,0,1,0,1.1047977113334277,-0.42561823888353756,0.8255112162804232,0.6288161667261453,-0.11141060761810416
CUST-10567,1,0.0,1,1,0,1,0,0,1,1,1,0,0,1,0,1,0,1,0,0,-0.4938445626808806,0.6817233949296705,0.2636459056756376,0.9577898723462952,-0.09250630697307947
CUST-10568,0,0.0,2,4,0,1,0,0,1,0,0,0,0,0,0,0,0,0,0,1,1.9934858113384857,0.5754242298274487,1.3255542775031666,0.9562006273916085,-0.11310796176708438
CUST-10569,1,0.0,1,3,1,1,1,0,0,1,0,1,0,0,0,0,1,1,0,0,-0.10550295967814043,1.5145175162272069,0.7891641828682053,0.9546113824369218,-0.10226404786677742
CUST-10570,1,1.0,3,2,0,0,1,0,1,1,1,0,0,1,0,0,0,1,0,0,0.017048008408076843,-0.19753261310128736,0.4248311378538911,0.9530221374822351,-0.10409228701556064
CUST-10571,0,0.0,4,1,0,0,1,0,1,1,0,0,0,0,0,1,0,0,1,0,1.0662387318837867,-0.8261760199640937,0.6357246736101444,0.9514328925275484,-0.11131166349412952
CUST-10572,1,0.0,3,2,0,1,0,0,1,1,1,0,0,1,0,1,0,0,1,0,0.13751685921437484,-0.5555003313428742,0.3546822044628774,0.9498436475728617,-0.10545828309414644
CUST-10573,1,0.0,1,3,1,0,0,0,1,0,1,0,0,0,0,0,0,0,0,0,-0.652430823402852,0.908753068740706,0.12155845343651744,0.9482544026181748,-0.08446675198222384
CUST-10574,0,0.0,2,4,0,0,0,0,1,0,0,0,0,0,0,1,0,0,0,1,1.6635966749716944,-1.6818491006379361,0.16260217268379884,0.9466651576634881,-0.11300498430295954
CUST-10575,0,0.0,2,2,0,1,1,1,1,0,0,0,0,0,0,1,0,0,0,1,1.6014670744560258,-1.6818491006379361,0.1427090327235308,0.9466651576634881,-0.11283145195216619
CUST-10576,0,1.0,3,3,1,1,0,0,1,1,0,0,0,1,0,1,0,0,0,1,2.428220944763088,0.9062891808078734,1.3255542775031666,0.9434866677541147,-0.11237265075103132
CUST-10577,1,0.0,4,2,0,0,1,0,1,1,1,0,1,0,1,0,0,0,0,1,1.612133159852787,0.25195094264552315,1.210595042003492,0.9434866677541147,-0.11289271157837942
CUST-10578,0,0.0,3,2,0,0,0,0,1,1,0,0,0,0,0,0,0,0,0,0,-1.014421671097,-0.018724745975696337,-1.0617943341549216,0.941897422799428,-0.0005756993564691395
CUST-10579,1,1.0,2,1,0,1,1,0,1,1,0,0,0,0,0,1,0,0,1,0,0.9083583726147207,-1.416805155863192,0.19589017632925448,0.9403081778447413,-0.11067196835048944
CUST-10580,0,1.0,4,2,0,0,1,0,1,0,1,0,1,0,0,0,0,1,0,0,-0.5442477625416414,-1.6818491006379361,-0.9763450390048993,0.9387189328900546,-0.09021441069092942
CUST-10581,0,0.0,5,2,0,1,1,1,1,1,0,0,0,0,0,0,0,0,0,1,2.428220944763088,-0.7082613831785172,1.0454021316700977,0.9371296879353679,-0.11436422631972175
CUST-10582,1,0.0,2,2,0,0,0,1,1,1,1,0,0,0,0,0,1,1,0,0,-0.4098093732227878,0.34381876414115164,0.2427279927516331,0.9355404429806812,-0.09488253351065123
CUST-10583,0,0.0,3,2,0,1,0,1,1,1,0,0,0,0,0,1,0,1,0,0,-0.20799644694752992,-0.6565197365890251,0.07914615939518443,0.9355404429806812,-0.10045250653178726
CUST-10584,1,1.0,1,1,1,0,1,0,0,1,1,0,0,0,0,0,0,1,0,0,-0.27113910757466464,0.9122729086447534,0.5285644876316998,0.9339511980259945,-0.09901025825185256
CUST-10585,1,0.0,2,1,0,1,1,0,0,0,1,0,1,0,0,0,0,0,0,0,-0.7115125445630612,-1.0454620459862263,-0.7176402078167687,0.9323619530713078,-0.07775479441765737
CUST-10586,1,0.0,4,1,0,1,1,0,1,1,1,0,0,0,0,1,0,0,0,0,-1.0844591994050798,-0.5864749224984885,-1.6993864270216554,0.930772708116621,0.08809167367486874
CUST-10587,1,0.0,3,4,1,1,0,0,1,0,1,0,0,0,0,0,0,0,0,1,1.538654688217299,0.7046023543059762,1.3122796094787044,0.8878630943400797,-0.11270233404172607
CUST-10588,0,0.0,4,1,0,1,1,1,1,1,1,0,0,0,0,0,1,0,1,0,0.7727582081379504,-0.43617775859567864,0.7028907348818646,0.9275942182072476,-0.11003824859954782
CUST-10589,1,0.0,4,2,0,1,0,0,1,1,0,0,0,0,1,0,0,0,0,0,-0.9975594313423037,-0.38373214402537725,-1.0909279638131353,0.9260049732525609,-0.015561914835179883
CUST-10590,1,0.0,4,3,0,1,1,0,1,0,1,0,0,0,0,1,0,0,1,0,1.1799970571415703,-0.7174129669290394,0.7237045084722237,0.9244157282978742,-0.11167771766627788
CUST-10591,1,0.0,3,2,0,0,0,0,1,1,1,0,0,0,0,1,0,1,0,0,0.0036056703689982296,-0.9134680495844613,0.08861785761929633,0.9244157282978742,-0.10360801041111756
CUST-10592,1,0.0,3,1,0,1,1,0,1,1,1,0,1,0,0,0,0,1,0,0,-0.5456619957195027,0.3360751163522481,0.11256987889098613,0.9228264833431875,-0.0903512351030575
CUST-10593,1,1.0,2,2,0,1,1,0,1,0,1,0,0,0,0,0,1,0,0,0,-0.8259111128766338,-0.12417914950094709,-0.29698230342069026,0.9212372383885007,-0.07814265498620838
CUST-10594,0,0.0,4,1,0,1,1,0,0,0,1,0,0,1,0,0,1,0,1,0,1.1830138667911445,0.20161723201765033,1.071948772834895,0.919647993433814,-0.11171672843576527
CUST-10595,0,0.0,1,3,0,0,0,0,1,1,1,0,0,1,1,0,0,0,1,0,0.26989356755116006,-0.6889022637062582,0.3688944558301924,0.9180587484791273,-0.10676666210038832
CUST-10596,1,0.0,1,2,0,0,1,1,1,1,1,0,0,0,0,0,0,1,0,0,-0.2243107612591102,-0.2506821956523983,0.2277643241506735,0.9164695035244406,-0.10001182409158271
CUST-10597,1,0.0,1,3,1,1,0,1,1,1,0,0,0,1,0,0,0,1,0,0,-0.04758970877303669,1.6472154806097812,0.8538342345950639,0.8211148062432377,-0.1031264895586673
CUST-10598,1,0.0,2,3,0,1,0,0,1,1,1,0,0,0,0,1,0,0,0,0,-1.063424609412273,-1.5375356645720064,-2.0527864293268485,0.9117017686603804,0.029348128783269808
CUST-10599,1,0.0,4,3,1,1,0,0,1,0,0,1,0,0,0,0,0,1,0,0,-0.4060703881830995,1.9083876014900736,0.6186753500109292,0.7718482126479496,-0.09568616559744236
CUST-10600,1,0.0,5,2,0,1,1,0,1,1,0,1,0,0,0,0,1,1,0,0,-0.11292202099592814,0.06715934768305205,0.42421249941306344,0.9117017686603804,-0.10214839690628831
CUST-10601,0,1.0,4,2,0,1,1,0,1,1,1,0,0,0,0,1,0,0,0,0,-0.8972938767456978,-0.228155220266497,-0.7022314024827815,0.67490427041206,-0.052249272364607795
CUST-10602,1,1.0,4,3,1,1,1,0,1,1,1,0,0,0,0,1,0,0,1,0,0.1232942226032131,0.9685903471095063,0.8222304400487749,0.908523278751007,-0.10535741265120781
CUST-10603,0,0.0,2,2,0,1,0,1,1,0,0,0,0,0,0,1,0,0,0,1,1.7333835437506138,-1.6818491006379361,0.1824606658692069,0.9069340337963203,-0.1131737322725806
CUST-10604,1,0.0,2,3,1,1,1,0,1,1,1,0,0,0,0,0,1,1,0,0,-0.5565729648118571,1.4194818388179358,0.3659334428628842,0.9053447888416336,-0.09010410203842828
CUST-10605,1,0.0,2,1,1,0,0,0,1,1,0,0,1,0,0,0,1,0,0,0,-0.8982568956273341,1.9083876014900736,-0.15191457058985702,0.9037555438869469,-0.05364339200505806
CUST-10606,1,1.0,1,1,1,1,0,1,1,1,1,0,0,0,0,1,0,0,1,0,0.0795315446853451,1.110791879233008,0.829481311472383,0.9021662989322602,-0.10488436912707327
CUST-10607,0,0.0,3,2,0,1,0,0,1,1,0,0,0,0,1,0,0,0,0,1,1.2854562227111213,-1.6818491006379361,0.05519194404467523,0.9021662989322602,-0.11201155229241354
CUST-10608,1,0.0,5,4,1,0,1,0,1,1,1,0,0,0,1,0,0,0,1,0,0.48025847339396543,0.7690154245500375,0.9587454835616659,0.9005770539775735,-0.10841259341197826
CUST-10609,1,0.0,4,2,1,0,1,0,1,1,1,0,0,0,0,0,1,0,0,1,1.2629912549373268,1.7000130791704873,1.3255542775031666,0.8989878090228868,-0.11060868655826576
CUST-10610,1,0.0,4,2,1,1,1,0,0,0,0,1,0,0,1,0,0,1,0,0,-0.2536803108777161,1.5908980421450283,0.6937734033282262,0.8973985640682001,-0.09955831745839248
CUST-10611,0,0.0,3,3,0,0,0,0,0,1,1,0,0,0,0,1,0,0,1,0,0.49737166372909875,-1.5248642409174369,-0.07709941427492202,0.8958093191135134,-0.10835906367486058
CUST-10612,1,1.0,3,3,1,0,0,0,1,1,1,0,1,0,0,0,0,0,0,0,-0.9968078806236976,1.0351153212959958,-0.6470000033843739,0.8942200741588266,-0.019115514797267714
CUST-10613,1,0.0,5,3,1,1,1,0,1,1,1,0,0,0,0,0,1,0,0,0,-0.6635328546635212,1.8580538908622004,0.3008160587803322,0.8926308292041398,-0.08369940849643835
CUST-10614,0,0.0,4,1,0,0,1,0,1,1,0,0,0,1,0,1,0,0,0,0,-0.5848820002324593,-0.00710927429234107,-0.04777214461429872,0.8910415842494531,-0.08814541319634203
CUST-10615,0,0.0,3,1,0,0,0,1,1,1,0,0,0,0,0,1,0,1,0,0,-0.31747695152487976,-1.5720300956316675,-0.6342024440861169,0.8910415842494531,-0.09762571489883064
CUST-10616,1,1.0,3,1,1,1,0,0,1,0,1,0,0,0,0,0,0,0,0,1,2.002844326516146,0.8369483346981461,1.3255542775031666,0.8894523392947664,-0.11252675316609775
CUST-10617,1,0.0,1,3,1,1,1,1,1,0,0,0,0,0,0,1,0,0,0,1,1.314831675581223,1.0748895122117277,1.3255542775031666,0.8878630943400797,-0.11199795503114898
CUST-10618,1,0.0,4,3,0,0,0,1,1,1,1,0,0,0,0,0,0,0,0,0,-1.0045263652087812,-0.18521317343712257,-1.082012176233623,0.886273849385393,-0.0062172435490615305
CUST-10619,1,0.0,2,2,0,0,1,0,1,1,0,0,1,0,1,0,0,0,0,0,-0.9501667608937409,-1.295370679173568,-1.365379499211497,0.8846846044307063,-0.04068286745197146
CUST-10620,1,0.0,3,3,1,1,1,1,1,0,1,0,0,0,0,1,0,0,0,0,-0.6461315359290416,0.9988609702843111,0.14834248665085198,0.8830953594760196,-0.08473786619639598
CUST-10621,0,0.0,4,2,0,1,0,0,1,0,1,0,0,0,0,0,1,0,0,0,-0.7652262868382527,-0.8497589473212092,-0.6423017827135936,0.8815061145213329,-0.07587737995677976
CUST-10622,0,0.0,4,3,0,1,0,1,0,0,1,0,0,0,0,0,0,1,0,0,-0.03146371822046503,0.3814810511144555,0.5719990605210318,0.8799168695666462,-0.10333984122353634
CUST-10623,0,0.0,1,3,1,0,0,0,1,0,0,0,0,0,0,1,0,0,0,1,1.6236723504857804,1.6070893057036446,1.3255542775031666,0.8799168695666462,-0.11081519943937002
CUST-10624,0,1.0,1,1,0,0,1,1,1,1,0,0,1,0,1,0,0,0,0,1,2.428220944763088,-1.6818491006379361,0.33899221233873816,0.8783276246119595,-0.11435986940074343
CUST-10625,1,0.0,4,1,1,1,0,1,1,0,1,0,1,0,1,0,0,0,1,0,0.09626692615057995,0.9203685404240618,0.7911907277237845,0.8767383796572727,-0.1049819018969789
CUST-10626,0,0.0,3,2,0,0,1,1,1,1,0,0,0,0,0,1,0,0,1,0,1.0110649225437536,-0.2563139394988735,0.8568564276458538,0.875149134702586,-0.11104137249153978
CUST-10627,1,0.0,2,3,0,0,1,1,0,1,1,0,0,0,0,1,0,1,0,0,-0.2827729030334535,-0.22885918824730628,0.18694709593894665,0.8735598897478993,-0.09871440287620811
CUST-10628,1,0.0,3,2,0,1,0,0,1,0,1,0,0,1,1,0,0,0,0,0,-0.8973800267214223,0.5050274317465073,-0.45844975652479825,0.8719706447932126,-0.05361360680806577
CUST-10629,1,1.0,4,4,0,1,1,1,1,1,0,0,1,0,0,1,0,1,0,0,-0.28407306281901157,-0.8525748192444468,-0.06565570152723227,0.8703813998385259,-0.09916684259705236
CUST-10630,0,1.0,3,3,0,0,0,0,1,1,1,0,0,1,0,0,1,1,0,0,-0.20463312803879016,-1.2788274316245467,-0.27425429133316687,0.8687921548838392,-0.1005307879092944
CUST-10631,0,1.0,4,3,0,1,0,0,1,1,1,0,0,0,0,1,0,0,1,0,0.452583569174224,-1.6818491006379361,-0.25644946858945794,0.8687921548838392,-0.1081881222180998
CUST-10632,1,1.0,2,2,1,0,1,0,1,1,0,0,1,0,0,0,0,0,0,0,-0.8797030230149373,1.2624969790974367,-0.21621695308566338,0.8672029099291525,-0.058778910845543555
CUST-10633,0,0.0,3,3,0,0,1,0,1,0,1,0,0,0,0,1,0,0,0,0,-0.625995785314892,-0.43054601474920345,-0.2558021196312725,0.8656136649744657,-0.08581168790715898
CUST-10634,0,0.0,3,4,0,1,1,0,1,1,1,0,0,0,1,0,0,0,0,0,-0.6341189188448623,0.3781658258616001,0.061255699099654295,0.864024420019779,-0.08781223892407201
CUST-10635,0,0.0,4,2,0,1,1,1,1,0,1,0,1,0,1,0,0,0,0,1,2.428220944763088,-0.5502205714868037,1.1192460130744415,0.8624351750650923,-0.11438278756311426
CUST-10636,0,1.0,4,3,0,0,0,0,1,1,0,1,0,1,0,0,0,1,0,0,-0.4726853956483434,-1.2647480720083586,-0.4972036945740374,0.8608459301104056,-0.0936886768709666
CUST-10637,0,1.0,4,1,0,1,0,0,1,1,0,0,0,0,0,1,0,0,1,0,0.5130632870733707,0.650748803774056,0.9438315067881614,0.8592566851557188,-0.10862653839500584
CUST-10638,1,0.0,4,3,0,1,1,0,1,1,1,0,0,1,0,0,0,0,1,0,0.4922235117850281,0.30826838111027655,0.8349539276715365,0.8576674402010321,-0.10839609212386528
CUST-10639,1,0.0,3,3,0,1,1,1,1,1,1,0,1,0,0,1,0,0,0,0,-0.8071968530288721,-0.28834448262570167,-0.49412272867925766,0.8576674402010321,-0.0698738272135566
CUST-10640,0,0.0,3,4,0,1,0,1,0,1,0,0,0,0,0,1,0,1,0,0,-0.15839745939558086,0.2808136298587094,0.44487315013020345,0.8560781952463454,-0.10109872028439658
CUST-10641,0,1.0,2,3,0,1,0,0,1,0,1,0,0,1,0,0,1,0,0,1,1.5232207588667765,-1.0521497418039156,0.6517326577581393,0.8544889502916587,-0.11270476552291668
CUST-10642,0,0.0,3,1,1,1,1,0,1,1,1,0,1,0,0,0,1,1,0,0,-0.40314657893379113,1.081929192019822,0.44517014204791594,0.852899705336972,-0.09542007227470295
CUST-10643,0,0.0,3,4,1,1,1,0,1,1,1,0,1,0,1,0,0,0,0,1,2.311085158691417,1.326558065351093,1.3255542775031666,0.8513104603822853,-0.1114386493114916
CUST-10644,1,0.0,2,3,1,1,0,0,1,1,1,0,0,0,1,0,0,0,0,0,-0.8880335294218019,0.7637356646939671,-0.3664121329147246,0.8497212154275986,-0.05579358458605641
CUST-10645,0,0.0,4,3,0,1,1,1,1,1,0,1,0,0,0,0,1,0,0,0,-1.085580248549325,-0.4308979987396081,-1.6420169242078986,0.8481319704729119,0.09028265663548357
CUST-10646,0,1.0,3,2,0,0,1,0,1,1,0,0,0,1,0,0,1,0,0,1,1.4912465185241663,0.024569284844082745,1.1066375617627249,0.8465427255182252,-0.11259143456712777
CUST-10647,1,0.0,3,2,1,0,0,1,1,0,1,0,0,0,0,0,1,0,1,0,1.0839597899017805,1.6187047773869998,1.3255542775031666,0.8465427255182252,-0.11078938532923199
CUST-10648,1,1.0,2,1,1,0,0,0,1,1,0,1,0,0,0,0,1,0,0,1,2.428220944763088,1.314590609677333,1.3255542775031666,0.8433642356088518,-0.1114652456673914
CUST-10649,1,0.0,3,3,1,0,0,1,1,1,0,0,0,1,1,0,0,0,1,0,0.18927807484646156,1.9083876014900736,1.047806102983405,0.8433642356088518,-0.10599257509373468
CUST-10650,0,0.0,4,1,0,1,0,0,1,0,1,0,0,1,0,0,1,0,0,1,2.139320957074383,-0.8624303709757786,0.9048711405140768,0.8417749906541651,-0.11390850008965568
CUST-10651,0,0.0,3,1,0,0,0,0,1,1,0,0,0,0,1,0,0,0,1,0,0.9305536897916122,-0.9571140643946446,0.5175650782605286,0.8401857456994783,-0.11076997325447556
CUST-10652,0,1.0,3,3,0,0,1,1,1,1,0,0,0,0,0,0,0,0,1,0,1.058542087224674,0.10376568268514179,0.9946229829604121,0.8385965007447916,-0.11121402825808373
CUST-10653,0,0.0,4,1,0,0,1,1,1,0,1,0,1,0,0,1,0,1,0,0,-0.16603341701620497,0.39168858683619173,0.47911448842858484,0.8370072557901048,-0.10116022391330538
CUST-10654,0,0.0,3,2,0,1,1,0,0,0,1,0,0,0,0,1,0,0,0,0,-0.598947749972573,0.18577795244943843,-0.10812711150388732,0.8354180108354181,-0.08270467869041327
CUST-10655,0,0.0,3,2,0,1,1,1,1,1,1,0,0,0,0,0,1,0,0,1,2.099545519371303,-0.4495531502310576,1.0938137118410214,0.8338287658807314,-0.11390341614060506
CUST-10656,1,1.0,1,2,1,1,0,0,1,0,1,0,0,0,0,0,1,1,0,0,-0.4979878916215682,1.3001592660707402,0.4028333025260639,0.8338287658807314,-0.09239754307978922
CUST-10657,1,0.0,3,2,0,1,0,0,1,1,1,0,1,0,0,0,1,1,0,0,-0.24779145443939568,-0.1338235108380356,0.2553991545068713,0.8322395209260447,-0.09964522678378261
CUST-10658,1,1.0,4,2,0,0,1,0,1,0,1,0,0,0,0,1,0,1,0,0,-0.4679862817473258,-1.3214174944635166,-0.5446305621166617,0.830650275971358,-0.0935043631324319
CUST-10659,0,0.0,3,3,0,0,0,0,1,0,0,0,1,0,1,0,0,1,0,0,-0.17803567130716538,-1.1992790497930832,-0.2183511394643778,0.8290610310166713,-0.10052685869169609
CUST-10660,1,0.0,2,2,0,1,1,0,1,1,1,0,1,0,0,1,0,1,0,0,-0.41384804598197805,0.22273627144193253,0.2154231896781204,0.8274717860619846,-0.09514218237526727
CUST-10661,1,0.0,2,5,1,1,1,1,1,1,1,0,0,0,0,0,0,0,1,0,0.5816821169296806,1.9083876014900736,1.2385978786864777,1.0610907944009316,-0.10900486285039492
CUST-10662,1,0.0,2,1,0,0,0,0,1,1,1,0,0,0,0,1,0,0,0,1,1.3913472470151538,-1.0686929893529369,0.59988244970442,0.8242932961526112,-0.11231724782229374
CUST-10663,1,0.0,1,4,0,1,0,0,1,1,0,0,0,0,0,0,1,1,0,0,-0.4717146100370586,-0.3707087363804032,-0.041744535482931146,0.8227040511979244,-0.0932988235744787
CUST-10664,1,0.0,3,4,1,1,0,0,1,1,0,0,0,0,0,1,0,1,0,0,-0.10947347434776872,1.9083876014900736,0.8632101074673052,0.8227040511979244,-0.1022601043952793
CUST-10665,1,0.0,2,2,0,1,0,0,1,0,1,0,0,0,0,0,1,0,0,0,-0.9980329145687673,-0.5495166035059942,-1.114267524402354,0.8211148062432377,-0.02151371810533121
CUST-10666,1,1.0,4,2,0,1,0,1,1,1,1,0,1,0,0,0,1,0,0,0,-1.174129255695586,0.4427262654448743,-2.888104708699893,0.819525561288551,1.4690439861259204
CUST-10667,0,0.0,2,1,1,1,0,0,0,1,1,0,0,0,0,0,0,0,0,0,-0.8398994870589087,1.9083876014900736,-0.010953791344525017,0.8179363163338643,-0.06482187465174434
CUST-10668,0,1.0,1,3,0,1,1,0,1,0,0,0,1,0,0,0,0,0,1,0,0.28765775052738596,-1.0426461740629887,0.1913602744889269,0.8163470713791776,-0.10690745958826094
CUST-10669,0,0.0,5,2,0,1,0,1,1,0,1,0,1,0,0,0,0,0,0,0,-1.0526258113643574,-0.36472500854352313,-1.3730571125986273,0.8147578264244909,0.03279055783558231
CUST-10670,0,0.0,4,1,0,1,0,0,1,1,0,1,0,0,1,0,0,0,0,1,1.7017172250590649,-0.5495166035059942,0.9498649733884763,0.8115793365151175,-0.1130911359427672
CUST-10671,1,0.0,5,1,0,1,1,0,0,0,0,1,0,0,1,0,0,0,0,0,-0.8871695888892477,-1.6410189577509904,-1.4258262897515463,0.6240484318620851,-0.0630751581998614
CUST-10672,1,0.0,2,4,1,1,0,0,1,0,1,0,0,1,0,0,0,0,0,0,-0.903035709441918,1.6190567613774047,-0.2227240905931969,0.8115793365151175,-0.05214862803758955
CUST-10673,0,0.0,5,4,0,0,1,1,1,1,0,0,0,1,0,1,0,0,1,0,0.08756623309038362,-0.6561677525986205,0.28073736516334696,0.8099900915604308,-0.10490401882737317
CUST-10674,1,0.0,4,2,0,1,1,0,1,1,1,0,0,0,0,1,0,0,0,0,-1.1612822173409447,-0.9638017602123343,-2.718335886401754,0.808400846605744,0.5027704570021176
CUST-10675,0,0.0,5,2,0,1,1,1,1,0,0,0,0,0,1,0,0,0,1,0,0.5980261127491263,-0.5072785246574295,0.5997196235738631,0.8068116016510573,-0.10906587525902174
CUST-10676,1,0.0,4,2,1,1,0,1,1,0,0,0,0,1,0,0,0,0,0,1,1.321909932418329,0.9425435318195582,1.3096878226073037,0.8052223566963705,-0.11213896547005542
CUST-10677,1,0.0,1,2,0,1,1,0,1,1,0,0,0,0,0,0,1,1,0,0,-0.03073344342180949,0.08123870729924053,0.48498869414367163,0.8036331117416838,-0.10339268291698724
CUST-10678,0,1.0,2,1,0,0,0,1,1,1,0,1,0,0,0,1,0,0,1,0,0.9405216292853518,-0.8740458426591339,0.5643802334658222,0.8020438667869971,-0.11079086022251051
CUST-10679,0,0.0,5,2,0,0,1,1,0,0,1,0,0,0,1,0,0,0,0,0,-0.7744550659072145,0.39380049077862006,-0.2212924065926782,0.8004546218323104,-0.0732205418408733
CUST-10680,1,0.0,2,2,1,0,1,1,1,1,1,0,0,0,1,0,0,1,0,0,-0.40147557803101663,0.82005310315872,0.38715160201652454,0.8004546218323104,-0.09550897863506823
CUST-10681,0,0.0,3,1,0,1,0,1,1,0,1,0,1,0,0,0,0,0,0,1,2.428220944763088,-0.06307472876668933,1.3051134752825446,0.7988653768776237,-0.1143901710677467
CUST-10682,1,0.0,1,4,0,1,0,1,1,0,0,0,0,0,0,0,0,0,0,0,-0.8366116784041292,-0.285880594692869,-0.6198006139057192,0.797276131922937,-0.060849727569266036
CUST-10683,1,0.0,4,1,1,0,1,0,1,0,1,0,0,1,0,1,0,0,1,0,0.4031480039070492,1.0347633373055916,0.9801899450552392,0.7956868869682503,-0.10779134547665592
CUST-10684,1,0.0,3,1,0,0,1,1,1,0,1,0,1,0,0,0,1,1,0,0,-0.1679368053191575,-0.2274512522856875,0.2840400596453802,0.7940976420135636,-0.10120432152460768
CUST-10685,0,0.0,2,2,1,0,0,1,1,0,1,0,0,1,0,0,0,0,0,0,-0.7531256455588183,1.6602388882547554,0.09538805413557513,0.7925083970588769,-0.0747751551541496
CUST-10686,0,0.0,5,2,0,0,0,1,1,0,0,1,0,0,0,1,0,1,0,0,-0.4465225277279046,-0.838143475637854,-0.22651379746623898,0.7909191521041902,-0.09410515198822014
CUST-10687,0,0.0,3,3,0,1,0,1,1,1,0,0,1,0,0,0,0,0,0,0,-1.0894076304351343,-0.8627823549661833,-1.7007736427298898,0.7893299071495035,0.05523014229702615
CUST-10688,0,1.0,4,2,0,0,1,0,1,0,0,1,0,0,1,0,0,0,1,0,0.7487020346991075,-0.9923124634351154,0.42507825835731283,0.7893299071495035,-0.10988969754618948
CUST-10689,0,1.0,3,4,0,1,0,0,1,1,1,0,1,0,0,0,1,0,0,0,-0.8430621822020833,-0.29045638656813,-0.5713865007434656,0.7877406621948168,-0.06460385499762551
CUST-10690,1,0.0,2,3,0,1,1,0,1,1,1,0,0,1,0,1,0,0,1,0,0.375542008398427,-0.03526799352471752,0.6710897108003017,0.78615141724013,-0.10751932734069108
CUST-10691,0,1.0,5,5,0,1,1,0,1,1,1,0,0,0,1,0,0,0,0,0,-1.0931015255745864,-1.4379241952874744,-2.1228862191456295,0.7829729273307566,0.06468087617368283
CUST-10692,0,0.0,3,3,0,0,0,0,1,1,1,0,0,0,0,1,0,0,0,1,2.428220944763088,0.06399149176940958,1.3255542775031666,0.7829729273307566,-0.11424456485891957
CUST-10693,0,0.0,3,2,0,1,0,1,1,1,0,0,1,0,0,0,1,0,0,0,-0.9204090091058917,0.5588809822784275,-0.524958372283802,0.7813836823760698,-0.046196014332428
CUST-10694,0,0.0,1,2,0,1,0,0,1,1,1,0,1,0,0,0,0,0,0,1,1.3984401323459843,-1.5854054872670467,0.19025042883418142,0.7797944374213831,-0.11228066948505896
CUST-10695,0,0.0,4,3,0,0,1,0,1,0,1,0,0,0,1,0,0,0,1,0,0.81489955817724,-0.5885868264409166,0.6627516292019943,0.7782051924666964,-0.11033394022769516
CUST-10696,0,1.0,3,1,0,1,1,0,1,0,0,0,0,0,1,0,0,0,0,1,2.428220944763088,0.5609928862208559,1.3255542775031666,0.7782051924666964,-0.11314003384331649
CUST-10697,1,0.0,2,2,0,0,1,1,1,1,0,0,0,0,0,0,0,0,1,0,0.44321243727751264,-1.1883675460905372,0.1753342932433352,1.059501549446245,-0.10811410280905359
CUST-10698,0,0.0,5,4,0,1,1,0,1,1,0,1,1,0,0,0,1,0,1,0,0.3842646365791158,0.1795830342183155,0.5623579340511072,0.775026702557323,-0.10436036994693255
CUST-10699,1,0.0,2,1,1,0,1,1,1,1,0,0,0,0,1,0,0,0,0,0,-0.6214192175212901,1.1111438632234125,0.20796758551452618,0.7734374576026363,-0.08627966464829598
CUST-10700,1,0.0,3,3,1,0,1,1,1,1,0,0,1,0,0,0,0,0,0,0,-0.9332213104133598,1.857701906871796,-0.28912074478820715,0.7718482126479496,-0.041520415727726495
CUST-10701,1,0.0,4,3,0,1,1,0,1,1,0,0,1,0,0,0,0,1,0,0,-0.474562691697247,0.42653500188625804,0.20980869814719097,0.7702589676932629,-0.09298794507998448
CUST-10702,0,0.0,5,2,0,1,0,1,1,0,1,0,0,1,0,0,1,0,0,0,-0.9603552669225675,-0.21689173257354638,-0.85228752842319,0.7686697227385761,-0.03708151985118772
CUST-10703,1,0.0,4,2,0,1,1,0,0,1,0,0,0,1,0,0,1,0,1,0,0.8214096959577096,-0.5674677870166345,0.666672364579924,0.7670804777838894,-0.11026946646148349
CUST-10704,1,0.0,5,2,1,1,0,0,1,1,1,0,0,0,0,0,1,0,0,0,-1.0565536057877103,0.9235363963377038,-0.9885933306660827,0.7670804777838894,0.03278918056166206
CUST-10705,1,1.0,2,1,1,1,1,1,1,1,1,0,0,0,0,0,1,1,0,0,-0.10868922756857048,1.1586617019280483,0.7158016993197743,0.7654912328292027,-0.10227715883603357
CUST-10706,0,0.0,2,3,0,1,0,1,1,1,0,1,0,0,0,0,1,1,0,0,0.005590317828962958,-1.2591163281618831,-0.12211554590605864,0.763901987874516,-0.10368982078690867
CUST-10707,1,1.0,1,3,1,0,1,1,1,1,1,0,0,0,0,1,0,1,0,0,-0.24971838333210694,0.9231844123472994,0.5566959540895089,0.7623127429198293,-0.09969089288081272
CUST-10708,0,0.0,2,3,0,1,0,0,1,0,0,1,0,0,0,0,1,0,1,0,0.12642854040344245,-0.6790467119749263,0.2896797599131934,0.7607234979651426,-0.10527488136144228
CUST-10709,1,0.0,1,4,0,0,0,1,1,1,0,0,0,1,0,1,0,0,0,0,-1.0297408690803167,-0.9458505767016943,-1.5811617754887246,0.7591342530104559,0.02118951283664449
CUST-10710,0,0.0,1,4,0,0,1,1,1,1,1,0,0,1,0,0,1,1,0,0,-0.20480624886328538,-0.20034848502452496,0.2643805482859848,0.7575450080557692,-0.10047871263361793
CUST-10711,1,0.0,3,3,1,0,1,0,1,1,0,0,0,0,0,0,0,0,0,0,-0.7711967522320873,1.0090685060060478,-0.057465453179301726,0.7559557631010825,-0.07374635747194491
CUST-10712,0,0.0,3,1,0,0,1,1,0,0,0,0,0,0,1,0,0,0,0,1,2.207446635634087,0.2885572776476129,1.3255542775031666,1.5330965459428858,-0.1137454920629176
CUST-10713,1,0.0,2,2,0,1,1,0,1,1,1,0,0,0,1,0,0,0,1,0,0.547811278420735,0.26004657442483153,0.848027369687284,0.7543665181463958,-0.10878765132118472
CUST-10714,0,0.0,2,3,0,1,0,0,1,1,0,0,0,1,1,0,0,0,0,1,2.428220944763088,0.3339632124098198,1.3255542775031666,0.752777273191709,-0.11364458235965076
CUST-10715,1,0.0,4,1,0,0,1,0,1,1,1,0,0,1,1,0,0,0,0,0,-1.13219144318035,0.45574967308984865,-1.8094796503421178,0.7511880282370222,0.26525495432767127
CUST-10716,1,0.0,1,2,0,0,1,0,1,0,0,1,0,0,1,0,0,0,0,0,-0.7746986275533944,0.45750959304187205,-0.37975151552215275,0.7495987832823355,-0.06111370444763934
CUST-10717,1,0.0,3,4,0,0,1,0,1,0,1,0,1,0,0,1,0,0,0,0,-0.9168171113196257,0.6292777803593689,-0.47387961643995635,0.7480095383276488,-0.04929471330992721
CUST-10718,0,1.0,4,1,0,1,1,1,1,1,0,0,0,0,0,0,1,0,1,0,0.6805449327660548,-0.7346601824588702,0.5351293068587737,0.7464202933729621,-0.10956842070996936
CUST-10719,1,1.0,4,3,0,0,1,0,1,0,1,0,0,0,0,0,1,0,0,0,-0.8446120384218715,0.6493408678124374,-0.3019717825153741,0.7448310484182754,-0.06316205981357098
CUST-10720,0,0.0,4,3,1,0,1,0,1,1,0,1,0,0,0,0,1,0,1,0,0.18696491215847877,0.866866973882546,0.8251608258695542,0.7448310484182754,-0.10584947871185364
CUST-10721,0,0.0,2,1,1,1,1,1,1,1,1,0,1,0,0,0,0,0,0,0,-0.8623097022659826,0.7000265624307151,-0.322067478969379,0.7432418034635887,-0.0606584166092822
CUST-10722,0,0.0,1,3,1,1,0,1,1,1,1,0,0,0,0,0,1,1,0,0,-0.32310250358832376,0.7549360649338495,0.45124821521654146,0.741652558508902,-0.09791487887361168
CUST-10723,0,0.0,4,3,0,0,1,0,1,1,0,0,0,0,0,0,0,0,0,1,1.451640330670876,0.452933801166611,1.222914327926025,0.7384740685995286,-0.11248831206306012
CUST-10724,1,0.0,4,2,1,0,1,0,1,0,0,0,0,0,0,0,1,0,1,0,0.24438270205133278,1.200899780776613,0.9382093489952292,0.7384740685995286,-0.10650751858742376
CUST-10725,0,1.0,3,2,0,0,0,0,1,0,1,0,0,0,0,1,0,1,0,0,-0.574836433030148,-1.6818491006379361,-0.9952714475956163,0.7368848236448419,-0.08947335197326806
CUST-10726,1,0.0,4,4,1,1,1,0,1,1,0,0,1,0,0,0,1,0,0,0,-0.618055637355848,0.8633471339784992,0.15437544868329384,0.7337063337354685,-0.08642503171750092
CUST-10727,1,0.0,3,3,1,0,1,1,1,1,0,1,0,0,1,0,0,1,0,0,-0.4469204401971879,1.9083876014900736,0.5730001855949259,0.7337063337354685,-0.09420546979472003
CUST-10728,1,0.0,2,2,0,1,1,0,0,1,1,0,0,1,0,0,0,0,0,0,-0.9439719150076591,-0.6948859915431382,-1.0408649496542037,0.7337063337354685,-0.03788258967183166
CUST-10729,0,0.0,3,4,0,1,1,0,1,0,1,0,0,0,1,0,0,0,1,0,0.030094248744521556,-0.812800628328715,0.1696590302588554,0.7321170887807817,-0.10419476623647606
CUST-10730,1,0.0,2,1,1,1,0,1,1,0,1,0,0,0,1,0,0,0,0,0,-0.6338819536128859,1.3202223535238087,0.2378850059488128,1.1024111632227862,-0.08561573581570224
CUST-10731,0,0.0,3,0,0,0,1,0,0,0,0,1,0,0,0,0,1,0,1,0,1.1215088075315176,-1.0165993587730404,0.5478412758906762,0.7289385988714083,-0.11148170752951611
CUST-10732,0,0.0,2,4,0,0,0,0,1,0,1,0,0,0,0,1,0,0,1,0,0.5202448199113698,-0.7420518462573689,0.45718221459561253,0.7273493539167216,-0.1085411843994202
CUST-10733,1,0.0,2,3,0,0,0,0,1,1,0,1,0,0,0,0,0,1,0,0,-0.044677656633294684,0.14142796965844517,0.4960289426901059,0.7257601089620348,-0.10322652056660386
CUST-10734,0,0.0,5,3,0,1,0,1,1,0,1,0,0,0,0,0,0,0,0,0,-0.6337885468197371,-0.8817894904480377,-0.4662446567124284,0.7241708640073481,-0.08567976357769379
CUST-10735,1,0.0,1,2,1,0,0,0,1,1,1,0,0,1,0,0,1,0,0,0,-0.8949405605120742,0.8858741093644004,-0.3479527925397559,0.7225816190526614,-0.054859180713050334
CUST-10736,1,0.0,2,2,0,1,0,0,0,0,0,1,1,0,0,1,0,0,1,0,0.6211440687652521,-0.87298989068792,0.4432016827108735,0.7225816190526614,-0.10926837377782812
CUST-10737,0,0.0,2,1,0,0,1,0,1,1,1,0,0,1,0,0,0,1,0,0,-0.37718683964427024,0.3427628121699375,0.29407269978424777,0.7209923740979747,-0.09650569394110126
CUST-10738,1,0.0,3,2,0,1,1,0,1,0,1,0,0,0,0,1,0,1,0,0,-0.08375513355164749,0.26215847836725986,0.5042847467871345,0.719403129143288,-0.10261050165877451
CUST-10739,1,0.0,3,2,1,1,1,1,1,1,0,0,0,0,1,0,0,0,0,0,-0.9171875560453422,1.7190202146523414,-0.27030277999804386,0.7178138841886013,-0.045961745715511926
CUST-10740,0,0.0,5,4,1,0,0,0,1,1,0,0,0,0,0,0,0,0,0,0,-0.9608567849070541,1.1924521650068998,-0.5029921197958662,0.7162246392339146,-0.032586532438028296
CUST-10741,1,0.0,3,3,0,1,0,0,1,0,0,0,0,1,0,1,0,0,1,0,0.6265767946539234,-0.5973864262010343,0.5799693013504356,0.7146353942792278,-0.10932501456561507
CUST-10742,1,0.0,2,2,0,0,0,1,1,0,0,0,0,1,0,1,0,0,0,0,-0.8655911506025953,-1.3731591410530084,-1.2414303718907687,0.7130461493245411,-0.05768075922129776
CUST-10743,1,0.0,3,3,1,0,1,0,1,0,1,0,0,1,0,0,0,1,0,0,-0.279121258013656,0.8468038864294779,0.5148753406599947,0.7114569043698544,-0.09906021568315784
CUST-10744,1,1.0,4,2,0,1,1,0,1,0,0,0,0,0,0,0,0,1,0,0,-0.45613846027580857,-0.7279724866411806,-0.17786674669579505,0.7098676594151677,-0.0939069161244262
CUST-10745,0,0.0,5,2,0,1,0,0,1,1,0,1,0,0,0,0,0,1,0,0,-0.13646207084661088,-0.39253174378549494,1.1942510456595843,0.7098676594151677,-0.11445113321388228
CUST-10746,0,0.0,2,3,0,1,0,1,1,0,0,1,0,0,0,0,0,0,0,1,1.3424824986975585,-1.1570409709445184,0.5280322887390572,0.708278414460481,-0.11216217832784682
CUST-10747,1,0.0,2,3,0,0,1,0,1,0,0,0,0,0,0,0,0,0,0,1,1.2537768326768528,0.6789075230064324,1.2221742811733762,0.7066891695057943,-0.11190586865297653
CUST-10748,0,0.0,3,3,0,1,1,0,1,1,0,0,0,0,0,0,1,1,0,0,-0.45716883484037757,-0.7205808228426818,-0.1382322461465087,0.7050999245511076,-0.09509882823040915
CUST-10749,1,0.0,3,1,0,0,0,0,1,0,0,1,0,0,1,0,0,0,0,0,-1.1595930170256339,-0.07504218444044948,-2.7173402199762986,0.7035106795964209,0.9106134191602868
CUST-10750,0,0.0,2,3,0,1,1,1,1,0,0,1,0,0,0,0,1,1,0,0,-0.5099381744958393,-0.05885092088183294,0.036151195403126474,0.7019214346417342,-0.09206404333499313
CUST-10751,0,0.0,5,3,0,0,0,0,1,0,1,0,0,0,0,1,0,1,0,0,-0.05793670725006418,0.15585931326503805,0.5020371993408219,0.7003321896870475,-0.10326020054976029
CUST-10752,1,0.0,3,2,0,0,1,1,1,1,1,0,0,0,0,0,1,1,0,0,-0.1973641476029685,0.6606043555053878,0.5318457626354081,0.6987429447323608,-0.10069212753763428
CUST-10753,0,0.0,4,1,0,1,0,0,1,0,0,0,0,1,0,1,0,0,1,0,0.08842564481067815,-0.29432821046258173,0.43984765273566706,0.6987429447323608,-0.10508692072809188
CUST-10754,1,0.0,4,2,0,1,0,0,1,1,1,0,0,0,0,0,1,0,0,0,-0.9770596960708352,-0.8208962601080232,-1.1503459036174104,0.6971536997776739,-0.03253420424823153
CUST-10755,1,0.0,2,3,0,0,1,0,1,0,0,0,0,0,0,0,0,1,0,0,0.017743723146820458,-1.6818491006379361,-0.4911152617730535,0.6955644548229872,-0.1040729455513399
CUST-10756,1,0.0,4,3,0,0,0,1,1,1,1,0,1,0,0,1,0,0,0,0,-0.9357487423223912,0.07032720359669453,-0.6835820616839161,0.6939752098683005,-0.04449619577888185
CUST-10757,0,0.0,4,1,0,0,1,0,1,0,0,0,1,0,1,0,0,0,1,0,0.49083782368575013,-0.20386832492857207,0.6682722105244856,0.6923859649136138,-0.108366198093868
CUST-10758,1,0.0,2,3,0,1,1,0,1,0,0,1,0,0,0,0,0,0,0,0,-0.6803604567205879,-0.7881617490003855,-0.49468840439430856,0.6907967199589271,-0.08209028220990006
CUST-10759,1,1.0,3,2,0,0,1,0,1,1,1,0,0,1,0,1,0,0,1,0,0.3094600864814449,0.028089124748129614,0.6661330668470664,0.6892074750042404,-0.10710454214462846
CUST-10760,1,0.0,3,2,1,1,0,1,1,0,0,1,0,0,0,1,0,0,0,0,-1.1192448317704868,0.8658110219113319,-1.5920605731355235,0.6876182300495537,0.21206864652541965
CUST-10761,0,0.0,4,2,1,1,1,1,1,1,0,0,0,0,0,0,1,1,0,0,-0.5482710774015809,1.1361347265421469,0.30971287183629354,0.6876182300495537,-0.09024345871441107
CUST-10762,0,0.0,5,4,0,1,1,0,1,1,1,0,0,0,0,1,0,0,1,0,0.289484201284383,-1.6589701412616302,-0.31250912330559233,0.686028985094867,-0.10687645567036544
CUST-10763,1,0.0,4,2,0,0,1,1,0,1,1,0,0,0,0,1,0,0,0,0,-0.8688868843448706,-0.41928252705625285,-0.7054936849255535,0.6844397401401803,-0.05814673176749232
CUST-10764,0,1.0,4,4,1,1,0,0,1,1,1,0,1,0,0,1,0,0,1,0,0.728566482243938,0.9766859788888147,1.3255542775031666,0.6828504951854936,-0.11221620159867962
CUST-10765,1,0.0,2,1,1,0,0,1,1,0,0,0,0,0,0,0,1,1,0,0,0.01956087883719495,1.6472154806097812,0.8996488984321532,0.6812612502308069,-0.10408847793769634
CUST-10766,1,0.0,4,1,0,0,1,0,0,1,0,1,0,0,0,1,0,1,0,0,-0.11350802407415099,-0.9011486099202964,0.020295915883394397,1.0563230595368716,-0.10195326963690156
CUST-10767,0,0.0,4,3,1,0,1,0,1,0,0,1,0,1,0,1,0,0,0,0,-0.6537646522108542,1.4173699348755076,0.22779160218825611,0.6780827603214334,-0.08424277289671891
CUST-10768,0,0.0,2,4,0,1,1,0,1,1,1,0,0,0,1,0,0,1,0,0,-0.38641480590669985,-1.463619026587018,-0.5735418707475632,0.9593791173009819,-0.09636100973445383
CUST-10769,1,0.0,3,1,1,0,0,0,1,0,0,1,1,0,0,1,0,1,0,0,-0.08463613774900554,1.1745009814962601,0.7267887749000697,-0.6807216759357075,-0.10244786351612704
CUST-10770,0,0.0,3,3,0,1,0,0,1,0,1,0,0,0,0,0,1,1,0,0,-0.40939664386288505,-0.3355103373399325,0.036907430717041265,0.67490427041206,-0.09545575701585828
CUST-10771,0,0.0,4,2,1,0,0,1,1,1,0,0,0,0,0,1,0,0,1,0,0.2623991231973901,1.6120170815693105,1.0284381253239412,0.6733150254573733,-0.1066168814152622
CUST-10772,1,1.0,3,2,0,1,1,1,1,0,0,0,0,0,0,1,0,1,0,0,-0.494639064819618,-0.5280455800913071,-0.1295455389791791,0.6717257805026866,-0.0924610366915439
CUST-10773,1,0.0,5,3,0,1,0,0,1,1,0,1,0,1,1,0,0,0,0,0,-0.9065376066167069,-0.36542897652433265,-0.7860581286351389,0.6701365355479999,-0.0493259578757686
CUST-10774,1,1.0,2,3,0,0,1,0,1,0,1,0,0,1,0,1,0,0,0,0,-0.888835841300619,-0.17887746160983786,-0.6735977447566709,0.6685472905933131,-0.053213259818203684
CUST-10775,0,1.0,3,3,0,1,1,0,1,1,0,0,0,0,0,1,0,0,0,0,-1.1712115621194206,-1.6610820452040584,-5.0900423065271,0.6669580456386264,6.758369300189457
CUST-10776,0,1.0,1,3,0,1,0,0,0,1,1,0,0,0,0,0,0,0,0,0,-0.7477886106849209,-1.6818491006379361,-1.2567838162193223,-1.3211873926744535,-0.07709299431702883
CUST-10777,1,0.0,2,3,0,0,1,0,1,0,1,0,0,0,0,1,0,0,1,0,0.4831222093461208,0.5004516398712463,0.8875830394948171,0.619280696998025,-0.10838185623498296
CUST-10778,0,0.0,2,3,1,0,0,0,1,0,0,0,0,1,0,0,1,0,1,0,0.7219820688042048,1.0055486661020003,1.1151651901644937,0.663779555729253,-0.10979173054180187
CUST-10779,1,1.0,3,3,0,0,1,1,1,1,1,0,1,0,0,1,0,0,0,0,-0.9062446774424231,0.6035829490598256,-0.47544691073502793,0.6621903107745662,-0.0497635218625751
CUST-10780,0,0.0,4,5,0,0,0,0,1,0,0,0,0,0,0,1,0,0,0,1,2.428220944763088,-1.3622476373504624,0.6591002641099143,0.6606010658198795,-0.11443061471399471
CUST-10781,1,0.0,3,1,0,0,1,0,1,1,0,0,0,1,0,1,0,1,0,0,-0.3391557047605686,0.46912506472522736,0.3651259518458127,0.6590118208651928,-0.09756887667877417
CUST-10782,0,0.0,3,1,1,1,0,0,1,0,1,0,0,0,0,1,0,0,0,1,1.813515406677854,2.8590963595731864,0.7037981700442315,0.6574225759105061,-0.09342115438532493
CUST-10783,0,0.0,5,2,0,1,1,0,1,1,1,0,1,0,0,0,1,0,1,0,0.2965587551962901,0.3923925548170015,0.7720571439457214,0.6558333309558194,-0.10704490670317475
CUST-10784,0,0.0,4,2,1,1,1,0,1,0,0,0,0,0,0,0,0,0,1,0,0.3625715105232974,1.1565497979856199,0.988754227160254,0.6542440860011327,-0.10750119838072232
CUST-10785,1,0.0,1,1,0,1,0,0,0,1,1,0,0,1,0,0,0,0,0,0,-1.0713636917093998,0.3498024919780317,-1.2037007419126675,0.6542440860011327,0.046924840943255434
CUST-10786,1,0.0,2,3,1,0,1,0,1,1,0,0,0,0,1,0,0,0,0,0,-0.8795363744185771,1.5127575962751834,-0.18221813567866632,0.652654841046446,-0.05737989318660135
CUST-10787,1,1.0,1,4,0,1,0,1,1,0,0,0,1,0,0,0,0,0,0,0,-0.696522170652253,-0.1964766611300732,-0.26570399126059685,0.6510655960917593,-0.08112581049078024
CUST-10788,0,1.0,1,4,0,0,1,1,1,1,0,0,1,0,1,0,0,0,1,0,0.33556671162681334,-0.2668734592110146,0.5752317189658235,0.6494763511370726,-0.10728501417472909
CUST-10789,0,0.0,3,1,0,1,1,0,1,1,0,0,0,1,0,0,1,0,0,0,-0.6705884246862838,0.03301690061379553,-0.13707277537631848,0.6478871061823859,-0.08360832259134644
CUST-10790,0,0.0,4,4,0,1,1,0,1,1,0,0,1,0,0,0,1,0,1,0,0.6789018122392882,-1.4558753787981145,0.07235282137058172,0.6447086162730125,-0.10955741318827061
CUST-10791,1,0.0,2,3,0,0,0,0,1,1,0,1,0,1,1,0,0,0,0,0,-0.6806357967336564,-0.4636325098472458,-0.35024411176667614,0.6447086162730125,-0.0820090306629779
CUST-10792,0,0.0,3,1,0,0,1,1,0,1,1,0,0,1,1,0,0,0,1,0,0.878783161719718,-0.3707087363804032,0.7666489190209909,0.6431193713183257,-0.11049990588832735
CUST-10793,0,0.0,3,4,0,0,0,1,1,1,0,0,0,0,0,1,0,0,0,0,-1.0098306763412983,-0.33797422527276544,-1.1234110661071954,0.6431193713183257,-0.008440099613172984
CUST-10794,1,0.0,3,4,0,1,0,0,1,1,0,0,0,0,0,0,0,0,0,0,-0.9493184833388364,0.2452632468278338,0.26290403980545585,0.6415301263636389,-0.09641940883284507
CUST-10795,0,0.0,5,4,0,0,0,0,1,0,0,0,1,0,0,0,0,0,0,0,-0.6771021405937983,-1.6012447668352583,-0.9888647585560447,0.6399408814089522,-0.08593425843845881
CUST-10796,1,0.0,3,3,0,0,1,0,1,0,0,1,0,1,0,1,0,1,0,0,-0.5469967497230851,-1.2478528404689326,-0.5489465263153032,0.6383516364542655,-0.09141847494641968
CUST-10797,1,0.0,4,3,0,0,1,0,1,0,1,0,0,0,1,0,0,0,0,0,-0.6627427650046004,0.46011427457086684,0.1675134201045469,0.6367623914995788,-0.09112137902417984
CUST-10798,0,0.0,3,3,0,0,1,1,1,0,0,0,1,0,0,0,1,0,1,0,0.5557974177149291,-1.6818491006379361,-0.18456398042002886,0.6351731465448921,-0.10921428138426947
CUST-10799,0,1.0,4,4,0,0,1,0,1,1,1,0,0,0,0,0,0,0,0,0,-1.055615603104501,0.6127345328103477,-1.0183426826054631,1.0992326733134128,0.0236833035332744
CUST-10800,1,0.0,4,4,0,0,1,0,1,1,1,0,0,0,0,1,0,0,0,0,-0.6580931395309517,-0.4326579186916315,-0.30328955577922995,0.6319946566355187,-0.08367237194386531
CUST-10801,0,0.0,3,1,0,1,1,1,1,0,0,0,1,0,0,1,0,0,1,0,1.0042564654334936,0.1308684499463041,0.9887567267436251,0.6319946566355187,-0.1110554991953304
CUST-10802,1,0.0,4,3,1,0,1,0,1,0,1,0,1,0,0,1,0,0,0,0,-1.0951015510305817,1.6070893057036446,-1.1356667188410225,0.630405411680832,0.1044240709569887
CUST-10803,0,0.0,3,2,0,0,0,1,1,1,1,0,1,0,0,1,0,0,0,1,2.2518093326796293,-0.17676555766740978,1.2259239883430944,0.6288161667261453,-0.11411217665104308
CUST-10804,0,0.0,3,2,0,1,1,1,1,1,0,0,0,1,0,0,1,0,0,1,2.428220944763088,0.6222381005512746,1.3255542775031666,0.6272269217714586,-0.1130039230807705
CUST-10805,0,0.0,1,4,0,0,1,1,1,0,1,0,0,0,1,0,0,0,0,0,-1.0667239088641736,0.02386531686327297,-1.3011053620893154,0.6256376768167718,0.04659661117831739
CUST-10806,1,0.0,3,1,0,0,1,1,1,0,1,0,0,0,0,0,0,0,0,0,-0.7643299143941259,-0.153534614300699,-0.36960761627405453,0.6240484318620851,-0.07459220302710318
CUST-10807,1,0.0,3,2,0,0,1,0,1,0,1,0,0,1,0,1,0,0,0,0,-0.618186418634575,-0.2844726587312499,-0.18374952917586093,0.6224591869073984,-0.0864922856870413
CUST-10808,1,0.0,4,2,1,0,0,0,1,1,1,0,1,0,0,1,0,0,1,0,0.622430981051282,0.7021384663731435,1.0047099933898833,0.6208699419527117,-0.10929361487716903
CUST-10809,0,0.0,2,3,0,1,1,0,1,0,1,0,0,0,0,0,0,1,0,0,-0.08887559861850225,-0.8106887243862868,0.09938903268514195,0.6208699419527117,-0.10268165405115699
CUST-10810,0,1.0,3,3,0,1,1,0,1,0,1,0,0,1,0,0,1,0,1,0,0.06462975985824336,-1.2334214968623398,-0.057028467530576984,0.619280696998025,-0.10463941241375731
CUST-10811,0,0.0,4,2,0,0,1,1,1,0,1,0,0,1,0,1,0,0,1,0,0.5249806067701918,0.04040856441229466,0.7691441660962661,0.6176914520433383,-0.10862633283849207
CUST-10812,1,1.0,4,1,0,1,0,1,0,0,1,0,1,0,1,0,0,0,0,0,-1.0272924888738681,0.1653628810059655,-0.9873053734849833,0.6161022070886516,-0.003064233706881127
CUST-10813,0,0.0,3,2,0,0,1,0,1,0,0,0,0,1,1,0,0,0,1,0,0.9748495574328585,-1.6818491006379361,-0.03423102578937812,0.6145129621339649,-0.11107009006985515
CUST-10814,1,0.0,3,3,0,0,1,0,1,0,1,0,0,0,0,1,0,0,1,0,0.2918719101520647,-0.04899536915050111,0.6280327132583521,0.6129237171792781,-0.10689392253575769
CUST-10815,0,0.0,4,3,0,0,1,1,1,1,1,0,0,0,1,0,0,1,0,0,-0.14293354313922232,-1.333736934127681,-0.27094759174583305,-0.7363452493497425,-0.10161564340505164
CUST-10816,0,0.0,4,2,0,0,1,0,1,1,1,0,0,1,0,1,0,0,0,1,1.4723628814110115,0.6239980205032986,1.272108703465154,0.6097452272699047,-0.1125229151890858
CUST-10817,1,0.0,5,4,0,1,0,0,1,0,0,1,1,0,0,0,0,0,1,0,0.2703671800343986,-1.6818491006379361,-0.3342625401998684,0.6097452272699047,-0.10696201790836755
CUST-10818,0,1.0,4,3,1,1,1,0,1,1,0,1,0,0,0,0,1,0,0,0,-0.9074011152983822,1.9083876014900736,-0.199140748584273,0.608155982315218,-0.04940882772199725
CUST-10819,0,1.0,2,2,1,1,0,0,1,0,0,0,1,0,0,0,0,1,0,0,-0.5029982547820205,2.8590963595731864,-0.0848771526440047,0.6065667373605312,-0.045643383725466904
CUST-10820,0,0.0,4,2,0,0,0,1,1,1,0,1,1,0,0,1,0,1,0,0,-0.3591846388540919,-0.9514823205481695,-0.19510382216677372,0.6049774924058445,-0.09700867373644564
CUST-10821,1,0.0,1,3,0,1,1,0,1,1,1,0,0,0,0,0,1,0,0,0,-1.1099263048554664,-0.3369182733015513,-1.849055824598272,0.6033882474511578,0.16991068434746862
CUST-10822,1,1.0,3,1,0,1,0,1,1,0,1,0,1,0,0,1,0,0,0,1,2.428220944763088,0.5493774145375006,1.3255542775031666,0.6017990024964711,-0.1131658479534545
CUST-10823,1,0.0,3,2,1,1,0,0,1,1,0,1,0,0,0,1,0,0,0,0,-1.0127601906599009,0.9020653729230167,-0.7441286520032373,0.6002097575417844,-0.009923918060204727
CUST-10824,0,1.0,5,2,0,0,1,1,1,1,1,0,0,0,0,0,0,0,1,0,0.2590086834591813,-0.327766689551029,0.5152208322124788,0.5986205125870977,-0.10667028181372541
CUST-10825,0,1.0,2,1,0,0,1,0,1,0,1,0,1,0,0,1,0,1,0,0,-0.32987130696264433,-1.55724676803467,-0.6023581138371943,0.5986205125870977,-0.09810901690812651
CUST-10826,0,1.0,4,3,0,1,0,1,1,1,0,1,0,0,1,0,0,0,0,0,-1.1469934200283227,-1.318249638549874,-3.894425763921579,0.597031267632411,2.046065230393821
CUST-10827,1,0.0,2,3,0,1,1,0,1,1,0,0,0,0,0,0,1,0,0,1,1.9316225737979429,0.2642703823096882,1.2987048540790205,0.5954420226777243,-0.11359280935423705
CUST-10828,1,0.0,4,4,1,0,1,0,1,1,0,0,0,1,0,1,0,0,1,0,1.1172127517807993,1.0044927141307862,1.26001128803343,0.5938527777230376,-0.11148821715203219
CUST-10829,1,0.0,3,2,1,0,0,0,1,0,1,0,1,0,0,1,0,1,0,0,-0.2851613372795625,1.1417664703886221,0.5733793802058677,0.5922635327683509,-0.09881269926620133
CUST-10830,0,0.0,4,3,0,1,1,0,1,1,0,1,0,0,0,1,0,0,0,0,-0.8656610762219742,0.1410759856680403,-0.4872272365049494,0.5906742878136642,-0.05989882426534585
CUST-10831,1,1.0,4,3,1,0,0,0,1,1,0,1,0,0,1,0,0,0,1,0,0.11765337015173843,0.9826697067256948,0.8190905550629919,0.5890850428589774,-0.10523756388127796
CUST-10832,1,0.0,3,3,1,1,0,0,1,1,0,0,0,0,0,0,1,0,0,0,-0.635318605658327,1.9083876014900736,0.3467962115680315,0.5874957979042907,-0.08540115590005332
CUST-10833,1,0.0,5,2,1,1,1,0,1,0,0,1,1,0,1,0,0,0,0,0,-0.8236413814990902,1.218850964287253,-0.09752761249698953,0.5874957979042907,-0.06821605227042239
CUST-10834,0,1.0,4,1,1,0,0,0,1,1,0,0,0,0,0,0,0,1,0,0,-0.3287504546559709,0.9355038520114639,0.4849420410318369,0.5859065529496039,-0.0976384428168415
CUST-10835,0,1.0,3,3,0,1,0,0,1,1,0,0,0,0,0,0,0,0,0,1,2.428220944763088,-0.8898851222273458,0.9554330197260635,0.5843173079949172,-0.1143707301545957
CUST-10836,0,1.0,3,1,1,0,0,1,0,0,1,0,0,0,1,0,0,1,0,0,-0.1497071384548437,0.9784458988408381,0.6452095418418909,0.5827280630402305,-0.10157588596999535
CUST-10837,0,1.0,5,2,0,1,1,0,1,1,0,0,0,0,0,1,0,0,0,1,1.474498596186034,0.4490619772721593,1.2282640963672584,0.5811388180855438,-0.11254762321101087
CUST-10838,0,0.0,1,1,0,0,0,0,1,0,0,0,0,0,0,0,1,0,1,0,0.08685008200477641,0.6489888838220326,0.7240648700294153,0.3936079134325115,-0.10496824407101996
CUST-10839,1,0.0,3,2,1,0,0,0,1,1,0,0,0,0,1,0,0,1,0,0,-0.4030347732241615,1.2934715702530508,0.49824227571428564,0.3443413198372234,-0.0956502618217936
CUST-10840,0,0.0,5,2,0,1,1,0,1,1,0,0,1,0,0,0,0,0,1,0,1.1399065225698606,0.34065090822750915,1.1000272295353692,0.5763710832214837,-0.11158485112096793
CUST-10841,0,0.0,1,1,0,0,1,0,1,1,1,0,0,1,0,1,0,1,0,0,-0.41188705729831926,-0.146494934492605,0.119838439518383,0.574781838266797,-0.0958899525155983
CUST-10842,0,0.0,4,2,0,1,1,1,0,1,0,0,0,0,0,1,0,0,0,1,1.261809685791105,-1.1679524746470642,0.4964788249042662,0.574781838266797,-0.11192135544086654
CUST-10843,1,0.0,3,1,0,0,1,0,0,1,0,0,0,1,1,0,0,0,0,0,-0.7638137394100152,-0.3513496169081444,-0.46546155059154665,0.5731925933121103,-0.07320219410637667
CUST-10844,1,0.0,2,4,0,1,0,0,1,1,1,0,1,0,0,1,0,0,0,0,-1.0124348384295714,0.1868339044206526,-0.9403941593725824,0.5716033483574235,-0.009104393461673863
CUST-10845,0,1.0,4,4,0,1,1,0,1,1,1,0,0,0,1,0,0,0,1,0,1.145765628012244,0.25511879855916564,1.070145808717222,0.5700141034027368,-0.11153159393332948
CUST-10846,1,0.0,4,3,0,1,1,0,1,1,0,0,0,0,0,1,0,1,0,0,-0.1139352709199166,0.21956841552829007,0.4638547416469583,0.0535094931295546,-0.10197858656387072
CUST-10847,0,0.0,3,4,1,1,0,1,1,1,0,1,0,0,0,0,0,0,0,1,1.4653737230352875,0.9752780429271957,1.3255542775031666,0.5668356134933634,-0.11221933058172665
CUST-10848,1,0.0,2,2,1,0,1,0,1,0,1,0,1,0,0,0,0,0,0,1,2.1611501360347063,0.8756665736426636,1.3255542775031666,0.5652463685386767,-0.11244070613230432
CUST-10849,1,0.0,3,2,0,0,0,0,1,0,0,1,1,0,0,0,0,0,0,0,-1.1119467540369652,-0.10355288766323056,-1.7294275352853365,0.56365712358399,0.15681988102329497
CUST-10850,0,0.0,3,2,0,1,1,0,1,0,1,0,0,0,0,0,1,1,0,0,-0.3426138930724606,-0.93282716905672,-0.1719204965412319,0.56365712358399,-0.09738816767281948
CUST-10851,0,0.0,1,2,0,0,1,1,1,1,0,0,0,1,1,0,0,0,0,0,-0.6132653369788545,0.3666977235174578,0.028029849122718296,0.5620678786293033,-0.08653238470126594
CUST-10852,1,1.0,2,2,1,1,0,0,1,0,0,0,0,1,0,0,0,1,0,0,0.0036433623682153226,1.9083876014900736,0.9399387666887347,0.5604786336746166,-0.10392251376111164
CUST-10853,0,0.0,3,1,0,1,0,0,0,0,0,1,0,1,1,0,0,0,1,0,0.7186489174989078,0.3012287013021823,0.9291430378481518,0.5588893887199299,-0.10972345267466259
CUST-10854,1,0.0,5,1,0,1,1,1,0,1,0,1,0,1,0,1,0,0,0,0,-0.7823140429353814,-0.3506456489273349,-0.46626168974452115,0.5573001437652431,-0.07313665182179575
CUST-10855,0,0.0,4,2,0,1,0,0,1,1,1,0,0,0,0,1,0,1,0,0,-0.1999882112371449,0.5279063911228135,0.49868130563164237,0.5557108988105564,-0.10072737541864911
CUST-10856,1,0.0,2,4,0,1,1,1,1,0,1,0,0,0,0,1,0,0,1,0,0.3046345451344149,0.5909115254052557,0.8252414610157994,0.5541216538558696,-0.10703734951209608
CUST-10857,1,0.0,2,4,0,0,1,0,1,1,1,0,1,0,0,1,0,0,0,0,-1.004657492697616,0.5792960537219004,-0.8458532183497699,0.5525324089011829,-0.0067604524582639694
CUST-10858,0,1.0,2,3,1,0,1,1,1,1,0,0,1,0,0,0,0,0,1,0,0.8442389669515588,1.4117381910290323,1.2518065496423552,0.5525324089011829,-0.11040317993230726
CUST-10859,1,0.0,4,1,0,1,0,1,1,1,0,0,0,0,0,0,1,1,0,0,-0.05819290983503059,0.36951359544069534,0.5526326203068959,0.5509431639464962,-0.10299462281915679
CUST-10860,0,1.0,3,1,1,0,1,0,1,1,1,0,0,1,1,0,0,0,0,1,2.412020317083927,1.361404480401159,1.3255542775031666,0.5493539189918095,-0.1113612069810775
CUST-10861,1,0.0,1,3,0,0,0,1,1,1,0,0,1,0,0,1,0,0,0,0,-0.679557490875246,0.2051370719216972,-0.12078602458362497,0.5477646740371228,-0.08179479404469878
CUST-10862,1,0.0,2,2,1,0,1,1,1,0,1,0,1,0,0,0,1,0,0,0,-1.040620219465177,1.5588674990181994,-0.7570215101668099,0.5461754290824361,0.014714577008543414
CUST-10863,1,0.0,5,2,1,1,1,0,1,0,1,0,0,0,1,0,0,1,0,0,-0.32921337607395407,1.2360981798170838,0.555519517636102,0.5445861841277494,-0.09774000619878084
CUST-10864,1,1.0,4,3,1,1,0,0,1,0,0,1,0,1,1,0,0,0,0,0,-1.0703553250262623,0.7953438270323097,-1.0747566196786833,0.5429969391730627,0.044367038520210865
CUST-10865,0,0.0,4,2,1,0,1,0,1,1,1,0,0,0,1,0,0,0,0,1,2.428220944763088,0.7954142238303904,1.3255542775031666,0.541407694218376,-0.11261905816598528
CUST-10866,1,0.0,1,2,1,1,0,0,0,0,0,1,0,0,1,0,0,0,0,0,-1.1307805742486232,1.9083876014900736,-1.5895084673978397,0.541407694218376,0.319263953942817
CUST-10867,1,0.0,5,2,1,1,1,0,1,0,1,0,0,1,0,0,0,0,1,0,0.5052835323274342,1.098824423559248,1.0464730487210665,0.5398184492636893,-0.10856847631701022
CUST-10868,1,0.0,3,2,0,0,0,0,1,1,0,1,0,1,1,0,0,1,0,0,-0.28302556595837425,-0.9349390729991484,-0.14856878970248738,0.5382292043090026,-0.09809259348848158
CUST-10869,1,0.0,3,2,0,1,0,1,1,0,0,1,0,0,0,0,0,1,0,0,-0.0837551335516473,0.2216803194707184,0.49229109006321004,0.5843173079949172,-0.10261067028254058
CUST-10870,1,0.0,5,4,0,1,1,1,1,0,1,0,0,1,0,1,0,0,0,0,-1.0963310317614325,-0.3175591538292925,-1.6688268271988826,0.5350507143996291,0.11090731262784101
CUST-10871,1,0.0,1,1,1,1,1,0,1,1,1,0,0,0,0,1,0,1,0,0,-0.008159468370400706,1.9083876014900736,0.9252283122567528,0.5334614694449424,-0.1036166936445877
CUST-10872,1,0.0,3,3,1,0,0,0,1,1,0,0,1,0,1,0,0,1,0,0,-0.12031338252703713,1.2832640345313142,0.7302766202556292,0.5318722244902557,-0.10199627664475508
CUST-10873,1,0.0,4,4,1,1,0,0,1,1,0,0,1,0,0,0,0,0,0,0,-0.7818242408873365,1.9083876014900736,0.11943732757131534,0.530282979535569,-0.07346613006627718
CUST-10874,0,1.0,1,1,0,1,1,0,0,1,0,0,0,0,0,1,0,0,0,1,1.7194516977513696,-0.8406073635706869,0.8175018455464625,0.530282979535569,-0.11312682456677445
CUST-10875,0,1.0,3,1,1,1,1,0,1,1,0,0,0,0,0,1,0,0,0,0,-0.7423553536744617,1.1252232228396009,0.016367619932443518,0.5286937345808822,-0.07654348630207375
CUST-10876,0,1.0,2,1,0,0,0,1,1,1,1,0,0,1,1,0,0,1,0,0,-0.4601231494519812,-1.4791063221648248,-0.6415716499436329,0.5271044896261955,-0.09464665809468993
CUST-10877,0,0.0,2,4,0,0,0,1,1,1,0,1,0,0,0,0,1,1,0,0,-0.23483692965666608,-1.6818491006379361,-0.6669768431928443,0.5255152446715088,-0.10003718765221561
CUST-10878,0,0.0,3,2,0,1,1,0,1,0,1,0,0,0,0,1,0,0,0,0,-1.0512406515118675,-0.4572967980199611,-1.3895700785544836,0.5239259997168221,0.028756644921412736
CUST-10879,0,0.0,4,2,1,1,0,0,1,1,1,0,0,0,0,1,0,0,0,1,2.0563122360882806,1.5588674990181994,1.3255542775031666,0.5223367547621354,-0.11092236710873095
CUST-10880,1,0.0,3,2,0,1,1,0,1,0,0,0,0,0,0,0,1,0,0,0,-0.6140889985934416,-1.0862921888731722,-0.574857695914558,0.519158264852762,-0.08603851645541297
CUST-10881,0,0.0,3,3,0,0,0,1,1,0,0,0,0,1,0,0,1,0,0,0,-1.0769535965522588,-0.055683064968190456,-1.3949429840394183,0.519158264852762,0.062090286749161866
CUST-10882,1,0.0,1,3,1,1,1,0,1,0,1,0,0,0,0,0,1,0,0,0,-0.5893203930393918,1.2174430283256343,0.2757574359903777,0.519158264852762,-0.08818038796212194
CUST-10883,1,0.0,2,2,1,1,1,0,1,0,1,0,1,0,0,0,0,1,0,0,-0.07608723637591802,0.8556034861895956,0.6603463233524086,0.5175690198980752,-0.10258726380556574
CUST-10884,0,0.0,5,1,0,0,0,1,1,1,0,0,0,0,0,0,0,1,0,0,-0.3116652226353325,0.23646364706771614,0.7021547923583492,0.5159797749433885,-0.10662741357860568
CUST-10885,0,0.0,4,3,0,1,0,0,1,0,1,0,0,1,0,1,0,0,1,0,0.24746442581696182,-0.03456402554390824,0.6156762265132563,0.5143905299887018,-0.10660446356544806
CUST-10886,1,0.0,3,2,0,0,0,0,0,0,1,0,1,0,0,1,0,0,0,0,-1.109587396865061,-0.5044626527341917,-2.064472677082136,0.5128012850340151,0.2324533647258152
CUST-10887,1,0.0,3,3,0,1,0,0,1,0,0,1,0,0,0,1,0,0,0,0,-0.7756946911747267,-1.1936473059466077,-0.8383035923947183,0.5112120400793284,-0.07626361141566163
CUST-10888,0,0.0,3,2,0,1,0,0,1,0,0,0,0,0,1,0,0,0,1,0,0.878096833854608,-0.4266741908547517,0.7435379998320272,0.5096227951246417,-0.11048832941272202
CUST-10889,1,0.0,3,1,0,1,1,1,1,0,1,0,0,0,0,1,0,0,0,0,-1.0781111169295903,-1.2035028576779394,-2.1364845259659764,0.508033550169955,0.11811738094298459
CUST-10890,0,0.0,4,3,0,0,0,0,1,1,0,0,1,0,0,0,1,0,1,0,1.1471913283694828,-1.6818491006379361,0.008522291124587642,0.508033550169955,-0.11153406614836119
CUST-10891,1,1.0,1,1,1,0,0,1,1,1,0,1,0,0,0,0,1,0,0,0,-1.062326480555912,1.9083876014900736,-0.8526844026652721,0.5064443052152683,0.046507432419442864
CUST-10892,0,0.0,5,3,0,0,0,0,1,1,1,0,1,0,1,0,0,0,1,0,0.9838547987728752,0.013657781141536754,0.9434000766744004,0.5048550602605816,-0.11096411987980377
CUST-10893,1,0.0,3,1,1,1,1,0,1,1,1,0,0,1,0,1,0,0,0,0,-0.6402260091487932,1.9083876014900736,0.3393278175519215,0.5032658153058949,-0.08506329480486803
CUST-10894,1,1.0,5,2,0,0,0,0,0,0,0,1,0,0,0,1,0,1,0,0,-0.039431869180313564,-0.9243795532870069,0.07456791190463578,0.501676570351208,-0.10343642716751192
CUST-10895,0,0.0,3,1,0,1,1,0,1,1,0,0,0,0,0,0,0,0,0,0,-0.9787476542394227,-0.4907352771084081,-1.0788723106448725,0.5000873253965213,-0.022870467232245825
CUST-10896,0,1.0,4,3,0,1,0,0,1,1,0,0,0,0,0,1,0,0,0,0,-1.0959107203587277,-0.8567986271293034,-1.8654834200300854,0.4984980804418347,0.09852907310213029
CUST-10897,0,1.0,4,2,0,1,1,0,1,0,0,1,0,0,0,0,0,0,0,0,-0.8857665338855364,-0.7145970950058019,-0.8391108840226446,0.496908835487148,-0.057719946375445016
CUST-10898,1,0.0,3,2,1,1,1,0,1,0,1,0,0,1,0,1,0,0,0,0,-1.0137577790369028,0.8844661734027813,-0.7762274911131999,0.496908835487148,-0.005809416224842383
CUST-10899,0,0.0,4,4,0,1,0,0,1,0,0,0,0,0,0,0,1,0,0,0,-0.9587554091641454,0.5599369342496416,-0.629511224439876,0.4937303455777745,-0.03532181652698915
CUST-10900,1,0.0,4,1,1,1,0,0,0,0,1,0,0,0,1,0,0,1,0,0,-0.3098580455505139,0.8862260933548047,0.5007108976890736,0.4937303455777745,-0.09841413018565444
CUST-10901,1,0.0,3,3,1,1,0,1,1,0,0,0,0,0,0,0,1,1,0,0,-0.11001200658548055,1.3793556639117992,0.7576638696823426,0.4921411006230878,-0.10216676841823358
CUST-10902,0,0.0,3,3,1,1,1,0,1,0,0,0,0,0,0,0,1,0,1,0,0.6971585488708268,1.131206950676481,1.1303221099872713,0.4905518556684011,-0.10962324591316444
CUST-10903,0,0.0,3,2,0,0,1,0,1,1,1,0,0,0,0,0,1,0,1,0,0.10545322791821155,-1.1028354364221933,0.04671909820874614,0.5334614694449424,-0.10497644127492513
CUST-10904,1,1.0,3,1,0,1,1,0,1,1,0,1,0,1,0,1,0,1,0,0,-0.05008176667329758,-0.5910507143737496,0.22291372212542032,0.4873733657590277,-0.1031251498558465
CUST-10905,0,1.0,3,4,0,1,0,1,1,1,1,0,0,1,0,0,0,0,0,0,-0.5930197332749475,0.0900383070593582,1.3255542775031666,0.48578412080434097,-0.11418667867254943
CUST-10906,1,0.0,1,2,1,0,1,1,1,0,1,0,0,1,0,0,0,1,0,0,-0.40632475163215837,1.9083876014900736,0.609658637875994,0.48578412080434097,-0.09540088522063656
CUST-10907,1,0.0,5,2,1,1,0,1,1,0,0,1,1,0,0,1,0,1,0,0,-0.5346719000297772,0.7774630403197508,0.2476465387708235,0.48419487584965426,-0.09104821824584484
CUST-10908,0,0.0,4,1,1,1,1,0,1,0,0,0,0,1,0,0,0,0,1,0,1.0412020170393002,0.8344844467653129,0.9800433079340217,0.48260563089496755,-0.10849111645269634
CUST-10909,0,0.0,3,3,0,1,1,0,1,0,1,0,0,1,0,0,1,1,0,0,-0.18170751863886173,0.6729237951695528,0.5452850641965046,0.4810163859402808,-0.10094651600988999
CUST-10910,0,0.0,1,3,0,0,1,0,1,0,0,1,0,0,0,1,0,0,0,0,-1.171311721576765,-0.67482290409007,-2.801066911806553,0.4794271409855941,0.722905251769884
CUST-10911,0,0.0,4,1,0,1,1,0,0,0,0,0,0,0,1,0,0,0,1,0,0.08836976126365166,0.23892753500054884,0.6051366973262405,0.47783789603090737,-0.10485162709861462
CUST-10912,1,0.0,1,2,1,0,0,0,1,1,1,0,0,0,0,0,1,0,0,0,-0.9062527543691853,0.9699982830711253,-0.4035386159046592,0.47465940612153396,-0.04811088654775939
CUST-10913,0,0.0,4,3,0,1,1,0,1,1,0,0,1,0,0,1,0,0,0,1,1.4765107558350241,-0.06870647261316477,1.0717007554409672,0.47465940612153396,-0.11255384579329715
CUST-10914,0,1.0,1,4,0,0,0,1,1,1,1,0,1,0,1,0,0,0,1,0,1.1771793273696423,-0.8370875236666397,0.6717051204759115,0.47465940612153396,-0.11175011605657853
CUST-10915,1,0.0,4,2,0,1,1,1,1,1,0,0,1,0,0,1,0,0,0,0,-1.082240890736207,-0.12044811920265663,-1.4200513341982772,0.47148091621216054,0.06282490239308927
CUST-10916,1,0.0,3,2,0,1,1,0,1,1,0,0,0,1,1,0,0,0,0,0,-1.0429868982685493,-0.3756365122460691,-1.2513914652014242,0.47148091621216054,0.009482384662412817
CUST-10917,0,0.0,4,3,1,1,0,0,1,0,0,0,0,0,0,0,0,1,0,0,-0.35649981593325153,1.483894909061997,0.3906419450779054,-0.9429470934590154,-0.09055641164220746
CUST-10918,0,0.0,2,1,0,0,1,0,1,1,1,0,0,1,1,0,0,1,0,0,-0.048654178793446044,-0.6417364089920276,0.2219591087277305,0.4683024263027871,-0.10358736163466982
CUST-10919,0,0.0,1,1,0,1,0,1,1,0,1,0,0,1,1,0,0,0,0,0,-0.7917712396763954,-1.5086729773588203,-1.0966567249204244,-1.3640970064509947,-0.07578108037365112
CUST-10920,1,1.0,2,4,0,0,1,0,1,1,1,0,1,0,0,0,0,0,1,0,0.3384077062043308,-1.3439444698494176,0.01401168455010755,0.46512393639341365,-0.10735668367338826
CUST-10921,0,0.0,3,1,0,0,1,1,1,1,0,1,0,0,0,1,0,1,0,0,-0.09187901133483634,-1.2429250646032668,-0.18535146417994117,0.46353469143872694,-0.10204786624711604
CUST-10922,1,1.0,2,1,1,1,1,1,1,1,0,0,1,0,0,0,1,0,0,0,-0.7060285602598244,0.9685903471095063,0.034630655410795935,0.46353469143872694,-0.07947707760177763
CUST-10923,1,0.0,1,2,1,0,0,1,1,0,0,1,0,0,1,0,0,0,0,0,-1.1473150964728598,1.5342286196898705,-1.728884528544284,0.46194544648404023,0.3611012292355645
CUST-10924,0,1.0,3,4,0,1,1,1,1,0,0,0,0,0,0,1,0,0,1,0,0.4890384359746155,-1.6600260932328443,-0.22717211346187968,0.4603562015293535,-0.10824187800572091
CUST-10925,1,0.0,4,1,1,1,0,0,1,1,0,0,1,0,1,0,0,0,0,0,-0.8875813271129571,1.63067223306076,-0.1756997326871854,0.4587669565746668,-0.05601391882086
CUST-10926,0,0.0,3,2,0,1,0,1,1,1,1,0,0,1,0,1,0,0,1,0,0.9839966176949564,-1.2277897530158643,0.3647389612766861,0.4571777116199801,-0.11094925865165525
CUST-10927,0,0.0,2,3,1,0,0,0,1,1,0,0,0,0,0,1,0,1,0,0,-0.5227669825827653,0.7507122570489928,0.24330948309462438,0.4555884666652934,-0.09113259351907817
CUST-10928,0,0.0,3,2,0,0,0,0,1,0,1,0,1,0,0,1,0,1,0,0,-0.14368499232828547,0.25666752811694626,0.45084181263716633,0.4539992217106067,-0.10141336268396625
CUST-10929,1,0.0,3,3,0,1,0,1,1,0,0,1,0,1,0,1,0,0,0,1,1.302010550355411,0.6335015882442255,1.2273814718862495,0.45240997675591993,-0.11207292721002768
CUST-10930,0,0.0,4,3,0,1,1,1,1,0,0,0,0,0,0,1,0,0,1,0,1.2168598575665281,-1.268971879893215,0.41465525579699464,0.4508207318012332,-0.11180043312288131
CUST-10931,0,0.0,3,4,0,0,1,0,1,1,1,0,0,0,1,0,0,0,0,0,-0.6198729318151787,-1.6818491006379361,-1.0753269091933666,0.4508207318012332,-0.08612590220140905
CUST-10932,0,1.0,4,1,0,1,1,1,1,1,0,0,0,0,0,0,1,0,0,0,-0.8965264176575404,-0.886013298332894,-1.0109698715206556,0.4492314868465465,-0.05029688780395338
CUST-10933,1,0.0,4,2,0,0,1,0,0,1,0,0,0,0,0,0,0,0,1,0,0.6157547404939365,0.41280762626047446,0.9197261099763601,0.4476422418918598,-0.10917735691417829
CUST-10934,1,1.0,3,2,1,1,1,0,1,1,1,0,0,0,0,0,0,1,0,0,-0.49594754052632123,1.9083876014900736,0.5204158437647887,0.4460529969371731,-0.09238658620913391
CUST-10935,1,0.0,3,1,0,1,0,1,1,1,0,1,0,0,1,0,0,0,0,0,-0.9218575750567872,-1.1253624118080947,-1.1295958369501695,0.4444637519824864,-0.05212778346358836
CUST-10936,0,0.0,4,2,0,1,0,0,1,1,1,0,0,0,1,0,0,0,0,1,1.6442403069095963,-0.14262311059815325,1.0927821962837017,0.44128526207311297,-0.11296851548321521
CUST-10937,0,0.0,4,2,0,0,1,1,1,1,1,0,1,0,0,1,0,0,0,0,-0.9128037490382381,-0.8289918918873316,-0.9843597915666963,0.43969601711842626,-0.050017990863526735
CUST-10938,1,1.0,3,1,0,1,1,0,1,1,0,1,1,0,0,0,1,0,0,0,-1.1467775921327117,-0.05638703294899973,-2.155530284367442,0.43969601711842626,0.3755722372984406
CUST-10939,0,1.0,1,1,0,0,1,0,1,1,0,1,1,0,0,0,0,0,0,0,-1.1535788138392067,-1.6818491006379361,-5.0900423065271,0.43969601711842626,6.540081936586728
CUST-10940,1,0.0,1,3,1,1,1,1,1,0,0,0,1,0,1,0,0,1,0,0,-0.007687111828265158,1.5437321874307974,0.8566660335462613,0.4381067721637395,-0.10361449329851356
CUST-10941,0,0.0,3,2,0,0,1,1,1,0,1,0,1,0,0,0,0,0,1,0,0.12461209468909615,-0.01274101813881626,0.5474342895538259,0.4365175272090528,-0.1052515528054098
CUST-10942,1,0.0,3,4,0,0,1,0,1,0,1,0,0,1,1,0,0,0,0,0,-0.7303208754074425,0.6427939655909101,0.008413007616041013,0.4349282822543661,-0.08218137084613855
CUST-10943,1,0.0,3,4,0,0,0,0,1,1,1,0,1,0,1,0,0,0,0,0,-0.7145678674945322,-0.283416706760036,-0.3498933977394797,0.4333390372996794,-0.07837628754094401
CUST-10944,0,0.0,5,2,0,1,1,1,1,0,1,0,0,0,0,0,0,0,0,0,-0.6796212011481895,0.16325097706353717,-0.10335218396426991,0.43174979234499267,-0.08326548824403703
CUST-10945,0,0.0,3,3,0,1,1,0,1,0,0,0,0,1,1,0,0,1,0,0,-0.29508949097863124,-0.35705175755270085,0.1336047057582152,0.43016054739030596,-0.09856924563446907
CUST-10946,0,1.0,3,3,0,1,1,0,1,1,1,0,0,1,0,0,1,0,0,0,-1.1062100324473834,0.1009498107619042,-1.4891459889964485,0.42857130243561925,0.1003724726679206
CUST-10947,0,1.0,4,4,0,1,1,0,1,1,1,0,0,0,0,0,1,0,0,1,2.003522382461533,0.13896408172561248,1.2781190690123077,0.1933630491419855,-0.11372578962611957
CUST-10948,0,0.0,3,2,0,0,0,1,1,0,1,0,0,0,1,0,0,0,0,0,-0.8756309497508079,-0.8765097305919668,-0.8754521125672637,0.42698205748093254,-0.06124395191369301
CUST-10949,0,0.0,2,4,0,0,0,0,1,0,0,1,1,0,0,1,0,0,0,1,2.428220944763088,-0.6023142020667003,1.1001653544220709,0.4253928125262458,-0.11440739568475583
CUST-10950,1,0.0,3,2,0,0,1,0,1,1,0,1,0,0,0,1,0,0,0,0,-0.9520065589183805,-1.1074112282974546,-1.2021256117666503,0.42380356757155907,-0.04424250798014742
CUST-10951,0,0.0,3,2,0,0,1,1,1,1,1,0,0,0,0,0,0,0,1,0,0.5966623992925563,-0.817376420203976,0.4546180317641412,0.42221432261687236,-0.10903194038670862
CUST-10952,1,0.0,4,1,1,1,0,0,0,0,1,0,1,0,0,0,1,0,0,0,-0.874251714301688,1.2832640345313142,-0.21808096781868522,0.42062507766218565,-0.058275869778428406
CUST-10953,1,0.0,4,3,1,0,0,0,1,1,1,0,1,0,1,0,0,0,0,0,-1.076865203024194,1.871781266487984,-0.949843552411972,0.41903583270749895,0.06757221151649279
CUST-10954,0,1.0,4,3,0,1,1,1,1,0,1,0,0,0,0,1,0,0,0,1,1.3209367360030333,-1.3552079575423681,0.3835840392019203,0.41744658775281224,-0.11214083232122124
CUST-10955,0,0.0,5,2,0,1,0,1,1,1,1,0,1,0,0,0,1,0,1,0,1.1746654072301022,0.18197652535306744,1.1144836183813194,0.5350507143996291,-0.11220078242245868
CUST-10956,1,0.0,3,2,0,0,1,0,1,0,1,0,1,0,0,0,0,1,0,0,-0.5569483581532919,-0.37352460830364076,-0.1391315919940831,0.41585734279812553,-0.08974644773029979
CUST-10957,0,0.0,4,2,1,1,1,0,1,1,0,0,0,0,0,0,0,0,1,0,0.27877918776489513,1.4370810383381711,1.0090541370910269,0.4142680978434388,-0.10687261230549082
CUST-10958,1,0.0,4,1,0,1,0,0,1,1,1,0,1,0,0,0,1,1,0,0,-0.19926229213546037,0.10446965066595106,0.3719464003797495,0.4126788528887521,-0.10061610272075869
CUST-10959,1,0.0,4,3,0,0,0,0,1,0,1,0,0,0,0,1,0,0,1,0,1.126328869535072,-0.04582751323685862,0.9734635728896134,0.41108960793406535,-0.11150755277080386
CUST-10960,0,0.0,4,2,0,1,1,0,1,1,1,0,0,1,1,0,0,0,0,0,-0.7232960172549853,-0.8244161000120703,-0.5584274933348238,0.40950036297937864,-0.07977331755776253
CUST-10961,0,0.0,5,1,0,0,1,0,1,1,1,0,0,0,0,0,0,1,0,0,-0.28663998645066896,-1.6554503013575832,-0.6992146573520343,0.40791111802469193,-0.09834280212025831
CUST-10962,1,0.0,1,4,1,1,1,1,1,0,0,0,0,0,0,1,0,1,0,0,-0.37961102421578397,0.7654955846459905,0.40225924918087885,0.4063218730700052,-0.09639269246385353
CUST-10963,1,0.0,2,1,0,1,0,0,1,1,0,0,0,0,1,0,0,0,0,0,-0.6531006421324769,0.33466718039062954,-0.030147362743749368,0.4063218730700052,-0.08432610611386551
CUST-10964,0,0.0,2,1,0,1,0,0,1,1,0,0,0,1,0,0,0,0,0,1,1.491259713424432,0.3603620116901728,1.2046386877320254,0.8417749906541651,-0.11255775598392131
CUST-10965,0,1.0,2,3,0,1,0,1,1,1,1,0,1,0,0,1,0,0,0,0,-0.9601694962222403,-0.6709510801956182,-1.0514416754613984,0.4031433831606318,-0.035512717458700806
CUST-10966,1,0.0,1,2,0,0,0,0,1,0,0,0,0,0,0,0,0,0,0,0,-0.983532535869032,0.339594956256295,-0.9853775306789958,0.4015541382059451,0.004799114081779581
CUST-10967,1,0.0,2,3,1,1,1,0,1,0,0,1,0,0,0,1,0,1,0,0,-0.14416216853712202,0.7971741437824144,0.5959649389489762,0.3999648932512584,-0.10142542945975205
CUST-10968,0,1.0,4,2,1,0,1,1,1,0,1,0,1,0,0,1,0,0,1,0,0.10984771754540161,0.9988609702843111,0.8182231826292242,0.3983756482965717,-0.10515094274834534
CUST-10969,1,0.0,2,2,0,0,0,1,1,1,0,1,0,1,1,0,0,0,0,0,-0.9180167954293067,-1.282347271528594,-1.1979113868587528,0.3967864033418849,-0.0555024065021757
CUST-10970,1,0.0,3,3,0,0,0,1,1,1,0,0,0,0,1,0,0,0,0,0,-0.5825791401267272,-0.7068534472168981,-0.31370605417013797,0.3951971583871982,-0.08847103830038656
CUST-10971,0,1.0,4,1,0,0,1,1,1,1,0,0,0,0,0,1,0,0,0,1,2.343190543898938,-1.5058571054355827,0.5181139726447002,0.3951971583871982,-0.11431375046790107
CUST-10972,1,0.0,1,2,0,0,0,0,1,0,1,0,0,0,1,0,0,0,0,0,-0.8377833833013838,0.44680927973356893,-0.3872039217612459,0.3936079134325115,-0.060764325925729036
CUST-10973,0,0.0,3,2,1,1,0,1,1,0,0,0,1,0,0,1,0,0,1,0,0.1486055114494789,0.8957296610957322,0.8171665398213532,0.3904294235231381,-0.1055790262927822
CUST-10974,1,1.0,2,2,0,1,1,0,1,0,0,1,0,0,0,1,0,0,1,0,0.44185760333698554,-0.33234248142629,0.6085863941985324,0.3904294235231381,-0.10818669745424418
CUST-10975,1,1.0,1,2,0,1,1,0,1,0,0,0,0,0,0,1,0,1,0,0,-0.46360631241074285,-0.738180022362917,-0.18235868187420462,0.3888401785684514,-0.09392040303470729
CUST-10976,0,0.0,2,3,0,0,1,1,1,1,1,0,0,0,0,1,0,0,0,1,2.1553399498006196,-0.3921797597950903,1.1289874462182525,0.38725093361376467,-0.11399334977346544
CUST-10977,1,0.0,5,1,1,1,1,0,1,1,0,1,1,0,0,0,1,0,1,0,0.42580719269737033,1.9083876014900736,1.168520732531549,0.38566168865907796,-0.10798545008489296
CUST-10978,1,0.0,5,1,1,0,0,0,0,0,1,0,0,0,1,0,0,1,0,0,-0.4420762576365138,1.2206108842392762,0.4420253465468343,0.2903069913778751,-0.09433147737092838
CUST-10979,1,0.0,5,3,1,0,0,0,1,1,0,0,0,1,0,1,0,1,0,0,-0.1654930425126587,0.7327610735383526,0.5701344559448472,0.2903069913778751,-0.10118562535411585
CUST-10980,0,0.0,2,3,0,1,0,1,1,1,0,0,1,0,0,0,1,0,1,0,0.23989846927720931,0.2998207653405633,0.7080919984697116,0.3808939537950178,-0.10641017053919545
CUST-10981,0,0.0,4,2,0,0,1,1,1,0,1,0,0,1,0,0,0,1,0,0,-0.09994122824991825,-0.05145925708333431,0.39578468183203663,0.19177380418729878,-0.10238277507946447
CUST-10982,0,0.0,4,2,0,1,1,1,1,1,0,0,0,0,0,1,0,0,0,1,1.357674553385777,-0.9954803193487578,0.6302177635427663,0.3793047088403311,-0.1121931381353019
CUST-10983,0,1.0,5,3,0,1,1,1,1,0,1,0,1,0,0,0,0,0,0,0,-0.6475378321669935,-1.1591528748869464,-0.6400063833195286,0.37771546388564436,-0.08519687812608093
CUST-10984,1,0.0,2,4,0,0,1,0,1,1,0,1,0,0,0,0,1,0,0,0,-0.7496306753027921,-0.6378645850975758,-0.540483795985531,0.37612621893095766,-0.0758449706766895
CUST-10985,0,0.0,3,3,0,0,1,0,1,0,0,1,1,0,0,1,0,0,0,0,-0.8889809543469606,-1.0451100619958213,-1.0448367855432354,0.37453697397627095,-0.05519232051571606
CUST-10986,1,0.0,2,2,0,0,0,1,1,1,0,0,1,0,0,0,0,0,0,0,-1.1319080017857008,-0.6797506799557358,-2.2216410854528093,0.37294772902158424,0.2716127745038236
CUST-10987,1,0.0,2,1,0,1,1,0,0,0,0,0,0,1,0,1,0,0,0,0,-1.1253548416061039,-0.1457909665117955,-1.8346314051874275,0.37294772902158424,0.19189009229698054
CUST-10988,0,0.0,4,2,0,1,0,1,1,1,0,0,1,0,0,1,0,0,0,1,1.2749393715422361,-0.06483464871871301,1.0130346949657294,0.37135848406689753,-0.11197943157683928
CUST-10989,0,0.0,2,2,0,0,0,1,1,0,1,0,0,1,0,0,1,0,1,0,0.23411557367553215,-0.6931260715911145,1.3255542775031666,0.3697692391122108,-0.11592717549246223
CUST-10990,1,0.0,3,2,0,0,1,0,1,1,1,0,0,0,0,0,1,0,1,0,0.12055886429395718,0.48496434429343926,0.6981168826755334,0.36817999415752406,-0.10529509849987746
CUST-10991,1,0.0,4,1,0,0,0,1,0,1,0,1,0,0,0,0,0,1,0,0,-0.03186350655568615,-0.23765878800742396,0.37050058444308864,0.36659074920283735,-0.10325954237278967
CUST-10992,1,0.0,2,3,0,1,1,0,1,1,1,0,0,1,0,0,1,0,1,0,1.0961593957219105,0.18859382437267602,1.0373005721926938,0.36500150424815064,-0.11139360545001709
CUST-10993,0,0.0,2,4,0,0,0,1,1,0,0,0,0,0,0,0,0,1,0,0,-0.3914783095654144,-0.8244161000120703,-0.15644020714417628,0.36341225929346394,-0.09613442920580788
CUST-10994,0,0.0,3,3,0,1,1,1,1,0,1,0,0,1,0,0,0,0,0,1,1.2782339307362853,0.6936908506034302,1.233627055018434,0.3618230143387772,-0.11198311630198256
CUST-10995,1,0.0,4,1,0,1,0,0,1,0,0,0,0,0,0,0,1,0,0,0,-0.6427497970192878,-0.6030181700475098,-0.35290898603048854,0.3618230143387772,-0.08471128519069501
CUST-10996,1,0.0,4,3,1,0,0,0,1,1,0,0,0,0,1,0,0,0,0,1,1.963348602579104,1.6605908722451599,1.3255542775031666,0.3602337693840905,-0.11069629808358272
CUST-10997,0,0.0,5,3,0,1,0,0,1,1,0,0,0,1,0,1,0,0,1,0,0.26376928444252645,-0.27567305897113226,0.5402335323475848,0.3586445244294038,-0.10676151724236194
CUST-10998,1,0.0,1,2,0,1,0,1,1,0,0,0,0,0,0,0,0,0,0,0,-0.8208144581987654,-0.13804731872289197,-0.43704096349280785,0.35546603452003034,-0.07006024690039524
CUST-10999,1,1.0,1,2,0,1,1,0,1,0,1,0,0,0,0,1,0,1,0,0,-0.1800598845149349,0.5887996214628278,0.530186306162437,0.35546603452003034,-0.10110641938434053
CUST-11000,1,0.0,2,2,1,1,0,0,1,1,1,0,1,0,0,0,1,1,0,0,-0.2627870123911136,0.8207570711395293,1.3255542775031666,0.35387678956534363,-0.11256273647113867
CUST-11001,1,1.0,3,3,1,0,1,0,1,0,0,0,0,1,0,1,0,0,0,0,-0.999831658686254,0.9330399640786312,-0.682448558895397,0.3522875446106569,-0.01751484866547299
CUST-11002,1,0.0,3,2,1,0,0,1,1,0,1,0,0,0,0,0,1,1,0,0,-0.10273036987709548,1.8369348514379182,0.8514682931304655,-0.6982033704372613,-0.10228728623848563
CUST-11003,1,0.0,1,3,0,0,0,0,1,1,1,0,0,1,0,1,0,0,0,0,-0.7237704064157334,0.6609563394957927,-0.051715451703113716,0.3506982996559702,-0.07885039369502414
CUST-11004,1,1.0,1,1,0,0,1,1,1,1,0,0,0,1,0,0,0,0,0,0,-1.1135711178463694,-0.10883264751930137,-1.6797206909578535,0.3491090547012835,0.1386657987681699
CUST-11005,0,0.0,4,3,0,0,1,0,1,1,0,0,1,0,0,1,0,0,0,1,2.3912072736437207,-0.5973864262010343,1.0883712370624972,0.3475198097465968,-0.11431207482605137
CUST-11006,0,0.0,3,2,0,0,0,1,1,1,1,0,1,0,0,1,0,0,1,0,0.054949417169809146,-0.17922944560024273,0.4523793513547193,0.3443413198372234,-0.10451454333083443
CUST-11007,1,0.0,3,1,1,0,1,0,1,1,0,0,0,0,0,1,0,0,0,1,1.340175562164792,1.5289488598337997,1.3255542775031666,0.3443413198372234,-0.11098885799848043
CUST-11008,0,1.0,2,1,0,1,0,0,1,0,1,0,0,0,0,0,0,0,1,0,0.17682856579101536,-1.5026892495219404,-0.18387120116478836,0.3411628299278499,-0.10630859384374336
CUST-11009,0,0.0,4,3,0,0,1,1,1,1,1,0,0,0,1,0,0,0,0,0,-0.6473601833832509,-0.9029085298723198,-0.48621229006707556,0.3411628299278499,-0.08528838607092246
CUST-11010,0,0.0,4,2,0,1,0,1,1,1,1,0,0,0,0,1,0,1,0,0,-0.314047138393397,-0.26933734714384755,0.16092820345636447,0.4333390372996794,-0.09840555452526584
CUST-11011,0,0.0,5,3,0,1,0,0,1,1,1,0,0,0,1,0,0,0,1,0,0.17568151856296021,-0.9180438414597223,0.21052063607141788,0.3395735849731632,-0.10601737794187294
CUST-11012,0,0.0,3,2,0,1,1,0,1,1,1,0,0,0,0,0,1,0,0,1,2.428220944763088,-0.4696162376841259,1.1549472276061516,0.3379843400184765,-0.11439531539725149
CUST-11013,1,1.0,2,1,1,1,0,0,1,1,1,0,0,1,0,1,0,0,0,0,-0.8264777269359341,1.8693173785551513,0.013242842938690986,0.3363950950637898,-0.06703048290185601
CUST-11014,1,0.0,2,2,0,0,1,0,1,0,1,0,1,0,1,0,0,0,0,1,1.3213571841882874,-0.35275755286976324,0.9212604823648626,0.3348058501091031,-0.1120981759482695
CUST-11015,0,1.0,4,2,0,0,0,1,1,1,0,1,0,1,0,1,0,0,0,1,1.9209720465502986,0.3966163627018576,1.3255542775031666,0.33321660515441637,-0.11350534261405773
CUST-11016,0,0.0,3,2,0,1,1,0,1,1,0,0,0,0,1,0,0,0,1,0,0.15607707273019938,-1.6818491006379361,-0.3817144050006123,-0.4486919125514472,-0.10615015234377613
CUST-11017,0,0.0,3,2,0,0,0,1,1,0,1,0,0,0,0,1,0,0,0,1,2.040554295491693,-1.202094921716321,0.6830421672637855,0.33003811524504295,-0.11375861894453411
CUST-11018,1,0.0,1,4,1,0,0,0,1,1,1,0,1,0,0,1,0,1,0,0,0.023650500556161892,0.9467673397044148,0.7537224972145448,0.32844887029035624,-0.10412006098900944
CUST-11019,0,0.0,3,2,1,1,1,0,1,0,1,0,0,0,0,1,0,0,0,1,2.428220944763088,1.7232440225371977,1.3255542775031666,0.3268596253356695,-0.1105570583379897
CUST-11020,1,0.0,3,3,0,0,1,0,1,0,0,0,0,1,0,1,0,1,0,0,-0.004825938538317828,0.19563350418077025,0.5372368955535893,0.3268596253356695,-0.10374836643435435
CUST-11021,0,0.0,5,2,0,1,0,0,1,1,1,0,1,0,0,0,0,0,0,0,-1.126620648171698,0.510166398006416,-2.094355638543996,0.32527038038098277,0.4517388651964163
CUST-11022,0,0.0,4,2,1,0,0,1,1,0,1,0,0,0,0,0,1,0,0,1,1.6754259937269989,0.86116483323799,1.2981116997685795,0.32368113542629606,-0.11221273590134097
CUST-11023,0,0.0,3,1,0,1,1,0,1,0,1,0,0,0,1,0,0,1,0,0,-0.3817105200574295,-1.6818491006379361,-0.8164198491046096,0.32209189047160935,-0.09578975864808398
CUST-11024,1,0.0,4,4,0,1,1,0,1,0,0,1,0,0,0,0,1,1,0,0,-0.43673668044234903,0.20372913596007816,0.2036596861479655,0.32050264551692265,-0.09494631859396158
CUST-11025,0,0.0,1,0,0,0,1,1,0,1,1,0,0,0,0,1,0,1,0,0,-0.17347379464027113,-1.1426096273379254,-0.16368531488550794,0.31891340056223594,-0.1009510823762319
CUST-11026,1,0.0,4,3,1,0,0,0,1,1,1,0,0,0,0,1,0,0,0,0,-0.9837079243420073,0.8003419996960563,-0.6600601382067208,0.31732415560754923,-0.02452934037600645
CUST-11027,1,1.0,1,2,0,0,1,0,1,0,1,0,0,0,0,1,0,1,0,0,-0.41688428747996015,-1.6818491006379361,-0.841090992593159,0.3157349106528625,-0.09500448284869645
CUST-11028,1,0.0,4,2,0,1,0,0,1,1,0,1,1,0,0,0,0,0,1,0,0.9599347130929037,-0.7015736873608276,0.6527650943310017,0.3157349106528625,-0.1108218259247471
CUST-11029,1,0.0,3,2,0,0,1,0,0,1,0,0,0,0,1,0,0,0,0,0,-1.1594511293509202,-0.0813778962677342,-2.5509439750384866,0.3141456656981758,0.7052844760430994
CUST-11030,0,0.0,3,3,0,1,0,0,1,1,0,0,0,1,1,0,0,0,1,0,0.6892558941146415,-0.8423672835227103,0.4852000710193662,0.31255642074348905,-0.10961530436881052
CUST-11031,0,1.0,3,2,0,0,1,1,1,1,0,0,0,0,0,0,1,0,0,0,-1.1752544568072358,-0.4344178386436552,-5.0900423065271,0.31096717578880234,19.65212289604559
CUST-11032,1,0.0,1,2,1,1,0,0,1,0,1,0,0,0,0,1,0,1,0,0,-0.532225042382457,0.9168487005200144,0.2555109305444185,0.30937793083411563,-0.09007169865871961
CUST-11033,0,0.0,3,1,0,1,1,0,1,1,0,1,0,0,0,1,0,0,1,0,0.3883206901275237,-0.06377869674749885,0.6718949609012588,0.3077886858794289,-0.10768213141828276
CUST-11034,0,0.0,3,3,0,1,0,0,1,1,0,1,0,0,0,0,1,1,0,0,-0.0061411986938591815,0.014460749251015663,0.47964432808794494,0.3061994409247422,-0.10373140010080167
CUST-11035,0,0.0,3,2,1,0,1,0,1,0,0,1,0,0,0,0,1,0,0,1,2.3126688445323023,0.9548629714837227,1.3255542775031666,0.3046101959700555,-0.11226470083590864
CUST-11036,1,0.0,3,2,0,1,0,1,1,1,0,0,0,0,0,0,1,1,0,0,-0.05086107913545656,0.2269600793267892,0.5153421837718594,0.3046101959700555,-0.10308323375911078
CUST-11037,0,0.0,4,2,0,0,0,0,1,1,1,0,0,0,0,0,0,0,0,0,-0.8249346038707521,0.2706060941369727,-0.349747314760718,0.3030209510153688,-0.06716518448980405
CUST-11038,0,0.0,3,1,0,1,1,0,1,1,0,0,0,0,0,0,0,0,0,1,1.9220832094279094,-0.9806969917517601,0.8005137675014437,0.3014317060606821,-0.11360393343309494
CUST-11039,0,0.0,3,2,0,1,0,0,1,1,0,0,0,1,0,0,0,0,1,0,0.6166622276309153,-1.6818491006379361,-0.17557202413391698,0.2998424611059954,-0.10933592922715571
CUST-11040,1,0.0,2,2,0,0,0,0,1,1,1,0,0,1,0,1,0,1,0,0,-0.15119108911210594,-0.9947763513679483,-0.060112607210897784,0.2982532161513086,-0.10128049649332747
CUST-11041,1,1.0,4,2,0,0,1,0,1,1,0,0,0,0,0,0,0,0,1,0,0.2517943920645183,-1.1024834524317888,0.15016415803366445,0.2966639711966219,-0.10682919741579573
CUST-11042,0,0.0,4,1,0,1,1,0,1,1,1,0,0,0,0,1,0,0,0,1,1.9247551616092469,-0.685734407792616,0.9465905301702559,0.2950747262419352,-0.1135622834997423
CUST-11043,0,0.0,5,3,0,0,1,0,1,0,1,0,1,0,0,1,0,0,1,0,0.31985867812995256,-0.9271954252102448,0.2732753511141444,0.2934854812872485,-0.10717244135487684
CUST-11044,1,0.0,1,3,0,1,0,0,1,1,0,1,0,1,1,0,0,0,0,0,-0.6258737444480607,0.08159069128964491,-0.07164438652558784,0.2934854812872485,-0.08589678258163258
CUST-11045,1,0.0,1,1,1,0,0,0,1,0,0,0,1,0,0,0,0,0,1,0,0.3225123418532297,0.8922098211916848,0.9087532410710131,0.43174979234499267,-0.10718027267904832
CUST-11046,1,0.0,5,1,1,1,1,0,1,1,0,1,0,0,1,0,0,0,0,0,-1.12878658809199,1.0981204555784387,-1.5302163390665802,0.38407244370439125,0.20841300647389466
CUST-11047,1,0.0,4,2,1,1,0,0,1,1,1,0,0,0,0,1,0,0,0,0,-0.5910371293060785,0.8460999184486682,0.19303985108360608,0.28871774642318837,-0.08824172657304492
CUST-11048,1,0.0,3,1,0,0,0,0,1,0,0,1,0,1,1,0,0,1,0,0,-0.5513873892823224,-0.9859767516078306,-0.4335906923008663,0.28712850146850166,-0.0894632779098288
CUST-11049,1,0.0,3,3,0,1,1,1,1,1,1,0,0,1,0,1,0,0,0,0,-0.9587846929786562,0.024217300853677858,-0.8559523269009864,0.23786190787321349,-0.027162968494191263
CUST-11050,1,1.0,3,4,1,0,0,0,1,1,1,0,0,0,1,0,0,0,0,0,-1.150131442021054,1.6144809695021436,-1.8823851022109093,0.2839500115591282,0.4812252886148721
CUST-11051,1,0.0,3,1,0,0,1,1,1,0,1,0,1,0,0,0,1,0,0,0,-1.0061146854769034,-1.6818491006379361,-1.9071544576631672,0.2823607666044415,-0.019463207623957653
CUST-11052,1,0.0,2,1,1,0,0,0,1,0,1,0,0,0,0,1,0,0,1,0,0.09980690614455716,1.3856913757390843,0.89840528334416,0.2823607666044415,-0.10508406876620772
CUST-11053,1,0.0,3,3,0,0,1,0,1,0,1,0,0,0,0,1,0,0,1,0,0.7704028495391539,-1.0898120287772193,0.3746415621966955,0.2807715216497548,-0.10998587926627974
CUST-11054,0,0.0,1,3,0,1,0,0,1,0,1,0,0,0,0,1,0,0,0,1,2.428220944763088,0.2720140300985917,1.3255542775031666,0.27918227669506807,-0.11378225761372027
CUST-11055,1,0.0,3,4,0,1,0,0,1,1,0,1,0,0,0,0,1,0,0,0,-0.6670528476994428,0.3976723146730718,-0.03316234519345088,0.27759303174038136,-0.08334547002271549
CUST-11056,0,0.0,5,3,0,0,0,1,1,1,1,0,0,1,1,0,0,1,0,0,-0.07856033034564588,0.1625470090827279,0.47693289893749086,0.27600378678569465,-0.1026668796176887
CUST-11057,0,0.0,3,3,1,1,0,0,1,0,0,0,0,1,0,0,1,0,0,1,2.1480305193995473,1.9083876014900736,1.3255542775031666,0.27441454183100794,-0.1101455970673047
CUST-11058,1,0.0,1,1,0,0,0,0,1,1,1,0,0,1,0,0,0,0,0,0,-0.9584909655650284,-0.3555734247930008,-0.9561550432740504,0.27282529687632123,-0.03122490103188304
CUST-11059,1,0.0,3,2,0,0,0,0,1,0,0,0,0,0,1,0,0,0,1,0,0.3420121601876377,-1.6818491006379361,-0.2990014787126585,0.27123605192163447,-0.10753324083400181
CUST-11060,1,0.0,2,3,0,0,1,1,1,1,1,0,0,0,0,0,0,0,1,0,0.5124977829313379,0.33818702029467645,0.8515641510093201,0.26964680696694776,-0.10851317020082213
CUST-11061,1,1.0,3,1,0,1,1,0,1,0,0,0,0,0,0,0,1,0,0,0,-1.0661864940043695,-0.21759570055435565,-1.467914487451116,0.26964680696694776,0.06611085764493017
CUST-11062,1,0.0,4,3,0,0,0,0,1,1,1,0,0,0,0,1,0,0,1,0,1.1961167781816568,0.5476174945854771,1.1679328598513532,0.26805756201226105,-0.11169946850491899
CUST-11063,1,0.0,2,3,1,1,0,0,1,1,0,1,1,0,0,1,0,0,1,0,0.30646332901557366,0.893265773162899,0.9013501728739974,0.26646831705757434,-0.10705496800932675
CUST-11064,1,0.0,5,1,0,1,1,0,0,1,1,0,0,0,0,0,1,0,0,0,-1.1373676782311648,-0.07363424847883068,-1.8938285881072199,0.26487907210288764,0.2283773299413555
CUST-11065,1,1.0,3,2,0,0,0,0,1,1,0,0,1,0,1,0,0,0,0,0,-1.0634004947247557,0.42266317799180625,-1.1604057886257224,0.26328982714820093,0.04198400311055719
CUST-11066,0,0.0,3,3,0,1,0,0,1,1,1,0,1,0,0,1,0,1,0,0,-0.054856652319345084,0.11432520239728289,0.47927846181453326,0.2617005821935142,-0.10304617045361371
CUST-11067,0,0.0,5,3,1,1,1,0,1,1,0,0,0,0,0,0,0,0,0,0,-0.6882361158876825,1.8541820669677487,0.2633466436402004,-1.2639745743057318,-0.08191901485488359
CUST-11068,1,1.0,4,2,0,1,1,0,1,0,1,0,1,0,0,1,0,1,0,0,-0.3224031787425525,-0.4294900627779893,0.09171681048976439,0.2601113372388275,-0.09819796540641551
CUST-11069,0,0.0,4,5,0,1,1,1,1,0,1,0,0,0,0,1,0,1,0,0,-0.26454358164262787,-0.763522869672056,-0.02353540386023813,0.2585220922841408,-0.09909458332341949
CUST-11070,1,0.0,3,2,1,1,1,0,1,1,0,1,0,1,0,1,0,0,0,0,-0.8037176329314859,0.8918578372012804,-0.13694037726061065,0.25693284732945404,-0.07047913348798363
CUST-11071,0,0.0,2,3,0,1,1,0,1,0,0,0,1,0,0,1,0,0,0,1,1.7380080934156208,-1.0194152306962778,0.7290700207633182,0.25534360237476733,-0.11320709817062
CUST-11072,1,1.0,3,2,0,1,1,1,1,1,1,0,0,0,1,0,0,0,0,0,-0.6260863527450657,0.3758493072679798,0.020564847845929147,0.2537543574200806,-0.08609215751821168
CUST-11073,1,0.0,1,4,0,1,0,1,1,0,0,1,0,0,0,1,0,0,0,0,-1.1221647085198414,-0.21724371656395103,-1.9365407761896587,0.2521651124653939,0.2249601638122613
CUST-11074,1,0.0,2,3,0,1,1,0,1,1,1,0,1,0,0,1,0,0,0,0,-0.7490443745560652,-0.14508699853098622,-0.3278353278766466,0.2505758675107072,-0.07683498610172923
CUST-11075,0,0.0,2,2,1,1,1,1,1,0,0,0,0,0,0,0,1,1,0,0,-0.26772255284908975,1.9083876014900736,0.7366784253017461,0.2489866225560205,-0.0991231252051156
CUST-11076,1,0.0,1,2,1,1,1,0,1,0,1,0,0,1,0,0,0,1,0,0,-0.5475363444535041,1.2649608670302694,0.33864467497289363,0.2489866225560205,-0.09028777292171955
CUST-11077,1,0.0,1,2,1,0,0,1,1,1,0,0,0,0,1,0,0,0,0,0,-0.7935369828314648,1.040747065142471,-0.10653565826431768,0.2473973776013338,-0.07021965259984231
CUST-11078,1,1.0,2,2,0,1,0,0,1,1,1,0,1,0,0,1,0,0,0,0,-1.0089660686549666,0.5222746472763382,-0.8245182616687241,0.24580813264664705,-0.012049308446616334
CUST-11079,1,0.0,4,5,0,1,1,1,1,0,0,0,0,0,1,0,0,0,1,0,0.8776574940757244,-0.7684506455377218,0.5969462158858072,0.24421888769196035,-0.11054488933303565
CUST-11080,0,0.0,2,2,0,0,1,1,1,0,0,1,1,0,0,0,0,0,0,1,2.428220944763088,0.23787158302933517,1.3255542775031666,0.24262964273727364,-0.11385813545261085
CUST-11081,1,1.0,3,3,0,1,1,0,1,1,0,0,0,0,0,1,0,0,1,0,0.6668836092766478,0.5778881177602819,0.9876596094113109,0.24104039778258693,-0.10949193779022376
CUST-11082,0,0.0,3,4,0,1,1,0,1,1,1,0,0,0,0,1,0,1,0,0,-0.12108194656621356,0.17205057682365485,1.3255542775031666,0.2394511528279002,-0.11400441541005969
CUST-11083,0,0.0,4,3,0,0,1,1,1,0,1,0,0,0,0,0,0,1,0,0,-0.02122661166032499,0.061879587826981754,0.4781298735661746,0.23786190787321349,-0.1033775714194724
CUST-11084,0,0.0,4,2,0,1,1,0,1,1,0,0,1,0,0,0,0,0,1,0,0.34540549429987033,-0.45764878201036574,0.49684236440138235,0.23786190787321349,-0.10721579528886156
CUST-11085,0,0.0,5,2,0,0,1,0,1,1,1,0,0,0,1,0,0,0,0,0,-0.5799875280274869,0.2505430066839046,0.05450661978725155,0.23627266291852678,-0.08904497609150477
CUST-11086,0,0.0,4,3,0,0,0,0,1,0,0,0,0,0,0,0,1,0,0,1,1.650598628847293,-0.5931626183161779,0.9157540751446591,0.23468341796384007,-0.11296125535412706
CUST-11087,1,1.0,1,1,1,1,1,0,1,1,0,0,0,0,0,1,0,1,0,0,-0.19126170859977099,0.7046023543059762,0.5427584328711192,-0.784022597990344,-0.10068679374287622
CUST-11088,0,0.0,3,4,0,1,0,0,1,1,0,0,0,0,0,0,1,1,0,0,-0.45867022667862456,-1.6818491006379361,-0.9153460519877769,0.09006212708734904,-0.09248073662682027
CUST-11089,1,0.0,4,2,1,1,1,0,1,0,1,0,1,0,0,1,0,0,1,0,0.07245364714462847,1.3966028794416296,0.8846264523161305,0.22991568309977992,-0.10477571720394767
CUST-11090,0,0.0,3,3,1,1,1,0,0,1,1,0,1,0,1,0,0,0,0,1,2.428220944763088,1.0221623104491029,0.602162513606913,0.2283264381450932,-0.10027465021115214
CUST-11091,1,0.0,3,1,0,0,0,1,1,1,1,0,1,0,0,1,0,0,1,0,0.724259505762303,-1.1651366027238266,0.3133278613721553,0.2267371931904065,-0.10981793675476581
CUST-11092,1,0.0,4,1,0,0,1,0,0,0,0,0,0,0,1,0,0,0,1,0,0.5252915831934214,0.39380049077862006,0.877317260948793,0.22514794823571976,-0.10865794233225447
CUST-11093,1,0.0,2,4,0,0,0,0,1,0,1,0,0,0,0,0,1,0,0,0,-0.6926257358603535,0.5321301990076701,-0.048429576003689696,0.22514794823571976,-0.08077954590499926
CUST-11094,0,0.0,5,3,1,1,1,0,1,0,1,0,0,1,0,0,1,1,0,0,-0.4137581228956579,1.9083876014900736,0.6077729524746059,0.22355870328103306,-0.0953407937385258
CUST-11095,0,0.0,3,3,0,1,0,0,1,0,0,0,0,0,0,0,1,0,0,0,-0.7242405852588681,0.2748299020218293,-0.16715602475424762,0.22196945832634635,-0.07830554498619584
CUST-11096,0,0.0,4,3,0,1,1,0,0,1,1,0,1,0,0,0,0,0,1,0,0.26989076695259767,-0.08067392828692467,0.6114204199758079,0.22038021337165964,-0.10679451955275913
CUST-11097,1,0.0,3,2,0,1,0,0,1,0,0,0,1,0,0,0,0,0,1,0,0.9258400144696911,0.16395494504434643,0.9701814439829091,0.2187909684169729,-0.11072775630497841
CUST-11098,1,0.0,4,3,0,0,1,0,1,0,1,0,0,0,0,0,0,0,1,0,0.4018012285962319,-0.0866576561238045,1.106547690639021,0.2172017234622862,-0.11292058338566492
CUST-11099,0,0.0,3,3,1,1,0,0,1,0,0,0,0,1,0,0,0,0,0,1,2.428220944763088,1.9083876014900736,1.3255542775031666,0.2156124785075995,-0.1101455970673047
CUST-11100,0,0.0,5,3,0,1,1,0,1,0,1,0,1,0,0,1,0,0,0,0,-0.7956787145057603,-0.23308299613216293,-0.4423532607815259,0.2156124785075995,-0.07188690104100429
CUST-11101,1,0.0,3,1,0,0,0,0,1,0,1,0,1,0,0,1,0,0,0,1,1.321476770868313,0.5349460709309077,1.2079275830461278,0.21402323355291278,-0.11213483814747675
CUST-11102,0,0.0,3,3,0,1,1,0,1,1,0,0,0,1,1,0,0,0,1,0,0.48734790669489225,-0.11657629530820489,0.7020550380749815,0.21243398859822607,-0.10841130883272318
CUST-11103,0,0.0,5,4,0,0,0,1,1,0,0,0,0,1,0,0,0,0,0,0,-0.6376083656814291,-0.13769533473248735,-0.15630438379766678,0.20925549868885263,-0.08536393920215847
CUST-11104,1,0.0,1,3,1,1,1,0,1,1,0,0,0,0,0,0,1,0,1,0,0.41430313911964484,1.9083876014900736,1.1642829960637309,0.20925549868885263,-0.1079207302701888
CUST-11105,1,0.0,3,3,0,1,1,0,1,1,0,1,0,1,0,1,0,0,0,0,-1.0460937338887533,-1.015543406801826,-1.5947721988615808,0.20766625373416592,0.016447838417402157
CUST-11106,0,1.0,3,2,0,1,0,0,1,1,0,0,0,0,0,1,0,0,1,0,0.6941038974272501,-1.6818491006379361,-0.158344293213525,0.2060770087794792,-0.10956500324102816
CUST-11107,1,0.0,4,4,0,0,1,1,1,0,1,0,1,0,0,1,0,1,0,0,-0.26458760317211516,0.29700489341732567,0.3777591002000193,0.20448776382479247,-0.09926700348954501
CUST-11108,0,1.0,1,1,1,0,1,0,0,1,0,0,0,0,0,1,0,0,0,0,-0.7626025356468128,1.2301144519802036,0.025460626874609385,0.20448776382479247,-0.07576103202870023
CUST-11109,0,0.0,4,1,0,1,1,0,1,1,1,0,0,0,0,0,1,0,1,0,0.10383661397765667,0.1942255682191512,0.6076613975053228,0.20289851887010577,-0.10515649827084136
CUST-11110,1,0.0,3,3,0,0,1,0,1,1,1,0,0,0,1,0,0,0,1,0,0.055384165854872824,0.49235600809193786,0.6596135953583259,0.20130927391541906,-0.10451387463125933
CUST-11111,1,0.0,1,4,1,1,1,0,1,1,0,1,0,0,0,1,0,0,0,0,-0.8956183941646703,0.756344000895468,-0.4137843960574537,0.19972002896073235,-0.051847010950488506
CUST-11112,1,0.0,2,2,0,1,1,0,1,0,0,0,0,0,1,0,0,0,0,0,-1.1410998914176,0.07912680335681221,-2.1030028052210814,0.5731925933121103,0.3701451318409035
CUST-11113,0,1.0,2,2,0,0,0,1,1,1,1,0,1,0,0,0,0,1,0,0,-0.49479687594399585,0.5493774145375006,0.23994135203630995,0.1965415390513589,-0.09287931258117998
CUST-11114,1,0.0,3,1,0,0,1,1,1,1,1,0,0,0,0,1,0,1,0,0,-0.16499979741488655,0.5317782150172652,0.5126164324537394,0.1949522940966722,-0.10104470202515933
CUST-11115,0,0.0,2,3,0,0,0,0,1,1,1,0,0,1,0,0,0,0,0,1,1.3371159785309068,-1.6818491006379361,0.05749181405699339,0.1933630491419855,-0.1120343313791029
CUST-11116,0,0.0,4,4,0,1,0,0,1,1,0,0,0,0,0,1,0,0,0,1,1.9883624380194826,0.08229465927045469,1.2504537246069705,0.19177380418729878,-0.11364905354170908
CUST-11117,1,1.0,4,2,0,0,1,1,0,1,0,0,0,0,0,0,0,1,0,0,-0.2736156120357568,-1.6818491006379361,-0.7059842402027615,0.19177380418729878,-0.09900795384919048
CUST-11118,0,1.0,5,3,0,1,1,1,1,0,1,0,0,0,0,1,0,0,1,0,0.5067454634045336,-0.0785620243444966,0.7256650235061342,0.19018455923261204,-0.10856591005673993
CUST-11119,0,0.0,3,4,0,1,0,1,1,0,0,0,0,0,0,0,1,1,0,0,-0.4826786748353098,-0.5611320751893495,-0.12073202828158536,0.18859531427792534,-0.09326923626310692
CUST-11120,1,0.0,3,3,1,1,1,0,1,1,0,0,0,0,0,0,0,0,1,0,0.4696224377413199,1.0537704727874455,1.0171220877819955,0.18700606932323863,-0.10828611093013127
CUST-11121,1,0.0,4,4,0,1,1,1,1,1,1,0,0,0,0,1,0,0,0,0,-0.9027214410878239,0.21992039951869494,-0.5691201832091723,0.18541682436855192,-0.05096475613828998
CUST-11122,1,0.0,4,1,0,0,1,0,1,0,1,0,0,0,0,1,0,0,0,0,-0.6207426257431911,0.4617334009267287,0.058830900402765805,0.18382757941386518,-0.08672336797502728
CUST-11123,0,0.0,4,2,0,0,1,0,1,1,1,0,0,1,0,0,1,0,1,0,0.030840833716204084,-0.2401226759402569,0.4103532003664168,0.18223833445917847,-0.10411110485941426
CUST-11124,1,0.0,4,3,1,0,0,1,1,0,1,0,0,0,0,0,1,0,1,0,0.41616921474973345,1.0731295922597042,0.996721508448759,0.18064908950449177,-0.10791301632355006
CUST-11125,0,0.0,1,4,0,0,0,0,1,0,1,0,0,1,1,0,0,0,1,0,0.3626922968021813,-1.6818491006379361,-0.2836389809640786,0.04079553349206089,-0.10777392186559523
CUST-11126,0,0.0,2,3,0,1,0,1,1,0,1,0,0,0,0,1,0,0,1,0,0.5534350679076956,-0.9838648476654026,1.3255542775031666,0.17905984454980506,-0.11657331049167481
CUST-11127,1,0.0,4,2,1,1,1,0,1,1,1,0,0,1,0,0,1,1,0,0,-0.5658417807705937,1.3202223535238087,0.3353380592711321,0.17747059959511835,-0.08970660181435097
CUST-11128,1,1.0,3,3,0,1,1,1,1,1,1,0,0,0,0,0,1,1,0,0,-0.46401202332801633,-0.49812694090690696,-0.08418736053375153,0.17588135464043161,-0.09360622599321335
CUST-11129,1,0.0,3,1,0,1,1,0,1,1,0,0,0,0,0,1,0,0,1,0,1.1127213535918075,-1.6818491006379361,0.008230833424214306,0.1742921096857449,-0.11153099088178436
CUST-11130,1,1.0,3,5,1,0,1,0,1,0,0,0,1,0,0,0,0,0,1,0,0.6184767365849583,1.4958623647357574,1.1790505172393428,-0.002114080284480406,-0.10925691864828145
CUST-11131,1,0.0,3,3,0,0,0,1,1,0,1,0,1,0,0,1,0,0,0,0,-0.7696155649268881,-0.7944974608276703,-0.0395195209604181,0.1711136197763715,-0.09907575911640104
CUST-11132,1,0.0,3,4,1,1,0,1,1,0,1,0,0,0,1,0,0,0,0,0,-0.7075374732506309,0.7126979860852846,-0.02525678132292129,0.16952437482168475,-0.07956261233433896
CUST-11133,1,0.0,3,2,0,1,1,0,1,0,0,1,0,0,0,0,1,0,1,0,0.187347627495478,0.061527603836576863,0.608615282169417,0.16952437482168475,-0.10593375361507436
CUST-11134,1,0.0,4,1,1,0,1,1,0,0,1,0,0,1,0,1,0,1,0,0,-0.18250305035772746,1.7155003747482942,0.7762436482251502,0.16793512986699805,-0.1010454822589373
CUST-11135,1,0.0,2,3,1,1,1,0,1,1,0,0,0,0,0,0,0,0,0,0,-0.9654160663413692,1.2910076823202177,-0.48213124855108835,0.16634588491231134,-0.03256962828865473
CUST-11136,1,1.0,4,1,1,0,1,0,1,1,0,0,0,0,0,0,0,0,0,0,-0.7322592519765411,1.5965297859915035,0.13827879424620834,-1.3052949431275864,-0.07791454288313451
CUST-11137,0,0.0,4,2,0,0,1,0,1,1,0,0,1,0,0,0,1,0,0,1,1.5896272926700155,0.6965067225266678,1.3242566913273202,0.1631673950029379,-0.11282740383238672
CUST-11138,0,0.0,3,1,0,0,0,0,1,1,1,0,1,0,0,1,0,0,1,0,0.22266232917333748,0.09144624302097674,0.634712614013129,0.16157815004825118,-0.10622848519538483
CUST-11139,0,0.0,3,1,0,0,0,0,1,0,1,0,0,0,0,1,0,0,0,1,2.428220944763088,-0.46046465393360336,1.1575205922351575,0.15998890509356448,-0.11438733750353332
CUST-11140,1,0.0,1,3,0,0,0,0,1,0,1,0,1,0,0,0,1,0,1,0,0.5730381202962115,-1.3780869169186745,0.09179024665762192,0.15839966013887777,-0.10892999186547542
CUST-11141,0,1.0,2,1,0,1,1,0,1,0,1,0,0,0,0,1,0,0,0,1,2.2441385985227846,-0.24941505328694152,1.3255542775031666,0.15839966013887777,-0.11494107648518939
CUST-11142,1,0.0,1,2,0,0,1,1,1,0,0,1,0,0,0,0,0,0,0,0,-0.8853825992312081,0.5800000217027103,-0.41238699710461757,-1.4546839688681374,-0.05585018303045812
CUST-11143,0,0.0,1,3,0,0,0,1,1,1,1,0,0,0,0,0,0,0,1,0,0.5963383902837461,-0.4073150713824927,0.6476123148161522,0.15522117022950432,-0.10916333713885834
CUST-11144,1,1.0,4,2,0,1,0,0,1,0,1,0,0,1,1,0,0,0,0,0,-1.1536554436959847,0.6099186608871101,-2.3747054623067725,0.15363192527481762,0.7365064287747396
CUST-11145,1,0.0,3,4,0,0,1,0,1,1,0,1,0,0,0,0,0,0,1,0,0.1573343025188359,-0.3890119038814481,0.4288486698635989,0.1520426803201309,-0.10556246941133203
CUST-11146,1,0.0,1,2,1,0,0,0,0,0,1,0,0,0,0,0,0,1,0,0,-0.41662104155767926,0.877778477585092,0.395571551597666,0.1504534353654442,-0.09533688946336706
CUST-11147,0,0.0,1,3,0,0,0,1,1,1,0,1,1,0,0,0,0,0,0,0,-0.6663232721538579,-0.9694335040588095,-0.5711517397113416,0.14727494545607075,-0.08303293063099688
CUST-11148,0,0.0,5,2,0,0,0,0,1,0,0,1,0,0,0,1,0,0,1,0,1.206165360012575,-1.1521131950788526,0.48971688357019005,0.14727494545607075,-0.11174716845863086
CUST-11149,0,0.0,4,3,0,0,1,1,1,1,1,0,1,0,0,1,0,0,1,0,1.1370996659514438,-0.2922163065201537,0.8864423087014806,0.47624865107622066,-0.11150871247951402
CUST-11150,1,1.0,3,1,1,0,0,1,1,1,1,0,0,0,0,1,0,0,0,0,-1.1510955313442968,0.8369483346981461,-2.1414340327243178,0.14568570050138405,0.558635317846639
CUST-11151,1,0.0,3,1,0,0,0,0,1,1,0,1,0,0,0,1,0,1,0,0,-0.047784937547517024,-1.2615802160947163,-0.13202494595610662,0.14409645554669734,-0.10351884323704208
CUST-11152,0,1.0,3,2,1,0,1,1,1,1,1,0,0,0,0,0,1,0,0,0,-0.6269054040232023,1.0703137203364665,0.20046387460894527,0.14250721059201063,-0.08634910999211008
CUST-11153,0,0.0,4,3,0,0,1,0,1,1,0,0,1,0,0,1,0,1,0,0,-0.5323285432706646,-1.6818491006379361,-0.9439678713120303,0.2823607666044415,-0.09144001907268175
CUST-11154,0,0.0,4,1,0,0,1,0,1,0,1,0,0,1,0,1,0,0,1,0,0.03896951689511931,-0.2985520183474384,0.39894699206652756,0.13773947572795048,-0.10431812086323602
CUST-11155,1,0.0,2,3,1,0,1,0,1,0,0,1,0,0,0,0,1,0,0,0,-0.7324162669752198,1.2177950123160386,-1.098066309888752,0.13773947572795048,0.07243711211400647
CUST-11156,0,0.0,3,2,0,1,0,0,1,0,0,0,0,0,0,1,0,0,0,1,2.266605651770638,-1.6818491006379361,0.31285254678059726,0.13615023077326377,-0.1141784266882197
CUST-11157,1,0.0,2,4,0,1,0,1,1,0,1,0,0,0,0,1,0,0,0,0,-0.940179090539667,0.34874654000681754,-0.5905272741576802,0.13615023077326377,-0.045417368090279304
CUST-11158,0,0.0,3,1,0,0,1,1,0,1,1,0,0,0,1,0,0,0,1,0,0.12833937792138894,-0.22569133233366406,0.48216308216280884,0.0868836371779756,-0.1054071034958389
CUST-11159,1,1.0,1,2,0,1,0,0,1,0,1,0,0,0,0,0,1,0,1,0,0.16225548196270015,-1.5132487692340817,-0.22349041105667777,0.13297174086389033,-0.10578024340898257
CUST-11160,0,0.0,3,4,0,0,1,0,1,1,0,1,0,1,1,0,0,0,0,0,-0.8288500924417896,-0.5836590505752507,-0.6613245143581494,0.13138249590920362,-0.06664100906698252
CUST-11161,1,0.0,3,3,0,1,1,0,1,1,0,1,0,0,1,0,0,0,0,0,-0.7061594204718644,0.42829492183828144,-0.08293293064276597,0.1297932509545169,-0.08045418510227371
CUST-11162,0,0.0,2,4,0,1,1,1,1,0,1,0,0,1,1,0,0,0,1,0,0.9863574421073333,-0.4266741908547517,0.7809169568495542,0.12820400599983017,-0.11092339340517028
CUST-11163,0,0.0,1,0,0,0,1,0,0,1,0,0,0,0,0,0,0,0,1,0,0.5464660415136816,-0.24786632372916043,0.6817317109622654,0.12661476104514346,-0.10879125022277292
CUST-11164,0,0.0,4,2,0,1,1,0,1,1,1,0,0,1,0,1,0,0,0,0,-0.6983985569686776,-0.4587047339815799,-0.36863753500190727,0.12502551609045676,-0.08098529829980139
CUST-11165,0,0.0,3,3,0,0,0,0,1,0,1,0,0,0,0,1,0,1,0,0,-0.2604008341436466,-0.6529998966849782,0.04533240578096471,0.12502551609045676,-0.09953999624365834
CUST-11166,1,1.0,4,1,0,0,1,0,1,0,1,0,0,0,1,0,0,0,0,0,-1.101674935787217,-0.6667272723107616,-1.858826850484052,0.12343627113577005,0.12478998020583826
CUST-11167,0,0.0,4,4,0,0,1,1,1,0,0,0,0,0,0,1,0,0,1,0,1.1194870943188029,-0.6977018634663759,0.7132956005475367,0.12184702618108333,-0.11147091241365324
CUST-11168,1,0.0,2,1,0,1,1,1,0,1,1,0,1,0,0,1,0,1,0,0,-0.37856362510366204,-0.833215699772188,-0.1357498334510799,0.12025778122639662,-0.09689867616756014
CUST-11169,1,0.0,3,4,0,1,1,0,1,0,0,0,0,0,0,0,1,0,1,0,0.6769286880661454,-1.1123390041631205,0.32679307716244926,0.1186685362717099,-0.10955089193580142
CUST-11170,0,0.0,4,4,0,0,1,1,1,0,1,0,0,0,0,1,0,0,1,0,1.0501183208026847,-0.4389936305189162,0.8037556780453643,0.41585734279812553,-0.1112333413801915
CUST-11171,1,0.0,3,2,0,1,0,1,1,0,0,0,0,0,1,0,0,0,1,0,0.34354852191000074,-0.7138931270249924,0.39344806923456116,0.11549004636233647,-0.10736334438691518
CUST-11172,0,1.0,5,2,0,0,1,0,1,0,1,0,0,1,0,1,0,0,0,1,2.279014885115662,-1.169712394599088,0.7581485254570047,0.11390080140764976,-0.11415105759163405
CUST-11173,1,0.0,3,3,1,1,0,1,1,0,0,0,1,0,0,1,0,0,1,0,0.2432408770421488,0.7707753445020614,0.8407368283463732,0.11390080140764976,-0.10653247723898039
CUST-11174,0,0.0,4,1,1,0,0,1,0,1,1,0,0,1,0,1,0,0,0,1,2.2119826958450974,1.263552931068651,1.3255542775031666,0.11231155645296304,-0.11157867130284639
CUST-11175,0,0.0,4,2,0,0,0,0,1,0,1,0,0,0,0,1,0,1,0,0,-0.20617237561577811,-0.03808386544795511,0.31025744358746826,0.11072231149827633,-0.10022147771760836
CUST-11176,0,0.0,2,3,0,0,0,1,1,0,0,0,1,0,1,0,0,1,0,0,-0.07603893296518774,0.03196094864258137,0.4352659644764336,0.10913306654358962,-0.10265309755454538
CUST-11177,0,0.0,3,1,0,1,1,0,1,1,1,0,1,0,0,0,1,0,0,1,2.428220944763088,-0.7702105654897455,1.0202433785939196,0.1075438215889029,-0.11439579119916544
CUST-11178,1,1.0,1,2,1,0,1,0,1,0,0,1,0,1,0,0,0,0,1,0,0.057093257350671583,1.088616887837511,0.8129579307779013,0.10595457663421619,-0.10465853299673762
CUST-11179,0,0.0,2,2,1,0,1,1,1,1,0,1,1,0,0,1,0,0,0,0,-1.140617309345378,1.7975126445125909,-1.6842073442917365,0.10436533167952947,0.3645883647749268
CUST-11180,0,1.0,2,3,0,0,0,1,1,1,1,0,0,0,0,0,1,0,1,0,0.3685168705161645,-0.21090800473666632,0.6112312657908898,0.10277608672484276,-0.10753385914689198
CUST-11181,0,0.0,3,3,0,1,1,0,1,1,0,0,0,0,0,1,0,0,0,1,1.6574357744869035,-0.5885868264409166,0.9221954360151635,0.10277608672484276,-0.11299953464147226
CUST-11182,0,1.0,5,3,0,0,1,1,1,1,1,0,0,0,0,1,0,0,1,0,0.22997517085969882,0.32234774072646455,0.7127730153888542,0.5700141034027368,-0.10637859974332899
CUST-11183,1,0.0,2,2,0,0,1,0,1,1,1,0,0,0,0,1,0,1,0,0,-0.12432674006956566,0.0981339388386661,0.41994054692863525,0.09959759681546933,-0.10182289371236854
CUST-11184,1,0.0,4,2,0,1,1,0,1,0,1,0,1,0,0,1,0,0,1,0,0.15932037469248647,-0.5660598510550154,0.3540416647859637,0.0980083518607826,-0.10553090485197494
CUST-11185,1,0.0,2,2,0,0,0,0,0,1,0,1,0,1,1,0,0,0,1,0,0.6587155874414095,0.4596214969843004,0.9526641838513665,0.0964191069060959,-0.10944744881117621
CUST-11186,1,1.0,2,1,1,0,0,0,1,1,0,0,0,1,0,0,1,0,0,0,-1.0639589392013404,0.95239908355089,-0.967649838787101,0.09482986195140918,0.02995960502076864
CUST-11187,0,0.0,5,2,0,1,1,1,1,1,0,0,0,0,0,0,0,0,1,0,0.14456742529303157,-0.8677101308318492,0.21112734942477207,0.09324061699672247,-0.10554175947984626
CUST-11188,1,0.0,1,2,1,1,1,1,1,1,0,1,1,0,0,0,0,0,0,0,-0.777613531276058,1.9083876014900736,0.11599162162530978,0.09165137204203576,-0.0732563007578124
CUST-11189,0,0.0,2,4,0,0,1,1,1,0,1,0,0,0,0,1,0,0,1,0,0.05026421517385352,-1.656858237319202,-0.4339170594686054,-0.5504035896513969,-0.10463081913742568
CUST-11190,0,1.0,2,2,0,1,0,0,1,0,0,0,0,0,0,1,0,1,0,0,-0.053563391505077815,-0.9374029609319813,0.048958444904564184,0.09006212708734904,-0.10303934234140441
CUST-11191,1,0.0,2,1,0,0,0,0,1,0,1,0,0,1,1,0,0,0,0,0,-0.9779388940071552,0.20900889581614895,-0.7945720359152882,0.08847288213266233,-0.027617814391874718
CUST-11192,1,1.0,3,2,1,1,0,1,1,0,0,1,1,0,0,1,0,0,0,0,-0.8997772976202486,1.9083876014900736,-0.1454161869315734,0.0868836371779756,-0.05420570196412257
CUST-11193,0,0.0,1,4,0,0,1,1,1,0,0,0,0,1,0,0,1,1,0,0,-0.009867916273587544,-0.6322328412511004,0.22394938797142178,0.0852943922232889,-0.10353885982942661
CUST-11194,0,0.0,3,3,0,1,0,0,1,0,0,0,0,0,0,0,0,0,0,0,-1.013239220384981,-1.163376682771803,-1.5054020454400685,0.08370514726860218,-0.01241711939535289
CUST-11195,1,0.0,3,4,0,0,1,0,1,1,0,0,0,1,0,1,0,0,0,0,-0.8077913643394794,0.5419857507390019,-0.23820265831102766,0.08052665735922875,-0.06958579135308904
CUST-11196,1,0.0,4,1,0,1,1,0,1,1,0,1,0,0,0,0,0,0,1,0,0.9896149960942474,-0.30066392228986644,0.8305321905308365,0.08052665735922875,-0.11093073464325548
CUST-11197,0,0.0,5,2,0,0,0,0,1,1,0,1,1,0,0,0,1,0,0,0,-0.701984692181892,0.6644761793998395,-0.012698200941220083,0.08052665735922875,-0.08084526092490786
CUST-11198,1,1.0,2,3,0,0,1,0,1,0,1,0,0,0,1,0,0,1,0,0,-0.3733160456933682,-0.11270447141375313,0.14878040875835577,0.07893741240454204,-0.09642088750888218
CUST-11199,0,0.0,3,4,0,1,1,0,1,0,1,0,1,0,0,1,0,0,0,1,2.226981236805057,-0.9430347047784564,0.886656830835314,0.07734816744985532,-0.11409133581786032
CUST-11200,1,0.0,3,5,1,0,0,1,1,0,0,0,0,0,0,1,0,0,0,0,-0.8684536523765349,1.9083876014900736,-0.08740488339357057,0.0757589224951686,-0.059017553043588744
CUST-11201,1,0.0,1,2,0,1,1,0,1,0,0,0,0,0,1,0,0,0,0,0,-0.5847306465466958,-1.6818491006379361,-1.0205995796927434,0.0741696775404819,-0.08845224575829598
CUST-11202,1,0.0,4,1,1,1,1,0,1,1,0,1,1,0,0,0,1,1,0,0,-0.057129816751288844,1.884100706152149,0.889972762042003,0.07258043258579518,-0.10295501804658333
CUST-11203,0,1.0,4,4,1,1,0,1,1,1,0,0,1,0,0,0,1,0,1,0,0.514266307817389,0.947471307685224,1.0102407813528265,0.07099118763110847,-0.10854163946414777
CUST-11204,0,1.0,1,3,0,0,1,1,0,1,1,0,1,0,1,0,0,0,0,1,1.6098705368767512,-0.8254720519832845,0.8052281773912715,0.06940194267642175,-0.11295547375187755
CUST-11205,1,0.0,2,1,1,0,1,0,1,0,1,0,1,0,0,0,0,0,0,1,1.7919074272498106,1.9083876014900736,1.3255542775031666,0.06781269772173504,-0.1101455970673047
CUST-11206,0,1.0,3,2,0,0,1,0,1,1,0,0,0,0,0,0,1,0,1,0,0.6237687929944663,-1.4861460019729191,0.04593939580837225,0.06781269772173504,-0.10956753368932835
CUST-11207,1,0.0,4,3,1,1,1,0,0,1,1,0,0,0,0,1,0,0,0,0,-0.8666140772149443,1.0263157215358782,-0.25195341371198443,0.06622345276704832,-0.06005078133461517
CUST-11208,1,0.0,4,5,0,1,1,1,1,0,1,0,0,0,1,0,0,0,0,0,-1.1480082832852383,-1.6818491006379361,-3.0262578042486363,0.06463420781236161,0.31831192997799185
CUST-11209,0,0.0,3,5,0,1,1,0,1,1,1,0,0,0,0,1,0,0,0,0,-0.5962015417887535,-1.2482048244593373,-0.6114622809916627,-1.1749768568432757,-0.08901220715879238
CUST-11210,1,0.0,2,3,0,1,0,0,1,0,0,0,1,0,1,0,0,0,0,0,-0.9947311283506788,-1.2506687123921703,-1.5687386192116435,0.06145571790298818,-0.01190823505426185
CUST-11211,0,1.0,3,2,0,0,1,1,1,1,0,0,0,0,0,1,0,0,1,0,0.3115014688725499,-0.8307518118393551,0.3274146048552354,0.05986647294830146,-0.10722472917722858
CUST-11212,0,1.0,4,3,0,1,1,0,1,0,1,0,0,0,1,0,0,0,1,0,0.12267901370456566,-0.025764425783790575,0.550826608500287,0.05827722799361475,-0.10539571508152083
CUST-11213,0,0.0,3,1,0,0,1,0,1,1,1,0,0,0,0,0,1,0,0,0,-1.1241512277231083,-0.9103001936708187,-2.526056963487094,0.05668798303892803,0.38249141737113357
CUST-11214,0,0.0,1,4,0,0,0,0,1,1,0,0,0,0,0,1,0,0,1,0,0.9994929402843684,-1.6818491006379361,-0.03351840471805847,0.05668798303892803,-0.11107804007308292
CUST-11215,1,0.0,1,3,0,1,0,0,1,0,1,0,1,0,0,0,1,0,0,0,-0.8343864625277663,0.4511738812145871,-0.32151843110367767,0.05509873808424132,-0.06555616233641977
CUST-11216,1,0.0,3,1,0,1,1,0,1,0,1,0,0,0,0,1,0,1,0,0,-0.4977552235877556,0.013657781141536754,0.061917978839558026,0.0535094931295546,-0.09212871931228532
CUST-11217,0,0.0,2,3,0,0,1,0,1,1,0,1,0,0,0,1,0,0,1,0,0.1470588160582207,0.39380049077862006,0.6873655519281473,0.051920248174867886,-0.10556187788406989
CUST-11218,1,0.0,4,3,0,0,1,0,1,0,0,0,0,1,0,1,0,0,1,0,0.16215723170679733,0.1435398736008735,0.6221738309915267,0.05033100322018117,-0.10571388759327643
CUST-11219,1,0.0,2,2,0,1,1,0,1,0,0,0,0,1,1,0,0,1,0,0,-0.47841626029415696,-0.38943428466993346,0.35551820983251264,0.048741758265494456,-0.10414720914318441
CUST-11220,1,0.0,5,3,0,1,0,0,1,1,0,0,0,1,0,1,0,0,0,0,-1.0966066088748172,-0.11763224727941904,-1.5780317281745615,0.04715251331080775,0.1053578779260253
CUST-11221,1,1.0,4,4,1,1,0,0,1,0,1,0,0,0,1,0,0,1,0,0,-0.5612275259260132,1.031243497401544,0.2701548217732953,0.04556326835612103,-0.0896125281663112
CUST-11222,0,1.0,3,3,0,1,1,1,1,1,1,0,0,0,0,1,0,0,1,0,0.5619208288864693,-0.857150611119708,0.4270837876284463,0.3268596253356695,-0.108932708946361
CUST-11223,0,0.0,4,1,0,1,1,0,1,1,0,0,0,0,0,0,0,0,0,1,1.7876958511366103,-0.7969613487605032,0.8553140511341595,0.0423847784467476,-0.11325809900806244
CUST-11224,1,0.0,2,2,1,1,1,0,1,1,1,0,0,0,1,0,0,1,0,0,-0.5367719751390291,1.4149060469426749,0.37875445820811166,0.0423847784467476,-0.09063299715817955
CUST-11225,1,1.0,2,4,1,0,0,0,1,1,0,0,0,0,1,0,0,1,0,0,-0.5159134712127691,1.3934350235279878,0.39411081791691355,0.18064908950449177,-0.09137543754768407
CUST-11226,0,0.0,3,0,0,1,1,0,0,1,1,0,0,1,0,1,0,0,1,0,0.27971250682237386,0.5676805820385452,0.8028682485601404,0.03920628853737417,-0.10676601111141377
CUST-11227,0,0.0,3,2,0,1,1,1,1,1,0,0,0,0,0,0,0,0,0,1,2.260776824786057,-0.9768251678573083,1.3255542775031666,0.03761704358268746,-0.11655766557643964
CUST-11228,0,0.0,1,1,0,1,0,0,1,1,0,0,0,1,0,1,0,0,0,0,-0.8047116896799796,-1.0620052935352475,-0.8229897974574635,0.03602779862800074,-0.07215261554899421
CUST-11229,1,0.0,3,2,1,1,1,1,1,0,0,0,0,1,0,0,1,1,0,0,-0.48087434426250897,1.3642203523243972,0.42974263488115344,0.034438553673314026,-0.09287968849337629
CUST-11230,0,0.0,2,2,1,1,0,1,1,0,0,1,1,0,0,0,0,0,1,0,0.7326028406549286,1.3057910099172154,1.182541103004795,0.034438553673314026,-0.10981421565252616
CUST-11231,0,0.0,2,2,0,1,0,0,1,0,0,0,0,1,0,0,1,1,0,0,-0.04720466135391859,-0.10531280761525426,0.41226969957508985,0.03284930871862731,-0.10315079937286434
CUST-11232,1,0.0,1,4,1,1,0,1,1,1,0,0,0,0,0,1,0,0,0,0,-1.0373262573153406,1.9083876014900736,-0.6738543827056971,0.031260063763940596,0.01162080764322163
CUST-11233,1,0.0,2,2,0,1,1,0,1,1,0,0,1,0,0,1,0,1,0,0,0.009680879413953009,0.4465980893393261,0.6197130965338159,0.029670818809253884,-0.10396032874012719
CUST-11234,0,0.0,4,3,0,0,1,0,1,1,0,0,0,0,0,1,0,0,0,0,-0.9297112358909877,-1.2073746815723911,-1.3164220067992787,0.02808157385456717,-0.03923660844043825
CUST-11235,1,0.0,4,3,0,1,0,0,1,1,1,0,0,0,0,1,0,1,0,0,-0.3201302063979257,-0.3291746255126478,0.11945306144987829,0.026492328899880454,-0.09787026354977565
CUST-11236,1,0.0,3,1,0,0,0,0,1,1,1,0,1,0,1,0,0,1,0,0,-0.27285496785227975,-0.03245212160147992,0.2795439575207581,0.024903083945193742,-0.0993734268984407
CUST-11237,0,1.0,3,1,0,0,0,1,1,0,1,0,0,0,0,1,0,0,0,1,1.3332067705854467,0.05307998806686408,1.0695820637596845,0.023313838990507027,-0.1121549680543586
CUST-11238,1,1.0,1,1,1,0,0,1,1,1,0,0,0,1,0,0,0,1,0,0,-0.4318992369027786,1.2818560985696956,0.46447385969038907,0.023313838990507027,-0.09464292738839848
CUST-11239,1,0.0,1,1,0,1,0,0,1,1,1,0,1,0,1,0,0,0,0,0,-0.7842304930447278,-1.0479259339190592,-0.8313244596433197,0.021724594035820312,-0.07109081711916612
CUST-11240,0,1.0,3,2,0,0,0,0,1,0,0,0,1,0,0,0,0,0,1,0,0.7535484973381255,-1.444259907114759,0.1129151858126291,-1.1559059173870352,-0.10994926469784108
CUST-11241,0,1.0,5,2,0,0,1,0,1,1,1,0,0,0,0,0,0,0,0,1,1.31440442817062,0.5979512052133499,1.2191183111092976,0.01854610412644688,-0.11208209872519814
CUST-11242,1,1.0,1,4,0,0,0,0,1,1,1,0,0,0,0,0,0,0,0,0,-0.9527490225366287,-0.5734515148535143,-0.9641929194147785,0.01695685917176017,-0.040205624616418696
CUST-11243,1,0.0,3,3,1,0,0,1,1,0,1,0,0,0,0,0,1,1,0,0,-0.5111432528412069,1.9083876014900736,0.5046828626639038,0.015367614217073453,-0.09181741069271324
CUST-11244,1,0.0,3,1,1,0,0,0,0,1,0,0,1,0,0,0,1,0,0,0,-0.929080134065562,0.9580308273973652,-0.43274279454912495,0.01377836926238674,-0.0455765909991475
CUST-11245,0,0.0,4,3,0,0,0,0,1,0,0,0,0,0,1,0,0,0,1,0,0.6059467193563461,-0.5928106343257733,0.5720726833015704,0.012189124307700024,-0.10919067678633368
CUST-11246,1,0.0,2,1,1,1,1,1,1,1,0,1,0,1,1,0,0,1,0,0,-0.40503507085755347,1.2427858756347732,0.490020950236032,0.01059987935301331,-0.09572896757462634
CUST-11247,1,0.0,2,1,1,1,0,1,1,1,1,0,1,0,0,0,0,0,0,0,-0.6582290048094089,0.7331130575287574,0.0678526073698766,0.01059987935301331,-0.08394330053467423
CUST-11248,1,0.0,1,3,0,0,0,1,1,1,0,0,1,0,0,1,0,0,0,0,-0.6396405290882531,0.6310377003113923,0.07536876565350774,0.009010634398326596,-0.08547425497750501
CUST-11249,0,0.0,2,4,0,0,1,1,1,0,0,0,0,1,0,0,1,0,1,0,1.1202787301631383,-0.16726198992648258,0.9267570264060212,0.007421389443639881,-0.11145431295980478
CUST-11250,1,1.0,3,1,0,0,0,0,1,1,0,1,0,0,0,0,1,1,0,0,-0.20816383342591252,0.40576794645238023,0.45977793066305195,0.005832144488953166,-0.10058762356725955
CUST-11251,0,1.0,3,2,0,0,1,1,1,0,1,0,0,0,1,0,0,0,1,0,0.34295884040999813,-1.6818491006379361,-0.3119530544328304,0.004242899534266452,-0.10732650793348968
CUST-11252,0,0.0,3,3,1,1,1,1,1,1,1,0,0,1,0,0,0,0,0,1,1.554744015267793,1.3526048806410413,1.3255542775031666,-0.0450236940610217,-0.11138076312512146
CUST-11253,0,0.0,2,3,0,1,1,1,1,0,0,0,0,0,0,0,1,0,0,1,1.6109502292743914,-1.6818491006379361,0.1493931994861918,0.0010644096248930228,-0.11289026807154952
CUST-11254,0,0.0,4,3,0,0,1,0,1,1,1,0,0,0,0,0,0,0,0,0,-0.6994495872632772,-0.5048146367245966,-0.40669703367525917,0.0010644096248930228,-0.08000751396089655
CUST-11255,0,0.0,2,3,0,1,0,0,1,1,0,0,0,0,0,1,0,0,0,1,2.428220944763088,-1.6818491006379361,0.34631809847921574,-0.0005248353297936918,-0.11440960820816504
CUST-11256,1,0.0,4,4,0,1,0,1,1,1,1,0,1,0,1,0,0,0,0,0,-1.1479262401141022,-0.5671158030262295,-2.518875043592633,-0.002114080284480406,0.49921614694616484
CUST-11257,0,0.0,3,3,0,0,0,0,1,1,0,0,0,0,0,1,0,0,0,0,-0.6096613852300452,-0.11622431131780024,-0.1266839113238779,-0.23573308862342746,-0.08634908632074034
CUST-11258,0,0.0,2,2,0,1,0,1,1,0,0,0,1,0,0,0,0,0,0,1,1.5403566209595447,-1.3017063910008528,0.4956793818357017,-0.005292570193853836,-0.11280145596104818
CUST-11259,1,1.0,4,2,0,0,1,0,1,1,0,0,1,0,0,1,0,0,0,0,-0.7922212102809129,-1.6818491006379361,-1.3549687618586939,-0.33267703085931705,-0.07122546306032147
CUST-11260,0,0.0,3,2,0,1,1,1,1,1,1,0,1,0,0,1,0,0,0,0,-0.7947962614509404,0.18049819259336763,-0.33369029225842406,-0.008471060103227264,-0.07004900990679469
CUST-11261,1,1.0,5,3,1,0,0,0,1,1,1,0,0,0,0,1,0,0,0,0,-0.7449226362798861,1.9083876014900736,0.17532922558097752,-0.01006030505791398,-0.07673984270450297
CUST-11262,0,0.0,1,2,0,1,1,0,1,0,1,0,0,1,1,0,0,1,0,0,-0.039108431069543995,-0.40907499133451636,0.3021587998136468,-0.011649550012600693,-0.10319376878359374
CUST-11263,0,0.0,3,3,1,0,1,0,1,0,0,1,1,0,0,0,0,1,0,0,-0.484757637503638,0.9749260589367913,0.34066875487079634,-0.011649550012600693,-0.09272844651093214
CUST-11264,1,0.0,4,2,1,1,0,1,1,1,1,0,0,0,0,0,1,0,1,0,0.3813468271685175,1.5504198832484868,1.0807581583734533,-0.013238794967287408,-0.10766713912838688
CUST-11265,0,0.0,3,1,0,1,0,0,0,1,1,0,0,0,1,0,0,0,0,1,1.530152927781936,-1.6818491006379361,0.12155845343651744,-0.014828039921974123,-0.11264188795435391
CUST-11266,0,0.0,4,2,0,1,1,0,1,1,1,0,0,0,0,0,0,0,1,0,0.16995835451202054,-0.5210059002832131,0.39325056886276943,-0.01641728487666084,-0.10589413891858532
CUST-11267,1,0.0,3,3,0,0,1,1,1,0,1,0,1,0,0,0,0,0,0,0,-0.9032274764639855,-1.385830564707578,-1.3467092435402463,-0.01800652983134755,-0.04942323745767221
CUST-11268,0,0.0,3,3,0,0,1,0,1,1,0,0,1,0,0,0,1,0,0,1,2.0655657801873333,-0.8895331382369411,0.8762210981574025,-0.019595774786034265,-0.11380086428738043
CUST-11269,1,0.0,4,2,1,1,0,1,1,0,1,0,0,0,0,1,0,0,0,0,-0.8089163891681156,1.7591463895584782,0.028164359242184543,-0.02118501974072098,-0.06940891047151294
CUST-11270,1,0.0,1,1,0,0,1,1,1,1,0,0,0,0,0,1,0,0,0,0,-0.9829872996707505,0.19809739211360297,-0.7713213545616959,-0.02118501974072098,-0.03077894983788271
CUST-11271,0,1.0,5,3,1,0,1,1,1,0,1,0,0,1,0,1,0,1,0,0,-0.36976037771025433,0.7947102558495812,0.4170892541050756,-0.022774264695407696,-0.09662572592099264
CUST-11272,1,0.0,4,2,0,0,1,0,0,1,0,0,0,0,0,0,0,1,0,0,-0.1819920104763417,-0.08454575218137643,0.32444284243526816,-0.02436350965009441,-0.10096609473128854
CUST-11273,1,1.0,3,2,0,1,0,0,1,1,1,0,0,0,0,1,0,0,1,0,0.1305221659246673,-1.3164897185978506,-0.07831221406876764,-0.025952754604781126,-0.10539135868144994
CUST-11274,1,0.0,4,0,0,0,0,1,0,1,1,0,1,0,0,0,1,0,0,0,-0.9986080304716191,0.6778515710352188,-0.7506178929523085,-0.027541999559467838,-0.01668562356471118
CUST-11275,1,1.0,4,2,1,1,0,1,0,1,0,0,1,0,0,0,1,0,0,0,-0.7493821203690405,1.2846719704929332,0.04661518420412577,-1.32277663762914,-0.07631041350224595
CUST-11276,0,1.0,3,2,0,1,1,0,1,1,1,0,0,1,0,1,0,0,0,0,-0.7805367874834717,0.29700489341732567,-0.2324968616481799,-0.03230973442352798,-0.07421035306115288
CUST-11277,1,0.0,3,1,0,1,1,1,1,0,1,0,0,1,0,1,0,1,0,0,-0.06388686840186218,0.4782766484757499,0.5756025063740765,-0.03230973442352798,-0.10283819315165173
CUST-11278,0,0.0,2,2,0,1,0,0,1,1,0,0,0,0,1,0,0,0,1,0,0.8616818242233093,-1.3418325659069896,0.2448846172022393,-0.03230973442352798,-0.11053343649089409
CUST-11279,1,1.0,3,2,1,0,1,0,1,1,1,0,1,0,0,1,0,0,1,0,0.3605943127823469,0.7084741782004279,0.8835353458564127,-0.0338989793782147,-0.10749400179698011
CUST-11280,1,0.0,2,4,1,0,0,1,1,1,0,0,0,1,1,0,0,0,0,0,-0.8121945578911542,1.383227487806251,-0.061419685268996375,-0.035488224332901414,-0.06832693344270954
CUST-11281,1,0.0,3,3,0,0,0,0,1,0,0,1,0,0,0,0,1,0,0,0,-0.8398669854657947,0.38922469890335903,-0.3310777518611654,-0.03707746928758813,-0.06609529076229238
CUST-11282,0,0.0,2,2,0,0,0,0,1,1,1,0,1,0,1,0,0,0,0,1,2.428220944763088,-1.6818491006379361,0.34895562186643425,-0.038666714242274844,-0.1144273982327272
CUST-11283,1,1.0,2,3,1,1,0,0,1,1,0,1,0,1,0,1,0,0,0,0,-1.1682667070276753,1.6891015754679413,-2.786393984146906,-0.04025595919696155,1.8973559692247033
CUST-11284,0,1.0,4,2,0,1,1,0,1,0,0,0,0,0,0,1,0,0,0,1,1.3678552744370767,-1.0356064942548944,0.618455409566542,-0.04184520415164827,-0.11230499660236094
CUST-11285,1,0.0,1,3,0,0,0,0,1,1,0,0,1,0,1,0,0,0,0,0,-0.9103662109599703,0.3712735153927188,-0.5218910753360749,-0.0450236940610217,-0.05125949429641841
CUST-11286,1,0.0,3,3,1,1,0,0,1,1,0,0,1,0,1,0,0,0,0,1,2.359509312605874,0.9685903471095063,1.3255542775031666,-0.04343444910633498,-0.11223419325120006
CUST-11287,1,0.0,2,2,1,1,1,0,1,1,0,0,0,0,0,0,1,0,0,0,-0.674489837576107,1.1019922794728905,0.12332153663276083,-0.0450236940610217,-0.08245142827646407
CUST-11288,0,0.0,2,1,0,1,1,1,1,1,1,0,0,1,1,0,0,1,0,0,-0.4804285652449767,-1.6818491006379361,-0.9010978270819907,-0.04661293901570841,-0.09298435213706947
CUST-11289,0,0.0,5,2,0,1,1,0,1,0,0,0,1,0,0,0,0,0,1,0,0.298016355752964,0.08581449917450155,0.6832703294810916,-0.04820218397039513,-0.10708301090185735
CUST-11290,0,0.0,4,2,0,1,1,0,1,1,1,0,1,0,0,1,0,1,0,0,-0.11319529386904173,0.015769685083965077,0.4069310919396001,-0.04979142892508184,-0.10213121715194166
CUST-11291,1,0.0,4,3,1,1,1,1,1,1,1,0,0,0,0,0,1,0,0,0,-0.7182247583080852,1.4814310211291644,0.15535897830255474,-0.052969918834455273,-0.08003882540738053
CUST-11292,1,0.0,2,3,0,0,1,1,1,0,0,0,0,0,0,1,0,1,0,0,-0.2080103678374428,0.4462461053489212,0.4627650650079507,-0.052969918834455273,-0.10038141438454402
CUST-11293,1,1.0,4,4,1,0,1,0,1,1,0,1,0,0,1,0,0,0,1,0,0.39894882958275124,1.4909345888700913,1.0786253366841176,-0.05455916378914199,-0.10781680694529812
CUST-11294,1,0.0,3,3,0,0,0,0,1,0,0,0,0,1,0,1,0,0,0,0,-1.1262075061232937,0.5321301990076701,-1.5931139421881897,-0.05455916378914199,0.17769950259338357
CUST-11295,1,0.0,3,3,0,1,0,0,1,1,0,1,1,0,0,0,0,0,0,0,-1.1646697226654135,-0.11622431131780024,-3.06933144705786,-0.056148408743828704,1.4891147625561483
CUST-11296,0,0.0,4,3,0,1,1,1,1,0,0,0,0,0,0,0,0,1,0,0,-0.44176051071790295,0.16677081696758403,0.16926133434689694,-0.05773765369851541,-0.09418263449842833
CUST-11297,1,0.0,4,0,1,1,1,0,0,0,1,0,0,0,1,0,0,0,0,0,-1.0082554195434197,1.5708349546919598,-0.6457040087539322,-0.05932689865320213,-0.003258678280875292
CUST-11298,0,0.0,4,1,0,0,0,1,1,0,0,0,0,0,0,1,0,0,1,0,0.13413407295680663,-1.4076535721126695,-0.1486812249924883,-0.48047681164518147,-0.10543212848791131
CUST-11299,1,0.0,3,3,1,0,1,0,1,0,0,0,0,1,0,0,1,0,0,0,-0.8886543384868142,0.9186086204720378,-0.341799151575362,-0.06250538856257556,-0.0547259877975229
CUST-11300,0,0.0,4,4,0,1,0,0,1,0,1,0,0,1,0,0,1,1,0,0,-0.4964332380666514,-0.7008697193800183,-0.21189344337721178,-1.0780329146073862,-0.0922730933377965
CUST-11301,1,1.0,3,3,0,0,1,1,1,0,1,0,0,0,0,0,0,0,0,0,-0.9134530812460652,-0.9275474092006495,-1.0204978152191095,-0.065683878471949,-0.05145855879289127
CUST-11302,1,1.0,1,2,1,1,0,0,1,1,1,0,0,0,1,0,0,1,0,0,-0.22233238357833487,1.042506985094495,0.6113011760957793,-0.0672731234266357,-0.10038939175002867
CUST-11303,1,0.0,3,2,0,0,0,0,1,1,0,0,0,0,0,1,0,0,0,0,-1.0299140273426775,-0.9704894560300237,-1.4234749066028132,-0.0672731234266357,-0.007290532451801185
CUST-11304,1,0.0,3,3,0,0,1,0,1,1,1,0,0,0,0,0,1,0,0,0,-1.1501051421045925,0.3600100276997684,-2.161880404183285,-0.06886236838132241,0.471764174702323
CUST-11305,0,0.0,4,2,0,0,1,0,1,0,1,0,0,1,1,0,0,0,0,0,-1.115114116164874,-0.5544443793716601,-1.890923604193259,-0.07045161333600913,0.15271379114041886
CUST-11306,0,0.0,3,3,0,0,1,0,1,1,0,0,0,0,0,1,0,0,0,1,2.428220944763088,-1.6818491006379361,0.3340291482028371,-0.07204085829069584,-0.1143258987620053
CUST-11307,1,0.0,4,5,0,0,1,0,1,1,1,0,0,0,0,0,1,0,0,0,-0.9936981022580995,0.08708164153995855,-0.7489603221340485,-0.07363010324538256,-0.03716437334315043
CUST-11308,0,0.0,5,4,0,1,0,1,1,0,1,0,1,0,0,1,0,0,1,0,0.30360183344964436,0.2649743502904975,0.6857905024520357,-0.076808593154756,-0.10619852632074292
CUST-11309,1,0.0,3,0,0,0,0,1,0,1,0,1,1,0,0,0,0,0,0,0,-1.0936461395917882,-1.6818491006379361,-2.3051710568541526,-0.076808593154756,0.0496219999636813
CUST-11310,1,0.0,2,1,0,1,1,1,1,1,1,0,0,0,1,0,0,0,0,0,-1.0406007959938144,-0.7758423093362207,-1.6222008299021873,-0.0783978381094427,0.047456032815348374
CUST-11311,0,0.0,1,3,0,1,0,0,1,0,1,0,1,0,0,1,0,1,0,0,-0.32341388193750165,-1.6818491006379361,-0.7377664404829666,-0.0783978381094427,-0.0981293179172452
CUST-11312,1,0.0,2,3,1,0,0,0,1,1,0,0,1,0,1,0,0,1,0,0,-0.4265720074306836,0.7345209934903766,0.3426522819882928,-0.07998708306412942,-0.09475176861639467
CUST-11313,1,0.0,1,2,1,0,1,0,1,1,0,0,0,1,0,0,1,1,0,0,-0.030956721656661905,1.4275774705972442,0.8226804183716264,-0.08157632801881613,-0.10338582207008287
CUST-11314,0,0.0,2,3,1,0,1,0,1,0,1,0,0,1,0,1,0,0,0,1,2.3049228766931797,0.8587713421032381,1.3255542775031666,-0.08316557297350285,-0.11247825392886873
CUST-11315,0,0.0,4,4,1,0,1,0,1,1,0,0,0,1,0,0,1,0,1,0,0.6398530167613075,1.0062526340828102,1.0806718092128775,-0.08475481792818956,-0.10933618822666974
CUST-11316,1,0.0,2,3,0,0,0,0,1,0,0,0,1,0,1,0,0,1,0,0,-0.07036271048673452,-0.5847150025464649,0.211722108948644,-0.08634406288287627,-0.10281998700279354
CUST-11317,1,1.0,1,3,0,0,0,0,1,1,0,0,0,0,0,1,0,1,0,0,-0.44863209883957916,0.5395218628061688,0.28661283596573534,-0.087933307837563,-0.09455671324962224
CUST-11318,1,1.0,4,4,0,1,0,0,1,0,0,1,0,0,0,0,1,0,0,0,-0.6488645146772295,-0.04758743318888206,-0.14060086173437655,-0.0895225527922497,-0.08467953054559176
CUST-11319,0,0.0,3,3,0,1,1,0,1,1,0,0,0,0,0,0,0,0,0,1,2.3550303285679743,0.15761923321706198,1.3255542775031666,-0.0895225527922497,-0.11403648748629179
CUST-11320,0,0.0,4,3,1,1,0,1,1,1,0,1,1,0,0,0,1,1,0,0,-0.06792215589549355,0.972814154994363,0.700708883842181,-0.09111179774693642,-0.10287187321151331
CUST-11321,1,0.0,1,1,1,1,0,0,1,0,0,0,0,1,0,1,0,0,1,0,0.1567186648243941,1.2030116847190409,0.8906157154051,-0.09270104270162313,-0.10565537665930713
CUST-11322,1,1.0,4,3,0,0,0,1,1,0,0,0,0,1,0,0,1,0,0,0,-0.8610392089853474,-0.4495531502310576,-0.7141599943253422,-0.09429028765630985,-0.05843231052557725
CUST-11323,0,0.0,3,2,0,1,1,1,1,1,1,0,0,0,1,0,0,0,0,0,-1.1207183421218072,0.569299708394407,-2.7824082169684488,-0.09587953261099656,1.3257469913192856
CUST-11324,0,0.0,2,3,0,1,1,0,1,1,1,0,0,0,0,1,0,0,0,1,2.312642934088161,-0.2726459966536518,1.2225544946663052,-0.09746877756568328,-0.11433212357704445
CUST-11325,1,0.0,3,1,0,1,1,0,1,0,1,0,0,0,0,1,0,0,0,0,-0.7256117604507095,-0.2696893311342524,-0.34250775639767506,-0.09905802252036999,-0.07849990579665145
CUST-11326,1,0.0,1,4,0,1,1,0,0,0,1,0,0,0,0,0,0,1,0,0,-0.47561324672988337,0.6788371262083517,0.17621297236134928,-1.0589619751511457,-0.08923213700305678
CUST-11327,1,0.0,3,2,1,0,1,0,1,0,0,0,0,0,0,1,0,0,0,0,-1.0318348350322524,0.8415241265734071,-0.8680084583736521,-0.33585552076869046,0.007102238761210311
CUST-11328,1,1.0,4,3,0,0,0,0,1,0,1,0,1,0,0,0,0,0,1,0,1.0019271918526294,-1.6818491006379361,-0.02157153534996392,-0.10223651242974342,-0.11121021271745492
CUST-11329,1,0.0,2,1,0,0,1,1,1,0,1,0,0,0,0,1,0,0,0,0,-1.1445238646817908,-0.7466276381326301,-2.213155270361876,-1.7041954267539516,0.25144485348935425
CUST-11330,0,0.0,3,4,0,0,1,0,1,0,0,0,0,0,0,1,0,0,1,0,0.9804940473003408,-1.0560215656983674,0.47185422474164984,-0.10541500233911685,-0.1109031534432467
CUST-11331,1,1.0,3,1,1,0,0,0,0,1,0,1,0,0,1,0,0,0,0,0,-0.996499659136347,1.2829120505409097,-0.6336287343523417,-0.10700424729380356,-0.013574146173522329
CUST-11332,0,1.0,5,1,0,1,0,0,1,1,1,0,0,0,0,1,0,0,0,1,1.4382769686731725,-0.2580738594508969,0.9908110947628642,-0.10859349224849028,-0.11242257950076419
CUST-11333,1,0.0,3,3,0,1,0,0,1,0,1,0,1,0,0,1,0,0,1,0,0.3947855033021509,-0.579787226680799,0.472061781495164,-0.11018273720317699,-0.10764325362532617
CUST-11334,1,0.0,1,3,0,1,1,1,1,1,0,1,0,0,0,1,0,0,0,0,-0.9619087296254306,0.5303702790556462,-0.63878643152934,-0.11177198215786371,-0.03516190147094067
CUST-11335,1,0.0,2,3,0,0,0,1,0,1,0,1,0,0,0,1,0,1,0,0,-0.17527098767812502,0.5835198616067571,0.10356183711859183,-0.11177198215786371,-0.08724664236796296
CUST-11336,1,1.0,2,2,0,1,1,0,1,0,1,0,0,0,0,1,0,0,0,0,-0.7275002842719029,-0.05427512900657191,-0.2620087823857058,-0.11495047206723714,-0.07874760561307313
CUST-11337,1,0.0,4,1,1,0,1,0,1,0,0,0,0,1,0,0,0,1,0,0,-0.20350085950594254,1.8774130103344597,0.7851675133411977,-0.11495047206723714,-0.10052790270774695
CUST-11338,0,1.0,5,4,1,1,0,1,1,0,0,1,0,0,0,0,0,0,1,0,1.1783386701675898,1.848198339130869,1.3255542775031666,-0.11653971702192385,-0.1102793610925654
CUST-11339,0,0.0,3,5,0,1,1,1,1,0,0,0,0,0,0,0,1,1,0,0,-0.5570443475531321,-0.4682083017225071,-0.17709213442396216,-0.11812896197661057,-0.08974408003607501
CUST-11340,1,0.0,1,3,0,1,1,0,0,1,0,0,0,0,1,0,0,1,0,0,-0.5670375038814578,-0.23061910819932996,-0.0957596729741364,-0.11971820693129728,-0.08933239814989231
CUST-11341,0,0.0,3,2,0,0,0,0,1,1,0,0,0,0,1,0,0,0,0,0,-0.9543781264392723,-0.6917181356294958,-0.9853437525900219,-1.5198430120102928,-0.04349961528189425
CUST-11342,1,0.0,4,3,0,0,0,1,1,1,1,0,0,0,1,0,0,0,0,0,-0.5975824216777266,-1.6818491006379361,-1.0146122078199646,-0.12289669684067071,-0.08869671492260325
CUST-11343,1,0.0,2,3,1,0,0,0,1,1,0,1,1,0,0,1,0,0,0,1,1.2894740255901547,1.0562343607202787,1.32224515964253,-0.12289669684067071,-0.11200663926102018
CUST-11344,1,0.0,3,1,1,0,1,1,1,1,1,0,1,0,0,0,1,0,0,0,-0.6358165928405657,1.9083876014900736,0.3425116108454178,-0.12448594179535742,-0.08520773281376454
CUST-11345,0,0.0,2,2,0,1,1,0,1,0,1,0,0,1,0,0,1,0,0,1,2.428220944763088,-0.5062225726862154,1.1406252181907293,-0.12607518675004414,-0.11440117874469206
CUST-11346,0,0.0,3,2,0,1,1,1,1,1,0,0,1,0,0,1,0,0,0,1,2.337468759897231,-0.9004446419394869,0.9341600658077116,-0.12766443170473085,-0.11426317693873109
CUST-11347,0,0.0,4,3,0,1,1,0,1,1,0,0,0,0,0,1,0,0,0,0,-0.9900310042952964,-0.3263587535894102,-1.0240461819304225,-0.12925367665941756,-0.021513107008230222
CUST-11348,1,1.0,3,1,0,1,0,0,1,1,1,0,1,0,0,1,0,0,0,0,-0.9435777196820875,0.05167205210524503,-0.6917707592240581,-0.1308429216141043,-0.04427450905016246
CUST-11349,0,0.0,3,4,0,1,0,1,1,1,0,0,0,0,0,1,0,0,1,0,1.208524140511238,-1.2372933207567915,0.4309068675859045,-0.132432166568791,-0.11173529703356584
CUST-11350,0,0.0,4,2,0,0,1,1,1,1,1,0,1,0,0,1,0,0,0,0,-0.5785404877144134,-0.522061852254427,-0.22825398614390652,-0.1340214115234777,-0.088593718785656
CUST-11351,1,0.0,4,3,1,0,0,0,1,1,0,0,0,0,0,1,0,0,0,0,-1.1729391622399763,1.0337073853343774,-2.8575690434469867,-0.13561065647816442,1.7332812492242158
CUST-11352,1,0.0,2,2,0,1,1,1,0,0,0,0,0,1,0,1,0,0,0,0,-0.793488475120855,0.09637401888664267,-0.3663159688290556,-1.3656862514056816,-0.06961439623399217
CUST-11353,1,1.0,3,3,1,0,0,0,1,1,0,0,0,0,0,0,1,1,0,0,-0.0838008059144808,1.3033271219843827,0.7627323179853296,-0.13719990143285113,-0.10263742894563577
CUST-11354,1,0.0,5,1,0,0,1,0,1,1,0,0,0,0,0,0,1,0,1,0,0.7521621036996593,0.3469866200547941,0.9612352728620153,-0.13878914638753787,-0.10996555205042927
CUST-11355,0,0.0,3,2,0,0,1,1,1,1,0,0,0,0,0,1,0,0,0,0,-1.0061044475233256,-1.1880155621001325,-1.553722840067246,-0.14037839134222457,-0.007809966840522421
CUST-11356,1,0.0,4,1,0,1,0,1,1,0,0,1,1,0,1,0,0,0,0,0,-1.0373870507292318,-0.6463122008672886,-1.2733430028170314,-0.14196763629691128,-0.005259216068751332
CUST-11357,0,0.0,3,2,0,1,1,1,1,0,1,0,0,0,0,0,0,0,0,1,1.8899432955962046,0.2241442074035516,1.277979118332285,1.22637226968835,-0.11352315531626395
CUST-11358,1,0.0,1,2,0,1,1,0,1,0,1,0,0,0,1,0,0,0,1,0,0.49385031222950987,-1.2235659451310081,0.18133444018368983,-0.14514612620628473,-0.10855790061878251
CUST-11359,0,1.0,2,3,0,0,0,0,1,0,0,0,0,0,1,0,0,1,0,0,-0.10702622440945103,-1.360487717398439,-0.26404450854654693,-0.14514612620628473,-0.10226183774953491
CUST-11360,1,1.0,3,2,0,0,1,0,1,1,0,0,0,0,0,1,0,0,1,0,0.5843093033392887,-1.2971305991255917,0.15917588074250497,-0.14673537116097143,-0.10899378663239917
CUST-11361,1,0.0,3,1,0,1,0,0,0,1,1,0,0,1,0,0,1,1,0,0,-0.5048751312314737,0.5064353677081264,0.2065546014222936,-0.28817817212808905,-0.0920969396622287
CUST-11362,0,0.0,5,3,0,0,1,0,1,1,0,1,0,0,0,0,1,0,1,0,0.5296791907244199,-0.42491427090272804,0.606685625084602,-0.14991386107034485,-0.10868918177563656
CUST-11363,1,0.0,3,3,1,0,0,0,1,0,1,0,0,0,0,0,1,0,0,0,-0.6193306977153629,1.21040334851754,0.22195223664907593,-0.1515031060250316,-0.08594172358830873
CUST-11364,0,0.0,4,2,0,0,1,1,1,1,0,1,1,0,0,1,0,0,0,0,-0.8418022719269493,-0.9845688156462119,-0.8436364631929238,-0.1530923509797183,-0.06783672137583703
CUST-11365,1,0.0,4,2,0,1,0,0,1,0,0,1,1,0,1,0,0,0,1,0,0.39141276294371974,-1.6818491006379361,-0.2966145196383613,-0.154681595934405,-0.10757095755498108
CUST-11366,0,0.0,3,1,0,0,1,0,1,1,0,0,1,0,0,1,0,1,0,0,-0.524047779192795,-0.17606158968660027,-0.03419248860295971,-1.1050500788370603,-0.09095910499251812
CUST-11367,0,0.0,4,2,1,1,1,0,1,1,0,0,1,0,0,1,0,0,0,1,2.428220944763088,1.7017729991225106,1.3255542775031666,-0.5313326501951563,-0.11060477532945698
CUST-11368,0,0.0,4,2,0,1,0,0,1,1,1,0,0,0,1,0,0,0,0,0,-0.6612978210412236,-0.001477530445865881,-0.1382211952005897,-0.15786008584377842,-0.08408233194591316
CUST-11369,0,0.0,3,1,0,1,0,0,1,0,1,0,0,0,0,0,0,0,0,1,1.8843207645520612,-1.4868499699537288,0.41692827778513003,-0.15944933079846516,-0.11342864119511478
CUST-11370,1,0.0,1,4,0,1,0,0,1,1,0,0,0,0,0,1,0,0,0,1,2.0705879387801143,-1.6818491006379361,0.26498463212311196,-0.16262782070783857,-0.11382950313955154
CUST-11371,1,0.0,3,1,1,1,1,1,1,0,1,0,0,1,0,0,1,0,0,0,-0.8453619330528888,1.2269465960665613,-0.14595187528664896,-0.16262782070783857,-0.0647063770378795
CUST-11372,1,0.0,4,3,0,0,1,0,1,1,1,0,0,0,0,1,0,0,1,0,0.7459213920868072,-0.8905890902081554,0.4975450320733544,-0.16421706566252528,-0.11009487613597645
CUST-11373,1,1.0,4,2,1,0,0,1,1,1,0,1,0,0,0,1,0,1,0,0,-0.4959596239426991,1.5898420901738142,0.46340506493961603,-0.16580631061721202,-0.09247385051496201
CUST-11374,1,0.0,4,3,1,1,1,1,1,1,0,0,0,0,1,0,0,0,0,1,1.8214472519662832,2.8590963595731864,1.3255542775031666,-0.16739555557189872,-0.10803275126479482
CUST-11375,0,0.0,4,3,0,0,1,1,1,1,0,0,0,0,0,0,1,1,0,0,-0.4592514697690906,-0.8508148992924234,-0.24210618850869148,-0.16739555557189872,-0.09379945999715307
CUST-11376,1,0.0,3,2,1,1,0,1,1,1,1,0,0,1,0,0,1,0,1,0,0.4612319818339027,1.1942120849589233,1.0493768368045908,-0.16898480052658543,-0.10830524183142011
CUST-11377,1,0.0,3,4,0,0,0,0,1,1,1,0,0,0,1,0,0,1,0,0,-0.4218531124368795,-1.0137834868498028,-0.2749471233401912,-0.17057404548127214,-0.09565046068357681
CUST-11378,1,0.0,4,1,0,1,1,0,1,1,1,0,1,0,0,1,0,0,0,0,-0.8674395791579168,-1.5663983517851923,-1.491710476510205,-0.17216329043595885,-0.05113584537448026
CUST-11379,1,0.0,5,3,0,0,0,1,1,0,1,0,0,0,0,0,0,0,0,0,-0.9109344827384952,-0.9532422405001929,-1.0031146086502751,-0.17375253539064558,-0.05423327527298747
CUST-11380,1,0.0,3,2,1,1,0,0,1,1,0,1,0,1,0,0,0,1,0,0,-0.5120586829062483,0.7735912164252989,0.2651664126001719,-0.176931025300019,-0.09173370853625563
CUST-11381,0,1.0,5,3,1,1,0,0,1,1,1,0,0,0,0,0,1,0,1,0,0.5150317192548939,1.1635894777937141,1.0618428089842413,-0.176931025300019,-0.10858469092702433
CUST-11382,0,0.0,4,1,0,0,1,1,1,0,0,0,0,0,1,0,0,1,0,0,-0.061357041064068474,-0.45624084604874693,0.26740911053035665,-0.1785202702547057,-0.10285071165764649
CUST-11383,0,0.0,4,4,0,1,1,0,1,0,1,0,0,0,1,0,0,0,1,0,0.22441714962096643,-1.6818491006379361,-0.3655101985966131,-0.1785202702547057,-0.10643312552193616
CUST-11384,0,0.0,1,2,0,0,1,0,0,1,1,0,0,0,0,0,1,0,0,0,-0.7794094325667628,-1.6818491006379361,-1.2987526082987393,-0.18010951520939245,-0.07467759582923904
CUST-11385,0,1.0,4,2,0,1,0,0,1,0,0,1,1,0,0,0,1,1,0,0,-0.38877270954600446,-1.1654885867142313,-0.35355464970644823,-0.18169876016407915,-0.09612905658408626
CUST-11386,0,1.0,3,2,0,0,0,0,1,0,1,0,0,1,0,0,1,0,0,0,-1.1236184309595196,-1.4044857161990274,-2.7219978907167275,-0.18328800511876586,0.3019043249152674
CUST-11387,1,0.0,4,3,0,1,0,0,1,1,1,0,1,0,0,0,0,0,1,0,0.8668565279452757,0.24209539091419133,0.9737160311992397,-0.18487725007345257,-0.11049250430966423
CUST-11388,1,0.0,3,2,1,0,1,0,1,1,1,0,0,0,0,0,0,0,0,1,2.428220944763088,1.9083876014900736,1.3255542775031666,-0.1864664950281393,-0.1101455970673047
CUST-11389,1,0.0,1,3,1,0,0,1,1,1,0,0,0,1,0,1,0,1,0,0,-0.5502609486276213,0.8021019196480798,0.23727913536340417,-0.18805573998282601,-0.09042601765509493
CUST-11390,1,1.0,3,3,0,1,1,1,1,1,0,0,0,0,0,1,0,0,0,0,-1.1649561847036978,-1.2295496729678879,-4.11046044185794,-0.18964498493751272,3.0161375819086547
CUST-11391,0,0.0,3,3,0,1,1,0,1,1,0,0,0,0,1,0,0,0,0,0,-0.9545142975420375,-0.7712665174609596,-1.1088020626922894,-0.19282347484688614,-0.034437860201795054
CUST-11392,1,0.0,4,2,0,1,0,0,1,1,0,0,0,0,0,1,0,0,1,0,0.09253828310411118,-0.5653558830742061,0.3249289468752869,-0.19123422989219943,-0.10497697165878751
CUST-11393,1,0.0,3,1,0,0,0,0,1,1,1,0,0,0,0,0,0,1,0,0,-0.039834008686085186,0.3730334353447422,0.560865094336436,-0.19282347484688614,-0.10315177251483422
CUST-11394,1,1.0,3,3,1,1,1,1,1,0,0,0,0,0,1,0,0,0,1,0,0.6857516606876262,1.621168665319833,1.229629773151743,-0.19441271980157288,-0.10960400074286587
CUST-11395,0,1.0,4,0,0,0,1,1,0,0,1,0,0,0,0,1,0,0,0,0,-0.8261320903651158,-0.5315654199953542,-0.645229365218283,-0.19600196475625958,-0.06619433560679149
CUST-11396,1,0.0,4,2,1,1,0,0,1,0,1,0,0,0,0,0,0,0,1,0,0.5557205319028281,1.5866742342601716,1.1672801499645171,-0.1975912097109463,-0.10884748508006943
CUST-11397,1,1.0,3,2,1,1,1,0,1,0,1,0,0,1,0,1,0,0,1,0,0.22192846860062132,1.9083876014900736,1.0636384282344504,-0.20076969962031974,-0.10627237803187546
CUST-11398,1,0.0,3,3,0,0,1,1,1,0,1,0,0,0,0,1,0,0,0,0,-0.7096013380148778,-0.4076670553728973,-0.3509167674367391,-0.20076969962031974,-0.08084066906934692
CUST-11399,0,1.0,4,3,0,0,0,1,1,0,0,0,0,0,0,1,0,1,0,0,-0.23028127104749108,-0.43476982263405983,0.15657307201537413,-0.20235894457500644,-0.10000187728677955
CUST-11400,1,0.0,2,4,0,1,0,0,1,1,1,0,0,0,0,0,1,0,0,0,-0.9866872574717216,-0.4182265750850387,-1.0000433626699403,-0.20235894457500644,-0.028953669072925757
CUST-11401,0,0.0,4,3,0,1,0,0,0,1,0,0,0,0,0,0,0,1,0,0,-0.4539047426194619,0.027737140757724727,0.11796476559537077,-0.20394818952969315,-0.0939275205000483
CUST-11402,0,1.0,4,1,0,1,1,0,1,1,0,1,0,0,1,0,0,0,0,1,1.3827067029462017,-0.416466655133015,0.9191125865531893,-0.20553743448437986,-0.11231909366991354
CUST-11403,0,0.0,4,3,1,0,0,0,1,1,0,0,0,0,0,1,0,1,0,0,-0.5208968779402549,0.8957296610957322,0.27555896859250545,-0.20712667943906657,-0.0910279512143612
CUST-11404,0,1.0,1,1,0,0,1,0,0,1,1,0,1,0,0,0,1,0,1,0,1.0215655091215279,-1.6734014848682235,-0.020161071418664283,-0.2087159243937533,-0.11111492198168207
CUST-11405,0,0.0,2,1,0,0,0,0,1,0,0,0,1,0,0,1,0,1,0,0,-0.1056370640644015,-0.6026661860571051,0.19259708993860936,-0.21030516934844,-0.10257083731591687
CUST-11406,1,0.0,3,4,0,0,1,0,1,1,0,0,0,0,0,1,0,0,0,0,-0.9221034671282133,0.3096763170718951,-0.6052374736476007,-0.21189441430312672,-0.045073582762688566
CUST-11407,1,0.0,3,5,1,0,1,0,1,1,1,0,0,1,1,0,0,1,0,0,-0.13217836274143022,0.8805943495083296,0.6355852968028566,-0.21348365925781343,-0.10188675606244797
CUST-11408,0,0.0,3,2,1,0,0,0,1,0,1,0,0,1,0,1,0,1,0,0,-0.33047422973824486,0.8568002317569713,0.6859470367325503,-0.21348365925781343,-0.10314368884034548
CUST-11409,0,0.0,5,3,0,0,1,0,1,0,0,0,0,0,1,0,0,1,0,0,-0.5668423712474995,-1.3992059563429566,-0.7336109781346245,-0.21507290421250017,-0.08875027139127992
CUST-11410,1,0.0,3,2,0,1,1,0,0,0,1,0,0,0,1,0,0,0,0,0,-1.025039562431004,-0.7265645506795618,-1.345893653220978,-0.21666214916718687,0.00016952667376488896
CUST-11411,0,0.0,3,5,0,1,1,0,1,0,0,0,0,1,1,0,0,1,0,0,-0.5301712841891537,-1.6818491006379361,-0.9526853117297307,-0.21825139412187358,-0.09111515989394134
CUST-11412,1,0.0,4,3,0,1,0,0,1,0,1,0,1,0,0,0,0,0,0,0,-1.0873924430179274,-1.210190553495629,-2.318381124918922,-0.2198406390765603,0.1807343828857702
CUST-11413,1,0.0,4,3,0,1,1,1,1,0,0,1,0,0,0,0,1,0,0,0,-1.0531934873276578,-1.6818491006379361,-2.3420674677185302,-0.22142988403124703,0.05805717333279612
CUST-11414,1,0.0,3,2,0,0,1,1,1,0,0,1,1,0,0,0,1,1,0,0,-0.5318027310681102,-0.5885868264409166,-0.20324744445791743,-0.22301912898593373,-0.0907079297159895
CUST-11415,1,0.0,3,2,0,0,1,0,1,0,1,0,0,0,0,1,0,0,0,0,-0.7401568844505182,-0.27919289887517934,-0.34670060418903575,-0.22460837394062044,-0.0784640432716149
CUST-11416,1,1.0,3,3,0,1,1,0,1,0,0,0,1,0,1,0,0,0,0,1,1.9444199611862996,0.45750959304187205,1.3255542775031666,-0.22460837394062044,-0.11337001409727349
CUST-11417,0,0.0,5,4,0,1,0,0,1,0,0,0,0,0,0,0,1,0,0,0,-0.6118388177523835,-0.3534615208505725,-0.21837570529751973,-0.22619761889530715,-0.08612316914209568
CUST-11418,0,0.0,5,3,0,0,0,0,1,1,1,0,0,0,1,0,0,0,1,0,0.5267085390000792,0.45821356102268135,0.8980025001700969,-0.22778686384999386,-0.10869902251145318
CUST-11419,0,1.0,4,3,0,0,0,0,1,1,0,0,0,1,1,0,0,1,0,0,-0.2699302567786819,0.08229465927045469,0.2990489307853811,-0.2293761088046806,-0.09889790777878563
CUST-11420,0,1.0,3,2,0,1,1,0,1,0,0,1,1,0,1,0,0,0,1,0,0.28562331806447766,-1.1292342357025464,0.13662237942558925,-0.2309653537593673,-0.10688548739643979
CUST-11421,0,0.0,4,3,0,0,0,1,1,0,1,0,0,0,0,0,0,0,0,0,-0.8160489583045908,-1.6818491006379361,-1.2881035586082212,-0.232554598714054,-0.07530318788473651
CUST-11422,1,1.0,3,2,0,1,1,0,1,0,1,0,0,0,1,0,0,1,0,0,-0.07888207180216858,0.5782401017506863,0.5953018696033812,-0.23414384366874072,-0.10268432216593938
CUST-11423,1,0.0,4,3,1,1,1,0,1,1,1,0,0,0,1,0,0,1,0,0,-0.2703371600779972,1.7007170471512965,0.6978858086030366,-0.23573308862342746,-0.09910786106138418
CUST-11424,1,0.0,3,1,1,1,1,1,1,1,1,0,0,0,0,1,0,0,1,0,0.9613368657946038,1.9083876014900736,1.3255542775031666,-0.23573308862342746,-0.1101455970673047
CUST-11425,1,0.0,3,2,1,0,1,0,1,1,1,0,0,0,0,1,0,0,0,0,-0.6321926841258577,0.9495832116276524,0.14993748688535863,-0.23732233357811416,-0.08532723658810547
CUST-11426,1,0.0,3,2,1,1,1,0,1,0,0,0,1,0,0,0,1,0,0,0,-1.0512680793214648,1.5011421245918282,-0.8622435288815735,-0.23891157853280087,0.032401924656586985
CUST-11427,1,0.0,4,3,0,1,0,1,1,0,0,0,0,0,0,0,1,0,1,0,0.1681600781277557,0.4490619772721593,0.7193332042689858,-0.24050082348748758,-0.10586546978826135
CUST-11428,1,0.0,5,3,0,0,1,1,1,1,1,0,1,0,1,0,0,0,0,0,-1.1688442596435813,0.3998546154135809,-5.0676308263912135,-0.2420900684421743,27.59006726133109
CUST-11429,1,0.0,2,2,0,0,0,0,1,0,1,0,0,1,0,0,0,1,0,0,-0.40292835753960066,0.07912680335681221,0.2038990058090297,-0.24526855835154773,-0.09616977961741313
CUST-11430,1,1.0,3,3,0,0,0,0,1,1,1,0,0,0,1,0,0,0,0,0,-0.9207263906710368,-0.14966279040624725,-0.7229432420476544,-0.24526855835154773,-0.04778566740662737
CUST-11431,0,0.0,3,4,0,0,1,1,1,1,1,0,1,0,0,0,1,1,0,0,0.008527844707270886,0.6028789810790158,0.6608896272867492,-0.24685780330623444,-0.10394894103218952
CUST-11432,0,0.0,3,1,0,0,0,1,1,1,0,1,1,0,0,0,1,0,0,1,2.428220944763088,-0.5878828584601073,1.1074993555307944,-0.24685780330623444,-0.11441397275182916
CUST-11433,0,0.0,1,1,0,0,0,0,1,0,1,0,0,0,0,1,0,1,0,0,-0.4276229423089145,-0.1936607892068356,0.07653516314043464,-0.24844704826092115,-0.09504469669348442
CUST-11434,0,0.0,3,1,0,1,0,0,1,0,1,0,0,1,0,0,1,0,1,0,0.8666314979021028,-1.2819952875381893,0.2853936492398818,-0.2500362932156079,-0.11047730596011247
CUST-11435,1,0.0,4,3,0,1,0,0,1,1,1,0,1,0,0,0,0,1,0,0,-0.32608400429154577,0.46349332087875217,0.3746471808019293,-0.2516255381702946,-0.09788683197023322
CUST-11436,0,0.0,4,1,0,1,0,1,1,1,1,0,1,0,0,1,0,1,0,0,-0.35490701386285933,-1.0507418058422968,-0.2506194164183906,-0.5345111401045298,-0.09706127060147511
CUST-11437,1,0.0,1,4,0,0,1,0,1,0,0,1,0,0,0,0,1,0,0,1,2.025897631971848,-0.0025334824170800416,1.2345892033021022,-0.254804028079668,-0.11373720258305947
CUST-11438,0,0.0,4,3,0,1,1,0,1,1,1,0,0,1,0,1,0,0,0,1,1.4748788729390059,0.49024410414950953,1.2419098751864222,-0.2563932730343547,-0.11257001305513746
CUST-11439,0,0.0,4,2,1,0,0,0,1,1,0,0,0,0,1,0,0,0,1,0,0.674110345815225,0.7121348117006363,0.9886667365503364,0.051920248174867886,-0.10904000996988755
CUST-11440,1,1.0,4,2,1,0,1,0,1,0,1,0,0,1,0,1,0,0,0,0,-0.7558475038696475,0.7767590723389409,-0.06546492279205694,-0.2579825179890414,-0.07649412133835445
CUST-11441,1,1.0,1,1,0,1,1,0,1,1,0,0,0,1,0,0,0,1,0,0,-0.2315494510750221,-0.2633536193069677,0.2156865425615207,-0.25957176294372813,-0.09982010140516068
CUST-11442,1,0.0,2,4,0,0,0,0,1,1,1,0,1,0,0,0,1,0,0,0,-0.8735011912708559,0.4751087925621074,-0.41332360500545995,-0.2611610078984149,-0.05808131430760969
CUST-11443,0,0.0,4,3,0,1,1,1,1,1,0,1,0,0,0,1,0,1,0,0,-0.47274649471937197,-0.5519804914388272,-0.1007497792014848,-0.2627502528531016,-0.09381891668656808
CUST-11444,0,0.0,3,2,0,0,0,0,0,1,1,0,0,0,1,0,0,1,0,0,-0.3823160555108699,-1.6818491006379361,-0.7989956660365183,-0.2643394978077883,-0.0963291695534654
CUST-11445,1,0.0,5,2,0,1,0,0,1,0,0,1,0,0,0,0,1,0,1,0,0.9635908689437112,0.5219226632859334,1.081076900880716,-0.265928742762475,-0.11082756164136558
CUST-11446,0,0.0,3,2,0,0,1,0,0,1,0,0,0,1,0,0,0,0,0,1,1.5430073170868492,0.2769418059642576,1.1988954581833278,-0.26751798771716173,-0.11272382205332147
CUST-11447,1,0.0,1,4,1,0,0,1,1,0,0,1,0,0,0,0,0,1,0,0,-0.5344681312080883,1.0319474653823535,0.2985335181686807,-0.26910723267184844,-0.09070564447141709
CUST-11448,1,0.0,4,4,0,1,1,1,1,0,1,0,0,0,0,0,0,0,0,0,-1.156734911354832,-0.06483464871871301,-2.8876893704950257,-0.26910723267184844,1.1760003430149126
CUST-11449,1,0.0,3,4,0,0,0,0,1,1,0,0,0,0,0,0,0,0,1,0,1.2006692922031665,-1.6818491006379361,0.037019961159586744,-0.27069647762653515,-0.11182911707851141
CUST-11450,0,0.0,3,2,0,0,0,1,1,1,1,0,0,1,1,0,0,0,1,0,0.2223131449129476,-0.1348794628092495,0.5643830669863722,-0.27228572258122186,-0.10630799375477779
CUST-11451,0,1.0,1,3,0,0,1,0,1,0,1,0,0,0,0,0,0,1,0,0,-0.009065778569393109,0.42336714597261554,0.7220670239955368,-0.2738749675359086,-0.1060412332134998
CUST-11452,1,0.0,2,2,0,0,1,1,0,0,0,0,0,0,0,0,1,0,0,0,-1.1478090946999886,0.1574784396208999,-1.9642814194234215,-0.27546421249059533,0.30161481742597634
CUST-11453,1,0.0,2,3,0,0,1,0,1,1,1,0,0,1,0,1,0,1,0,0,-0.5651116717659925,-0.19295682122602634,-0.07289040138945935,-0.27705345744528204,-0.0897003514643931
CUST-11454,0,0.0,3,3,0,1,0,0,1,1,0,1,0,1,1,0,0,0,0,1,2.428220944763088,-1.6818491006379361,0.35043049342574695,-0.27864270239996874,-0.11443731925661971
CUST-11455,1,0.0,4,3,0,0,1,0,1,0,0,0,0,0,0,1,0,0,0,0,-1.0506236041209152,-1.1214905879136428,-1.7334914639756347,-0.28023194735465545,0.030439651619568804
CUST-11456,1,1.0,2,2,0,0,0,0,0,1,1,0,0,0,0,0,1,1,0,0,-0.5156896179667425,0.6852432348337174,0.23912980698908384,-0.28182119230934216,-0.09158535954184598
CUST-11457,0,0.0,4,3,0,0,1,0,1,1,1,0,0,0,0,1,0,0,0,0,-0.7370923778209456,-1.6818491006379361,-1.2728493188081678,-0.28182119230934216,-0.07618414757015234
CUST-11458,0,0.0,5,3,0,1,1,0,1,0,1,0,0,0,0,1,0,0,0,1,1.6526058432843438,-0.37422857628445033,1.0061209075673727,-0.28341043726402887,-0.1129581003046062
CUST-11459,0,0.0,4,3,0,0,1,0,1,1,1,0,1,0,0,0,0,0,0,1,1.2683421227598872,0.0023942934485858746,1.0310689862969558,-0.2849996822187156,-0.11193664621166279
CUST-11460,1,0.0,4,1,1,1,1,1,1,1,0,0,0,0,0,1,0,0,0,0,-0.8519309694115043,1.1762609014482834,-0.17272160175003548,-0.2865889271734023,-0.06354872215665368
CUST-11461,0,0.0,2,3,0,0,0,0,1,0,1,0,0,0,1,0,0,0,0,0,-1.0764191518496566,0.6106226288679194,-1.2643590797171964,-0.28817817212808905,0.07843552506503611
CUST-11462,1,0.0,1,4,1,1,1,0,1,0,0,0,1,0,1,0,0,1,0,0,0.007763133873950127,0.9784458988408381,0.752308694216485,-0.28976741708277576,-0.10394134735271783
CUST-11463,1,0.0,3,2,0,0,1,1,1,1,0,0,0,0,0,1,0,0,0,0,-0.6852957618107756,0.2808136298587094,-0.09859665122916128,-0.29135666203746247,-0.0817828674985197
CUST-11464,0,0.0,4,5,0,1,0,0,1,0,1,0,0,0,0,1,0,0,1,0,0.16217967956961638,-0.9307152651142917,0.18710357360263027,-0.29135666203746247,-0.10571984793842609
CUST-11465,0,1.0,4,2,0,1,1,0,1,0,1,0,0,0,0,1,0,0,0,0,-1.138962580619577,-0.6860863917830206,-2.3600719804531796,-0.2929459069921492,0.3481438213026472
CUST-11466,0,0.0,3,2,0,1,0,0,1,0,0,0,1,0,1,0,0,0,1,0,0.7019611797828889,-1.022935070600325,0.39125514039235315,-0.2945351519468359,-0.10968315307749649
CUST-11467,0,0.0,4,0,0,1,1,0,0,0,0,1,1,0,0,1,0,0,1,0,0.2157345114462501,0.5856317655491854,0.7728584146861939,-0.2961243969015226,-0.10616787541628499
CUST-11468,0,0.0,3,2,0,0,1,0,0,1,0,1,1,0,0,0,1,0,0,0,-0.891223982765117,0.24913507072228505,-0.8381366738043269,-0.2977136418562093,-0.020634503459663327
CUST-11469,0,0.0,4,2,0,0,0,1,1,0,0,1,0,0,0,0,0,0,1,0,1.1648029199216268,-0.4541289421063186,0.8371795858476255,-0.299302886810896,-0.11165530509500568
CUST-11470,1,0.0,2,1,0,0,0,1,1,1,1,0,0,0,0,1,0,0,0,0,-1.1056264792051655,-0.014500938090839695,-1.8054838578315597,-0.3008921317655827,0.19827954222809274
CUST-11471,1,0.0,4,2,1,0,0,0,1,1,0,1,0,1,0,1,0,0,0,0,-0.8864658203293676,1.6950853033048212,-0.16966296710579284,-0.3024813767202695,-0.055489036073510536
CUST-11472,0,0.0,3,2,0,0,0,1,1,1,0,1,1,0,0,1,0,0,0,1,2.428220944763088,0.6556765796397219,1.3255542775031666,-0.3024813767202695,-0.11292960973340344
CUST-11473,0,1.0,2,2,0,1,1,1,1,1,1,0,1,0,0,0,1,1,0,0,-0.4959562366243703,-0.8543347391964705,-0.27915415770409,-0.3040706216749562,-0.0925757762960113
CUST-11474,0,0.0,2,4,0,1,0,0,1,1,0,0,1,0,0,1,0,0,1,0,0.28108191925965553,0.12242083417659129,0.6801336362820871,-0.3072491115843296,-0.10684082273231463
CUST-11475,1,1.0,3,3,1,0,1,0,1,1,0,0,0,0,1,0,0,0,0,0,-0.9357319309723734,1.7056448230169623,-0.30403181097261767,-0.3072491115843296,-0.042870015145692844
CUST-11476,1,0.0,4,4,0,0,0,0,1,1,1,0,0,1,0,1,0,1,0,0,-0.046665030414128596,0.6116785808391335,0.6250623716928317,-0.3088383565390163,-0.10314562972610408
CUST-11477,0,0.0,2,5,0,0,1,0,1,0,1,0,0,1,0,1,0,0,1,0,0.37858393960599074,-1.6818491006379361,-0.3103843596917269,-0.310427601493703,-0.1073517357849898
CUST-11478,0,0.0,2,2,0,0,0,0,1,0,1,0,1,0,1,0,0,0,0,0,-0.724312373939599,-1.00463190309928,-0.6284215007013382,-0.31201684644838973,-0.08119855698204727
CUST-11479,0,0.0,3,3,0,1,1,0,1,1,1,0,0,1,0,0,0,0,1,0,0.9441633266467419,-1.0855882208923628,0.44764396293747283,-0.31360609140307644,-0.11083232366055872
CUST-11480,1,1.0,1,2,1,0,0,0,1,1,0,0,0,0,1,0,0,1,0,0,-0.06638094057609496,1.4831909410811879,0.8080884968637806,-0.31360609140307644,-0.10282749110369543
CUST-11481,1,1.0,1,2,1,1,0,0,1,0,0,0,1,0,1,0,0,0,0,0,-0.5857209219573491,1.288543794387385,0.2835081113816864,-0.31519533635776315,-0.08787469022389036
CUST-11482,1,0.0,4,3,0,0,0,0,1,1,1,0,1,0,0,1,0,0,1,0,0.9065474966968039,-0.6980538474567805,0.6394287844730591,-0.3167845813124499,-0.1106479183901489
CUST-11483,1,0.0,4,2,1,1,1,0,1,1,1,0,0,0,1,0,0,1,0,0,-0.14458456694989302,0.9804874059851857,0.1000349826499013,-0.3183738262671366,-0.08265441449238582
CUST-11484,1,1.0,3,1,0,1,1,1,1,1,1,0,0,0,0,1,0,0,0,0,-0.9606631987055806,0.009081989266275724,-0.7776387642780377,-0.3199630712218233,-0.036766428596502046
CUST-11485,1,1.0,1,1,0,1,0,0,1,1,0,1,0,1,1,0,0,1,0,0,-0.5586362624843446,0.04076054840269904,-0.002226122954277145,-0.32155231617651003,-0.08936240611125638
CUST-11486,0,0.0,5,1,0,1,1,0,1,1,0,0,0,0,0,0,0,0,0,0,-0.6724348872474717,-1.054261645746344,-0.621742762745172,-0.32314156113119674,-0.08297343808213584
CUST-11487,0,0.0,3,3,0,0,1,1,1,0,1,0,0,1,0,1,0,1,0,0,-0.562313234057818,-0.30101590628027136,-0.10511677951604842,-0.32473080608588345,-0.08998980389695424
CUST-11488,0,0.0,3,1,0,1,1,0,1,1,1,0,0,0,0,1,0,0,1,0,0.5429652369017219,-1.5730860476028816,-0.07717078241947752,-0.32632005104057016,-0.10903962862527924
CUST-11489,1,0.0,2,1,1,1,0,0,1,0,0,1,1,0,0,1,0,1,0,0,-0.38621285458304633,1.305439025926811,0.5095235067825595,-0.32632005104057016,-0.09592494856473603
CUST-11490,0,0.0,3,3,0,1,0,1,1,1,0,0,0,0,0,1,0,0,0,1,2.210265000227647,-1.6818491006379361,0.2880502299345466,-0.32790929599525687,-0.11400038598013437
CUST-11491,0,0.0,3,2,0,1,1,1,1,1,0,0,0,0,0,0,1,0,0,0,-0.760245504509009,-1.6818491006379361,-1.3440482234519628,-0.33108778590463034,-0.07191625504013109
CUST-11492,1,1.0,5,1,0,1,1,0,0,1,0,0,0,1,1,0,0,1,0,0,-0.5322409481253796,0.4212552420301872,0.15817486791562382,-0.33108778590463034,-0.09117198386445138
CUST-11493,1,0.0,1,4,0,1,1,0,1,0,1,0,0,1,1,0,0,0,1,0,0.6806176355511487,-1.3442964538398223,0.17698631820652871,-0.33267703085931705,-0.10971527018794577
CUST-11494,0,0.0,5,2,0,0,1,1,1,1,0,0,0,0,0,1,0,1,0,0,-0.22886158325447106,-0.5671158030262295,0.1107656715979202,-0.33426627581400375,-0.10024555700102004
CUST-11495,1,0.0,4,2,0,0,1,0,0,1,0,0,0,0,0,0,0,1,0,0,-0.2262011968143224,0.028793092728938888,0.3229946858539958,-0.33585552076869046,-0.09998553325695496
CUST-11496,1,0.0,2,1,0,0,1,1,1,1,1,0,0,1,0,1,0,0,0,0,-1.112312823592015,0.2595537968382646,-1.4231138017186933,-0.14991386107034485,0.09526114613671542
CUST-11497,1,0.0,2,3,0,0,1,0,1,1,1,0,0,1,0,1,0,1,0,0,-0.566925673535971,-0.2714492510862758,-0.12146670767038449,-0.33744476572337717,-0.08890275238912135
CUST-11498,1,0.0,4,1,1,1,1,1,1,1,0,1,1,0,0,1,0,0,0,0,-0.7986725492295931,1.84080667533237,0.06754939479679634,-0.3390340106780639,-0.07099243486961934
CUST-11499,0,0.0,4,3,0,0,0,1,1,1,1,0,1,0,0,0,0,0,0,1,2.428220944763088,0.3317809116693107,1.313204035811728,-0.3406232556327506,-0.11355281809760227
CUST-11500,1,0.0,5,4,1,0,1,0,1,1,1,0,0,0,1,0,0,0,0,0,-0.7349995890273809,1.2192029482776576,0.05580820669027572,-0.3422125005874373,-0.07760784694261874
CUST-11501,0,1.0,3,3,0,0,1,0,1,0,0,1,0,1,0,0,1,0,0,1,1.4165629879153976,0.2561747505303798,1.1552563323784644,-0.34380174554212406,-0.11237821553721819
CUST-11502,1,1.0,3,1,1,1,0,0,1,1,1,0,0,1,1,0,0,0,1,0,0.1774882958391654,1.9083876014900736,1.04160466542684,-0.42803172814051993,-0.10588137537277803
CUST-11503,0,0.0,4,3,1,1,1,0,1,0,0,0,1,0,0,0,1,0,0,0,-0.6770294221526839,1.079465304086989,0.12752850050074938,-0.3469802354514975,-0.0828996872188574
CUST-11504,0,0.0,4,3,0,1,1,0,1,1,0,1,1,0,0,1,0,1,0,0,-0.23543774249473554,0.007674053304656678,0.3130110180883274,-0.4900122813733018,-0.0999048774409425
CUST-11505,0,0.0,2,2,0,1,0,0,1,1,1,0,1,0,0,0,1,0,1,0,1.0288496500921671,0.625757940455322,1.13494719163087,-0.3501587253608709,-0.11112787392416543
CUST-11506,0,0.0,4,3,0,0,0,0,1,0,1,0,0,1,0,0,1,0,0,1,1.404877443483856,-0.3133353459444359,0.9665328668064959,-0.3501587253608709,-0.11238841978450248
CUST-11507,0,0.0,3,1,0,0,0,0,0,0,1,0,0,1,1,0,0,0,0,0,-0.9680472830071466,-0.32424684964698186,-0.939844059226572,-0.3517479703155576,-0.0317228699047132
CUST-11508,1,0.0,3,3,0,0,0,0,1,0,1,0,0,1,0,0,1,0,0,0,-0.6794769982482166,-1.4143412679303589,-0.8555537388464325,-0.3533372152702443,-0.08397637942087013
CUST-11509,1,0.0,1,5,0,0,0,0,1,0,0,0,1,0,0,1,0,0,0,0,-0.6873690606933835,-0.8916450421793692,-0.5872834192269953,-0.354926460224931,-0.08009325443280481
CUST-11510,1,0.0,3,3,1,0,1,1,1,1,1,0,1,0,1,0,0,0,0,0,-1.1265716718924628,1.9083876014900736,-1.4009962175490265,-0.3565157051796177,0.22267055141222528
CUST-11511,0,0.0,1,1,0,0,0,0,1,0,0,1,0,1,0,1,0,1,0,0,-0.08198064768037482,-1.308746070808947,-0.21374684615683143,-0.6775431860263341,-0.10249464675426251
CUST-11512,0,0.0,5,3,0,1,0,1,1,1,1,0,0,0,0,0,0,0,1,0,1.1416647335545873,-0.730084390583609,0.7099825603602382,-0.3596941950889912,-0.11159768879807884
CUST-11513,1,0.0,4,3,0,1,0,1,1,1,0,0,0,0,0,1,0,0,0,0,-0.600484803333419,-0.1369913667516778,-0.1031622329871535,-0.3596941950889912,-0.0876665144184024
CUST-11514,0,0.0,3,3,0,1,0,1,1,0,1,0,1,0,0,1,0,0,1,0,0.44133287166236596,-0.10179296771120713,0.6900945820821457,-0.3612834400436779,-0.10815852298628825
CUST-11515,1,0.0,2,2,0,1,1,1,1,0,0,0,0,1,0,1,0,1,0,0,0.00957650832000873,0.36704970750786214,0.5949235650334009,-0.3628726849983646,-0.10390617510072572
CUST-11516,0,0.0,4,2,0,0,0,1,1,0,0,0,0,0,0,1,0,0,1,0,0.6905571564309079,-0.5333253399473776,0.6300447599802718,-0.3644619299530513,-0.10962110541989244
CUST-11517,0,1.0,4,2,0,1,0,0,1,1,0,0,0,0,1,0,0,0,0,0,-0.9954157829897042,0.4321667457327332,-0.842124933427448,-0.36605117490773803,-0.013017357964739112
CUST-11518,1,0.0,2,1,1,1,1,1,1,1,0,0,0,0,0,1,0,0,1,0,0.3070938853302263,1.168165269668975,0.9657319518255304,-0.36764041986242474,-0.10708877907279792
CUST-11519,0,0.0,1,3,1,0,1,0,1,1,1,0,0,0,0,0,1,0,1,0,1.1395560505366065,1.299455298089931,1.3255542775031666,-0.36922966481711145,-0.111498882235147
CUST-11520,0,0.0,4,1,0,1,1,1,1,0,1,0,0,0,0,0,0,0,1,0,0.2137516355704705,-0.3207270097429348,0.4922085625270639,-0.37081890977179816,-0.10622695389010582
CUST-11521,1,0.0,3,2,0,0,1,0,1,1,0,1,1,0,1,0,0,0,0,0,-1.1565219018375827,0.6074547729542774,-2.334823464773508,-0.37081890977179816,0.6919577200522429
CUST-11522,0,0.0,2,4,0,1,0,0,1,0,1,0,0,1,0,1,0,0,0,0,-0.8853146222665418,-1.2482048244593373,-1.1937649187145685,-0.3724081547264849,-0.05374700423276809
CUST-11523,0,1.0,3,1,0,1,1,0,1,0,0,1,1,0,0,0,1,0,0,0,-1.0916404769742667,-0.8001292046741456,-1.7969635552896275,-0.3739973996811716,0.08742662701601686
CUST-11524,0,0.0,4,2,0,0,1,0,1,0,1,0,0,0,0,1,0,1,0,0,-0.16255601677319953,-1.2774194956629281,-0.22943710721958804,-0.37558664463585834,-0.10159710262628477
CUST-11525,0,1.0,3,2,0,1,1,0,1,1,1,0,0,1,0,1,0,0,1,0,0.4094218829314351,-0.08630567213340011,1.3255542775031666,-0.37717588959054504,-0.11457858379919048
CUST-11526,1,0.0,1,3,1,1,1,0,0,0,0,1,1,0,0,1,0,0,0,0,-1.0373359306307885,0.8497605519488776,-1.4623813178169602,-0.37876513454523175,0.15852808096848334
CUST-11527,0,0.0,2,2,0,1,0,1,1,1,1,0,0,0,0,0,0,0,1,0,1.0123924273604181,-1.643834829674228,0.0076384648231485755,-0.38035437949991846,-0.11104426840579713
CUST-11528,0,1.0,2,3,0,0,1,0,0,0,0,1,0,0,0,1,0,1,0,0,-0.20348052769086808,-0.44568132633660584,0.18110964763717832,-0.38194362445460517,-0.10073351202577316
CUST-11529,1,0.0,3,3,0,0,0,0,1,0,1,0,0,1,0,0,1,0,1,0,0.2296007227242065,-1.6818491006379361,-0.36140513795314855,-0.38194362445460517,-0.10650385701189931
CUST-11530,0,0.0,3,1,1,1,0,0,1,1,1,0,0,1,0,1,0,0,0,1,2.428220944763088,1.3635163843435874,1.3255542775031666,-0.3835328694092919,-0.11135651350650695
CUST-11531,1,0.0,1,3,0,0,0,0,1,1,1,0,1,0,0,1,0,0,0,0,-1.0731526967536256,-0.6269530813950298,-1.5566592433818776,-0.3851221143639786,0.048438990765367236
CUST-11532,1,0.0,4,3,1,0,1,0,1,1,1,0,0,0,0,0,0,0,0,1,1.604633617684254,1.0023808101883585,1.3255542775031666,-0.38671135931866535,-0.11215909765807124
CUST-11533,1,0.0,3,2,0,1,1,0,1,0,1,0,0,1,1,0,0,0,0,0,-1.016169059334956,-0.5576122352853026,-1.2867451828360583,-0.38830060427335206,0.002959699906235346
CUST-11534,1,0.0,1,2,0,1,1,0,1,0,1,0,0,0,0,1,0,0,0,0,-0.5781486681531822,-1.2999464710488293,-0.663632701393272,-1.1574951623417218,-0.08842333312341696
CUST-11535,0,0.0,4,1,1,1,1,0,1,1,1,0,0,1,1,0,0,0,1,0,1.1139869410288814,1.2033636687094458,1.300480766119409,-0.3914790941827255,-0.11144950228696887
CUST-11536,1,0.0,1,2,0,1,0,1,1,0,0,1,1,0,0,0,1,0,0,1,1.667467188556262,0.05554387599969679,1.1637116725156385,-0.3930683391374122,-0.11300953345149063
CUST-11537,0,1.0,4,3,1,0,0,0,1,0,0,0,0,0,0,1,0,1,0,0,-0.32952885844435187,1.9083876014900736,0.6898350972398695,-0.3930683391374122,-0.09782241770766618
CUST-11538,0,0.0,4,3,0,1,1,0,1,0,0,0,0,0,1,0,0,1,0,0,-0.09428449432591825,-0.5308614520145447,0.21868093752470508,-0.3946575840920989,-0.10245738884047735
CUST-11539,1,0.0,5,2,0,0,0,1,1,0,0,0,0,0,1,0,0,0,1,0,0.30223800423054875,-0.5079824926382388,0.4581138714443283,-0.3962468290467856,-0.10692150982244737
CUST-11540,0,0.0,3,2,1,0,1,1,1,0,1,0,0,0,0,1,0,0,1,0,0.971604881232215,1.0227958816318314,1.212954291472419,-0.3978360740014723,-0.11092594502696765
CUST-11541,1,0.0,2,3,1,1,0,0,1,1,1,0,0,0,1,0,0,0,0,0,-1.0224686814537185,1.03018754543033,-0.821029145898706,-0.399425318956159,0.006607072339539308
CUST-11542,0,0.0,1,2,0,0,1,0,1,0,0,0,1,0,0,1,0,0,1,0,0.8186665836849099,0.12382877013820984,0.9200244753862421,-0.4010145639108458,-0.11027783998635483
CUST-11543,1,0.0,1,2,1,1,1,1,1,1,1,0,1,0,0,0,1,1,0,0,-0.38914170184464975,1.9083876014900736,0.6306246853234079,-0.4026038088655325,-0.09605904185884741
CUST-11544,0,0.0,4,3,0,0,0,0,1,1,0,1,1,0,0,0,1,1,0,0,-0.4581597225454455,-0.33445438536871835,-0.022614503602648238,-0.4041930538202192,-0.09347556454605044
CUST-11545,0,0.0,4,2,0,0,1,1,0,0,0,1,1,0,0,1,0,1,0,0,-0.5152585848729846,-1.3784389009090787,-0.666533062159382,-0.4041930538202192,-0.09071794742874319
CUST-11546,1,0.0,4,1,0,0,0,0,1,1,1,0,0,1,1,0,0,1,0,0,-0.3225927915306804,-1.0968517085853136,-0.27194879407406625,-0.4057822987749059,-0.09726281513894973
CUST-11547,0,0.0,3,2,0,0,0,0,1,1,1,0,0,1,0,0,1,0,0,1,2.3096194967343986,-0.32811867354143365,1.185695746028239,-0.4073715437295926,-0.11422132223859464
CUST-11548,0,0.0,4,2,1,1,1,0,1,0,1,0,0,0,1,0,0,1,0,0,-0.22307714293820027,1.5655551948358895,0.7135951094961431,-0.4089607886842793,-0.10019998132176934
CUST-11549,1,0.0,1,3,0,0,1,0,1,0,0,0,1,0,0,0,0,0,0,1,2.428220944763088,-0.23484291608418636,1.246853908449903,-0.410550033638966,-0.11440294621864947
CUST-11550,0,1.0,5,3,1,1,1,0,1,0,1,0,0,0,0,0,1,0,0,0,-0.9392169744582013,1.615536921473358,-0.3284450208430842,-0.41213927859365274,-0.04213553793551117
CUST-11551,0,0.0,1,2,0,0,0,0,1,1,0,0,0,0,0,1,0,0,1,0,0.36996800238092825,0.420551274049378,0.817495579509479,-0.4137285235483395,-0.10764899350710597
CUST-11552,1,1.0,4,3,1,0,0,1,1,0,1,0,1,0,0,1,0,0,1,0,0.8324818744319354,1.1058641033673422,1.180808490370064,-0.4153177685030262,-0.11032975834052192
CUST-11553,1,0.0,3,1,0,1,1,0,1,0,0,0,0,0,1,0,0,1,0,0,0.020632365991575842,0.37092153140231393,0.6046343715922455,-0.4153177685030262,-0.10408276921903893
CUST-11554,1,1.0,2,3,0,1,0,0,1,1,1,0,0,1,0,1,0,1,0,0,-0.05571006825649204,0.3624739156326011,0.5478636314471053,-0.4169070134577129,-0.10293390807461764
CUST-11555,1,0.0,4,2,1,1,0,0,1,0,1,0,0,0,0,0,1,1,0,0,-0.1780509551878109,0.7566959848858729,0.5581573212506197,-0.4184962584123996,-0.10074714401064551
CUST-11556,0,1.0,5,1,0,0,1,0,1,0,1,0,0,0,1,0,0,0,1,0,1.1933569581271186,-0.6364566491359568,0.7634526627872186,-0.42167474832177304,-0.11170128663813012
CUST-11557,0,0.0,4,4,0,1,1,1,1,1,0,0,0,1,0,0,0,0,1,0,0.8942720595359063,-0.6248411774526015,0.6637423186553842,-0.42167474832177304,-0.11053882138815892
CUST-11558,1,0.0,3,4,0,0,0,1,1,1,0,0,0,0,0,1,0,0,0,0,-1.0214041916766194,0.3311473404865822,-0.9668582950649153,-0.42326399327645975,0.0014130196755314458
CUST-11559,1,0.0,3,3,1,1,1,1,1,1,1,0,0,0,0,1,0,0,1,0,1.0911351943150067,1.9083876014900736,1.3255542775031666,-0.42485323823114646,-0.1101455970673047
CUST-11560,1,0.0,2,1,0,1,1,1,1,0,0,0,0,0,0,0,0,1,0,0,-0.5356000480162935,-1.6649538690985102,-0.9996646328473715,-0.42644248318583317,-0.08849243996454158
CUST-11561,1,0.0,4,3,0,1,1,0,1,1,0,0,0,0,0,0,1,0,0,0,-0.8264336388093909,-1.6818491006379361,-1.4147168728012083,-0.42644248318583317,-0.0672647314445508
CUST-11562,0,1.0,1,3,0,0,1,0,1,1,1,0,0,0,0,0,0,0,0,1,1.2722906702718737,-0.31650320185807834,0.9192030028879907,-0.42803172814051993,-0.11194027334397416
CUST-11563,1,0.0,5,3,1,1,0,0,1,1,1,0,1,0,0,1,0,1,0,0,-0.49818342515229536,1.050602616873803,0.3500069067203297,-0.42962097309520664,-0.09244761025743062
CUST-11564,0,0.0,4,4,0,0,1,0,1,1,0,0,0,1,0,0,1,0,1,0,0.8079255389670417,0.01612166907436946,0.8836163989719719,-0.43121021804989335,-0.11025134565977494
CUST-11565,0,0.0,3,3,0,1,1,0,1,1,1,0,1,0,0,0,0,0,0,0,-0.8106954060254818,-1.2728437037876668,-0.9732803896757888,-0.43279946300458005,-0.07148253695676642
CUST-11566,1,0.0,4,2,0,0,0,1,1,1,1,0,0,1,0,1,0,0,0,0,-1.173475936808781,0.24230658130843466,-5.0900423065271,-0.43438870795926676,26.765331120835555
CUST-11567,0,0.0,4,2,0,1,0,0,1,1,1,0,0,0,1,0,0,1,0,0,-0.3558147599674421,-1.6818491006379361,-0.7855648554027737,-0.9429470934590154,-0.09673657686906628
CUST-11568,0,0.0,3,3,0,0,1,1,1,1,0,0,0,1,0,0,0,0,0,0,-1.0512454900842942,0.6261099244457263,-1.082434368586241,-0.4375671978686402,0.03702783725044259
CUST-11569,0,1.0,3,2,0,0,1,1,1,1,0,1,0,1,1,0,0,0,1,0,0.509544018128834,-0.3643730245531185,0.6231944153191317,-0.4375671978686402,-0.10858296276142826
CUST-11570,1,0.0,2,2,0,0,0,0,1,1,1,0,0,0,0,0,1,0,0,0,-0.7898352239855276,-0.12467192708751303,-0.40112760434153183,-0.4391564428233269,-0.07205910587695141
CUST-11571,0,0.0,3,3,0,1,1,0,1,0,0,0,0,0,0,1,0,1,0,0,-0.4733323121294388,0.41315961025087883,0.22079684231743907,-0.4407456877780136,-0.09349748901454352
CUST-11572,1,0.0,1,1,0,0,1,0,1,0,1,0,0,0,0,0,1,0,0,0,-1.0687462962201735,0.17909025663174907,-1.253024378717673,-0.44233493273270036,0.04673493719738809
CUST-11573,1,0.0,4,2,0,0,0,0,1,1,0,1,1,0,0,1,0,0,0,0,-0.7721295900730323,-0.6097058658651991,-0.5665300417768259,-0.44392417768738707,-0.07355915688556838
CUST-11574,0,0.0,2,3,1,1,1,0,1,1,1,0,1,0,0,0,0,0,1,0,0.6501604295784881,1.0534184887970406,1.093212853964227,-0.4455134226420738,-0.1093610471047953
CUST-11575,0,0.0,5,3,0,1,0,0,1,1,1,0,0,1,0,1,0,0,0,0,-0.9805899501219865,0.302918224456125,-0.6665108799246551,-0.4471026675967605,-0.03901422671542004
CUST-11576,0,0.0,4,3,0,1,1,0,1,0,0,1,1,0,0,0,1,0,1,0,0.07411108070677737,-1.6818491006379361,-0.4401777917665687,-0.4486919125514472,-0.10507743457029427
CUST-11577,0,0.0,5,2,0,0,1,0,1,1,0,0,0,0,0,1,0,0,0,1,1.8200069410665822,-0.28130480281760767,1.0856792730361764,-0.4502811575061339,-0.11332963514073696
CUST-11578,0,1.0,1,1,0,0,1,0,1,1,0,0,0,0,0,1,0,0,1,0,0.1909413122448267,-1.1788639783496102,0.053606847741579214,-0.4502811575061339,-0.10601248320537551
CUST-11579,0,0.0,4,2,0,0,0,1,1,1,1,0,1,0,0,1,0,0,1,0,0.8247097279947553,-1.3770309649474601,0.19662393737520847,-0.4534596474155073,-0.11028873471699355
CUST-11580,1,0.0,5,2,0,1,0,0,1,0,1,0,0,0,0,1,0,0,1,0,0.09619022536236795,0.5268504391515992,0.6937088853610013,-0.4534596474155073,-0.10499788927465939
CUST-11581,1,0.0,1,2,1,1,1,0,1,0,1,0,0,0,0,0,0,0,0,0,-0.8312001974418733,2.8590963595731864,-0.6455961091288762,-0.455048892370194,0.035263114762413526
CUST-11582,0,0.0,2,3,0,0,0,0,1,1,1,0,0,1,0,1,0,0,0,1,1.525907431453006,-0.18873301334116968,1.0440598006789663,-0.4566381373248808,-0.11268140241301147
CUST-11583,0,1.0,3,3,0,0,1,0,1,1,1,0,0,0,1,0,0,0,1,0,0.33124640269353284,-0.7452197021710113,0.3772609307553242,-0.4582273822795675,-0.1073439171015693
CUST-11584,0,0.0,2,2,0,1,0,0,1,1,0,0,0,0,1,0,0,0,1,0,0.04847333793687738,0.3529703478916742,1.3255542775031666,-0.4598166272342542,-0.11360234108851577
CUST-11585,1,0.0,3,5,0,1,1,1,1,1,1,0,0,1,1,0,0,0,1,0,0.13206734924202249,0.6799634749776465,0.7512563552216258,-0.4614058721889409,-0.10533449277139043
CUST-11586,1,0.0,1,2,1,0,0,0,1,1,1,0,1,0,0,0,0,1,0,0,-0.5353293295108668,1.9083876014900736,0.4735426796599541,-0.4614058721889409,-0.09065541777235
CUST-11587,0,0.0,5,2,0,1,1,0,1,0,0,0,0,0,0,1,0,0,1,0,0.5324721063852652,-0.22921117223771093,0.682464283643704,-0.4629951171436276,-0.10870480034746287
CUST-11588,0,1.0,2,1,0,1,1,1,0,1,0,0,0,1,0,1,0,0,1,0,0.6665078079000435,-1.5674543037564066,-0.02763126861591847,-0.46458436209831433,-0.10962873073485858
CUST-11589,0,0.0,3,2,0,0,0,0,1,0,1,0,1,0,1,0,0,0,1,0,0.1867301106494031,-0.570283658939872,0.3855250141933907,-0.4184962584123996,-0.10613283247578258
CUST-11590,1,1.0,4,3,1,0,1,0,1,1,0,0,0,0,1,0,0,1,0,0,-0.40861624951809866,0.8563074541704049,0.39701856609569663,-0.46776285200768775,-0.09554540357674873
CUST-11591,0,0.0,4,2,0,1,1,1,1,0,0,0,0,0,0,0,1,0,0,1,1.5869420118021607,-0.8539827552060656,0.7755353594839192,-0.4693520969623745,-0.11282367191304768
CUST-11592,0,0.0,2,4,0,1,1,0,1,1,1,0,0,0,0,0,1,0,0,0,-0.6856743828205654,-1.603004686787282,-1.0653519426395863,-0.4709413419170612,-0.08245958959015533
CUST-11593,1,1.0,4,2,0,1,0,0,1,0,1,0,0,1,0,0,0,0,0,0,-0.7591466671097531,-0.8318077638105692,-0.6445395046085975,-0.4725305868717479,-0.07521208566383877
CUST-11594,0,0.0,1,3,0,0,0,0,1,1,0,0,1,0,1,0,0,0,0,1,1.3005693743523299,-0.6012582500954861,0.8138336358694079,-0.4725305868717479,-0.11205112442686956
CUST-11595,0,0.0,4,1,0,0,1,0,1,0,0,0,1,0,0,0,0,0,1,0,0.7385947471778032,-1.1813278662824431,0.3139854977334647,-0.47411983182643463,-0.10996298241307854
CUST-11596,1,0.0,5,4,0,1,1,1,1,1,0,1,0,1,0,0,0,1,0,0,-0.3083803444283341,0.006195720544956852,0.31031249087087487,-0.47570907678112134,-0.09984743054338723
CUST-11597,1,0.0,1,4,0,1,1,1,1,1,0,0,0,0,0,1,0,0,0,0,-1.0097802197873595,-0.12256002314508496,-1.0471053130626777,-0.47729832173580805,-0.008133069710806023
CUST-11598,1,0.0,1,2,1,1,1,1,1,1,0,0,0,0,0,1,0,0,0,0,-0.8870946960710236,0.7957662078207953,-0.36778048338984937,-0.47888756669049476,-0.055014214296185616
CUST-11599,1,0.0,3,2,0,1,0,0,1,1,1,0,0,0,0,0,0,0,1,0,0.10541160391823487,-0.509038444609453,0.354878342192575,-0.48047681164518147,-0.10509045903576714
CUST-11600,0,0.0,1,3,1,1,0,0,1,1,0,0,0,0,1,0,0,0,0,0,-0.5937267132242561,2.8590963595731864,0.11633136824378282,-0.4820660565998682,-0.06286568708198156
CUST-11601,1,0.0,2,4,0,1,0,0,1,1,0,1,1,0,0,1,0,0,1,0,0.9986061322690583,-0.5579642192757073,0.7336610161771786,-0.48365530155455494,-0.11100666324440278
CUST-11602,1,0.0,2,2,0,1,1,0,1,1,1,0,1,0,0,1,0,0,0,1,2.422009307970494,-1.2309576089295067,0.7524998717554908,-0.48365530155455494,-0.11440064057001621
CUST-11603,0,0.0,3,2,0,1,0,0,0,1,0,1,0,0,0,0,0,0,1,0,0.7909346969152327,-0.6114657858172228,0.6346408419689606,-0.48524454650924165,-0.1101129708504426
CUST-11604,0,0.0,2,1,0,1,0,1,1,1,0,0,0,0,0,0,1,0,0,0,-0.6082912136467863,-1.6818491006379361,-1.0480586547457162,-0.48683379146392836,-0.08730600624811162
CUST-11605,0,0.0,3,2,1,0,1,1,1,1,1,0,0,0,0,0,0,0,1,0,0.6904172251510687,1.850310243073297,1.2756251035003432,-0.48842303641861506,-0.10964449393869988
CUST-11606,1,0.0,3,4,0,1,1,1,1,1,1,0,1,0,0,0,0,0,0,0,-0.6576768017600284,0.11221329845485457,-0.11314609811288166,-0.4900122813733018,-0.08355045048160473
CUST-11607,0,0.0,4,2,0,0,0,0,1,1,0,0,1,0,1,0,0,0,0,0,-0.958406813526145,-0.8779176665535856,-1.1327072446872797,-0.3978360740014723,-0.03777772906579623
CUST-11608,1,1.0,2,3,0,1,1,1,1,0,0,0,1,0,1,0,0,0,0,0,-1.1373798684220002,-0.43688172657648816,-2.131107744119791,-0.4455134226420738,0.2791300207507601
CUST-11609,0,0.0,3,2,0,0,1,0,0,1,1,0,0,0,0,1,0,0,0,0,-0.5924055450974721,-1.6818491006379361,-1.0879056994795349,-0.4947800162373619,-0.08556705182989399
CUST-11610,1,0.0,3,2,1,1,0,1,1,0,1,0,0,0,0,0,0,0,0,1,1.633396282911842,1.4765032452634985,1.3255542775031666,-0.4947800162373619,-0.11110541261698245
CUST-11611,1,0.0,2,4,1,0,0,0,1,1,0,0,0,0,0,1,0,0,0,0,-0.8498983578810321,1.3733719360749193,-0.16831646757897728,-0.4963692611920486,-0.06073097594276781
CUST-11612,1,0.0,4,3,0,0,1,0,1,0,1,0,0,0,1,0,0,1,0,0,-0.4421191936076963,0.07560696345276534,0.14686200743702765,-0.49795850614673537,-0.09438150171963472
CUST-11613,1,0.0,4,1,0,1,1,0,1,1,0,0,0,1,1,0,0,0,0,1,2.428220944763088,-0.3414236683787318,1.3255542775031666,-0.4995477511014221,-0.11514555552731308
CUST-11614,0,0.0,4,3,0,1,1,0,1,0,0,0,1,0,0,1,0,0,0,0,-1.147768145396239,-1.3766789809570552,-2.6318054238012696,-1.707373916663325,0.26606060705490336
CUST-11615,0,0.0,2,2,0,0,0,0,1,1,1,0,1,0,0,1,0,0,1,0,0.6740075628408327,-1.2999464710488293,0.1858163517128595,-0.5027262410107954,-0.10938578818607646
CUST-11616,0,1.0,5,2,0,1,1,0,1,1,0,0,1,0,0,1,0,0,0,0,-0.7121629653167945,-1.6818491006379361,-1.2077661665269983,-0.5043154859654823,-0.0797499029420088
CUST-11617,1,0.0,4,1,0,0,1,0,1,1,1,0,0,0,0,0,0,0,0,0,-1.1322765167401614,-0.20809213281342873,-1.9314652385026294,-0.505904730920169,0.22415430758432137
CUST-11618,0,0.0,2,4,1,0,0,1,1,1,1,0,0,0,0,1,0,0,0,1,1.8255034343522296,1.0822811760102267,1.3255542775031666,-0.505904730920169,-0.11198152787015205
CUST-11619,1,1.0,4,1,0,0,0,0,1,1,1,0,1,0,0,0,0,0,0,0,-0.9973979892919096,-0.442865454413368,-1.1532487115081402,-0.5074939758748557,-0.010110372634450375
CUST-11620,0,0.0,2,2,0,0,1,0,1,1,1,0,0,0,0,0,0,1,0,0,-0.21352554720494293,0.32903543654415385,0.4296956103595382,-0.5090832208295424,-0.10037668819051573
CUST-11621,0,0.0,3,2,1,1,1,0,1,0,0,0,0,0,0,0,0,0,0,0,-0.7931864847548017,0.9956931143706685,-0.09518519601718795,-0.5106724657842291,-0.07160453314775757
CUST-11622,0,0.0,3,2,0,0,0,0,1,1,1,0,1,0,1,0,0,0,0,0,-1.097166388829626,-1.6818491006379361,-2.5094878079587053,-0.5122617107389158,0.1019378389859768
CUST-11623,1,1.0,1,1,1,1,0,0,1,1,1,0,0,1,0,0,1,0,1,0,0.14941107273017915,1.9083876014900736,1.0249471280907558,-0.5138509556936025,-0.10557814240561868
CUST-11624,0,1.0,4,3,1,1,0,0,1,0,0,0,0,1,1,0,0,0,1,0,0.23367913127153436,1.1840045492371871,0.9289923631835401,-0.5154402006482892,-0.10641156287793774
CUST-11625,1,0.0,4,5,0,0,1,0,1,0,1,0,0,0,0,1,0,0,0,0,-1.0892001399102182,0.504675447756103,-1.380471914218232,-0.5170294456029759,0.1028431778732572
CUST-11626,0,0.0,2,2,1,1,0,0,1,1,1,0,0,0,0,1,0,0,1,0,0.5401882831251531,0.9376157559538922,1.0239176391042568,-0.5170294456029759,-0.10877072699035394
CUST-11627,1,1.0,2,0,1,0,0,0,0,0,0,0,1,0,0,0,1,1,0,0,-0.379158159648755,0.9872454986009558,0.45519421376035857,-0.5186186905576626,-0.09639994783132907
CUST-11628,1,0.0,3,2,0,1,0,0,1,1,1,0,0,1,0,0,0,0,0,0,-0.6734204415712141,0.27095807812737754,-0.06953185876403097,-0.5202079355123493,-0.08334048828053689
CUST-11629,0,0.0,4,1,1,0,0,0,1,1,0,0,1,0,0,1,0,0,1,0,0.048174663837092936,1.4701675334362136,0.8818075158529268,-0.521797180467036,-0.10442721088968442
CUST-11630,0,0.0,1,1,0,0,1,1,1,1,0,0,0,1,0,0,0,0,0,1,2.0006492161884033,-0.5160781244175472,1.0417561839542226,-0.5233864254217228,-0.11371830946456786
CUST-11631,0,0.0,4,2,0,1,1,0,1,1,0,0,1,0,0,1,0,0,0,1,1.726570997688444,0.44941396126256367,1.2973067936490343,-0.5249756703764095,-0.11315476704533367
CUST-11632,0,0.0,5,2,1,0,0,0,0,1,1,0,0,0,1,0,0,0,1,0,0.33365765344948295,1.3575326565067072,1.0159437613806444,-0.5265649153310962,-0.1072530770297707
CUST-11633,1,0.0,3,2,0,0,0,1,1,1,0,1,0,0,0,0,0,0,1,0,0.04391543742075892,-1.6818491006379361,-0.4747397747460322,-0.06250538856257556,-0.10440325980610074
CUST-11634,1,0.0,1,2,0,0,0,0,1,1,0,0,0,0,0,0,0,0,0,0,-0.7152093712497267,0.4244230979438297,-0.10760686931540704,-0.5281541602857829,-0.07921851727065087
CUST-11635,1,0.0,2,2,1,1,1,0,1,0,1,0,1,0,1,0,0,0,0,0,-0.601388486512484,0.7271293296918774,0.1517866545388348,-0.5297434052404696,-0.08773538513867875
CUST-11636,0,1.0,1,3,0,1,0,0,1,0,0,0,0,0,1,0,0,1,0,0,-0.03476318099609492,-1.6818491006379361,-0.5414800548419992,-0.6330443272951061,-0.10301113788075075
CUST-11637,0,0.0,2,3,0,1,0,0,1,0,0,0,0,1,0,0,1,1,0,0,-0.0035083402055065844,0.2593426064440223,0.5544476377431614,-0.5329218951498431,-0.10371114347548217
CUST-11638,0,0.0,4,4,0,1,1,0,1,0,0,1,1,0,0,0,1,1,0,0,-0.38815940423542433,-0.8761577466015622,-0.1919893283233606,-0.5345111401045298,-0.09586220647562026
CUST-11639,1,0.0,1,1,0,0,1,0,0,0,1,0,0,0,0,0,0,1,0,0,-0.5628044959379604,0.3807770831336457,0.09961517777685985,-0.5361003850592165,-0.08934790523480317
CUST-11640,0,0.0,2,2,0,0,0,0,1,0,0,0,0,1,0,1,0,0,0,1,2.428220944763088,-0.13839930271329662,1.2795375975532095,-0.5376896300139032,-0.11439162283077528
CUST-11641,0,0.0,3,2,0,0,0,1,1,0,0,0,1,0,0,1,0,1,0,0,-0.0592951035928856,-1.0377183981973228,-0.01059115677017504,-0.53927887496859,-0.1029904817531975
CUST-11642,0,0.0,5,1,0,0,0,0,1,1,0,1,0,1,0,1,0,1,0,0,-0.4919118702811716,0.5766209753948249,0.3725767173367652,-0.53927887496859,-0.09694405022286348
CUST-11643,1,1.0,2,1,0,0,0,0,1,1,0,0,0,1,1,0,0,0,1,0,0.38380249751682655,-0.47982377340586235,0.5155708320066685,-0.4471026675967605,-0.10765973727414103
CUST-11644,1,1.0,4,2,0,1,1,0,1,1,0,0,0,0,0,1,0,0,0,0,-0.8006030210807399,0.24702316677985725,-0.3082102190419154,-0.5424573648779634,-0.07040899925038713
CUST-11645,1,0.0,3,2,1,0,1,0,1,1,1,0,0,0,0,1,0,0,0,0,-1.051324221685745,1.3494370247273995,-0.8316277671703862,-0.5440466098326501,0.02058883454652517
CUST-11646,0,0.0,4,2,0,1,0,0,1,1,1,0,0,0,0,1,0,0,0,0,-0.6558415758963889,-1.0060398390608989,-0.5702329582481687,-0.5456358547873368,-0.08406859901975719
CUST-11647,0,0.0,5,3,0,0,0,0,1,1,1,0,0,1,0,0,0,1,0,0,-0.558152241939349,-0.02963624967824233,-0.022216110025085122,-0.5472250997420235,-0.08948188001752615
CUST-11648,1,1.0,1,4,0,0,0,0,1,0,0,1,1,0,0,0,0,0,0,0,-1.1581626418785553,-0.5611320751893495,-2.4564213637154713,-0.5488143446967102,0.4522421063712816
CUST-11649,0,1.0,3,4,0,0,0,0,1,1,0,0,0,0,0,0,0,0,1,0,0.8489362102385508,-0.32565478560860067,0.7728351531987954,-0.5504035896513969,-0.11036574180367195
CUST-11650,1,0.0,4,3,1,1,1,0,1,1,1,0,0,0,0,0,1,0,0,0,-0.643221932064769,1.9083876014900736,0.3359236720102854,-0.5504035896513969,-0.08490818774343085
CUST-11651,0,0.0,5,3,0,1,0,0,1,1,0,0,1,0,1,0,0,1,0,0,-0.1341513948307125,0.3079163971198717,0.5131314757395009,-0.5519928346060836,-0.10250988158433538
CUST-11652,0,1.0,2,2,0,1,1,1,1,0,1,0,0,0,0,0,1,0,0,0,-1.08583460887653,0.29313306952287393,-1.3475257121291693,-0.5535820795607703,0.07741554127900153
CUST-11653,1,0.0,3,2,0,1,1,0,1,1,0,1,1,0,0,0,1,0,0,0,-0.946954894687738,0.515234967468244,-0.5858461487494772,-0.555171324515457,-0.0412704661547509
CUST-11654,1,0.0,1,2,0,1,1,1,1,1,1,0,0,0,1,0,0,0,0,1,1.4719093264025087,0.4163274661645213,1.2175043609839378,-0.5567605694701437,-0.11253168365121659
CUST-11655,0,0.0,4,5,0,0,1,1,1,0,1,0,1,0,1,0,0,1,0,0,-0.0502992811645019,-1.6818491006379361,-0.5369230218094897,-0.5583498144248304,-0.10311013921788878
CUST-11656,0,0.0,5,2,0,0,1,1,1,0,0,1,0,0,0,0,0,0,0,0,-0.719693080788355,0.3899286668841683,1.3255542775031666,-0.5599390593795172,-0.11352020528353113
CUST-11657,0,0.0,3,1,0,1,1,0,1,0,0,0,0,0,1,0,0,0,0,1,2.428220944763088,-1.5843495352958326,0.4515782569888664,-0.5631175492888907,-0.1143874866487106
CUST-11658,1,0.0,1,2,1,1,1,0,1,1,1,0,0,0,0,0,0,0,0,0,-0.619221377830472,1.7915289166757113,0.3466038364533583,-0.5631175492888907,-0.08633703619894337
CUST-11659,1,0.0,1,0,0,1,1,0,0,1,0,1,0,0,0,1,0,0,0,0,-0.7514882668082943,0.6144944527623711,-0.12035416180088078,-0.5631175492888907,-0.07569087949841156
CUST-11660,1,0.0,4,2,0,0,0,0,1,0,1,0,0,1,0,1,0,0,1,0,1.1713065916926382,0.15269145735139605,1.0530438210024453,-0.5647067942435774,-0.11167515727284938
CUST-11661,0,0.0,3,3,0,0,1,0,1,1,0,0,0,0,0,0,0,0,0,1,2.428220944763088,-0.3605012006586667,1.1984823394230597,-0.5662960391982641,-0.1143952394728937
CUST-11662,1,0.0,4,3,1,0,1,0,1,0,0,0,0,1,0,0,0,1,0,0,0.01585974678275328,1.9083876014900736,0.9465636089008076,-0.5678852841529508,-0.10405831373109703
CUST-11663,0,0.0,4,3,0,0,0,0,1,1,0,0,0,0,0,0,1,0,1,0,0.7277075355495807,0.6000631091557782,1.024900161921224,-0.5694745291076375,-0.10989992231575328
CUST-11664,0,0.0,3,2,0,1,0,0,1,1,0,0,0,0,1,0,0,0,1,0,0.651567535597716,-0.01942871395650561,0.8133108544956573,-0.5710637740623242,-0.10950483069401645
CUST-11665,0,0.0,4,2,0,0,0,0,1,1,1,0,0,0,0,0,1,0,0,0,-0.6504297511169447,-0.6033701540379144,-0.35746973326849313,-0.5726530190170109,-0.08450839672349676
CUST-11666,0,0.0,4,2,0,1,1,0,1,1,0,0,0,0,0,1,0,1,0,0,-0.151637610666596,-0.7297324065932043,0.08524287413281441,-0.5726530190170109,-0.10144063489456168
CUST-11667,0,0.0,3,3,0,0,0,1,1,1,0,0,0,0,0,1,0,0,1,0,0.9737508028070713,0.015417701093560188,0.9343896132296611,-0.5742422639716976,-0.11085513309769827
CUST-11668,0,0.0,4,3,0,1,1,1,1,1,1,0,1,0,1,0,0,0,1,0,0.2224288804428394,-1.0208231666578966,0.1680891279946946,-0.5758315089263844,-0.10629073754015328
CUST-11669,1,0.0,3,3,0,0,1,1,0,0,1,0,0,0,1,0,0,0,0,0,-1.1524938282499417,0.6796114909872422,-2.1641155707286246,-0.5774207538810711,0.5443535266406458
CUST-11670,0,0.0,4,2,0,1,1,1,1,1,1,0,0,0,0,0,0,0,0,0,-0.6846852217662748,-0.7198768548618725,-0.4418912757722872,-0.5790099988357578,-0.0830473956891819
CUST-11671,0,0.0,3,1,1,0,0,0,1,1,1,0,0,0,1,0,0,0,0,0,-0.990625478940728,1.0231478656222357,-0.6266726264271353,-0.5805992437904445,-0.02212111376286525
CUST-11672,1,0.0,2,2,1,0,1,1,1,0,0,0,0,0,1,0,0,0,0,0,-0.8593616872040851,0.9995649382651208,-0.23673844502056599,-0.5821884887451312,-0.06169921361369599
CUST-11673,0,0.0,4,2,0,0,1,1,1,0,0,0,0,1,1,0,0,0,0,1,1.6577001283947659,-0.09651320785513658,1.110498363615378,-0.5837777336998179,-0.1129840320876434
CUST-11674,1,0.0,3,4,0,0,1,1,1,1,0,0,1,0,0,0,1,0,0,0,-1.1330190065009809,0.5747202618466394,-1.8069798133461734,-0.8634848457246797,0.28045351566146925
CUST-11675,1,0.0,2,3,0,1,0,1,1,1,1,0,0,1,0,0,0,0,0,0,-0.8798298045369649,0.6275178604073455,-0.3860231517490241,-1.4483269890493906,-0.05701706730176787
CUST-11676,0,0.0,2,3,0,1,0,1,1,0,0,0,0,0,0,1,0,0,0,0,-0.7328871997289483,-1.5832935833246184,-1.1732794898448913,-0.5869562236091913,-0.07560564105713082
CUST-11677,1,1.0,4,3,1,1,1,0,1,1,1,0,0,0,0,1,0,1,0,0,-0.024851381230114697,1.790472964704497,0.8945347981078948,-0.5885454685638781,-0.10342184096496768
CUST-11678,1,0.0,1,2,0,1,0,0,1,1,0,0,0,0,0,1,0,0,0,0,-0.663829729593885,-0.3080555860883653,-0.25694528478780204,-0.5901347135185648,-0.08356611738330337
CUST-11679,1,0.0,2,2,0,0,0,1,1,1,0,1,0,1,1,0,0,0,0,0,-0.882186834081875,0.6965067225266678,-0.3552594941973925,-0.5917239584732515,-0.05809561058898747
CUST-11680,1,0.0,3,2,1,1,0,0,1,0,1,0,0,0,0,0,1,0,0,0,-0.9625262363329132,0.7260733777206633,-0.573561493151426,-0.5933132034279383,-0.0367926996719018
CUST-11681,0,0.0,3,2,0,1,1,0,1,1,1,0,1,0,0,0,1,0,0,0,-0.8533505684890931,-1.6818491006379361,-1.4586517848839264,-0.594902448382625,-0.06414653088243329
CUST-11682,0,0.0,4,4,0,0,0,1,1,1,0,1,1,0,0,0,1,1,0,0,-0.33884924978827374,-0.7318443105356324,-0.06977414675310559,-0.5964916933373117,-0.09736595533166417
CUST-11683,1,0.0,1,1,1,0,1,0,1,0,1,0,1,0,0,1,0,0,0,0,-0.7979403362066363,0.8492677743623106,-0.1391389722735622,-0.5964916933373117,-0.0709899654131564
CUST-11684,0,0.0,2,3,0,1,0,0,1,1,1,0,0,0,0,0,1,0,0,1,2.366787131574208,0.027737140757724727,1.3217507057803413,-0.5980809382919984,-0.11429894713894323
CUST-11685,1,0.0,2,1,0,0,1,0,0,1,0,1,1,0,0,1,0,1,0,0,-0.428829166257403,0.6894670427185741,0.3224471513511904,-1.0128738714652308,-0.09445846206131511
CUST-11686,1,0.0,3,2,0,0,1,0,1,1,1,0,0,0,0,1,0,0,0,0,-1.1053645090230972,0.05941569989414854,-1.7246635648350956,-0.6012594282013718,0.1753228158635324
CUST-11687,1,0.0,1,3,1,0,1,1,1,1,0,1,0,0,0,0,1,1,0,0,-0.5359510466286723,1.2600330911646036,0.34837105987640665,-0.6044379181107452,-0.09070027373518309
CUST-11688,0,0.0,2,2,0,0,0,0,1,0,1,0,0,0,1,0,0,0,0,0,-0.6988474905154426,0.08229465927045469,-0.18821444425568545,-0.6044379181107452,-0.0802951862763552
CUST-11689,1,1.0,3,2,1,0,1,0,1,0,0,1,0,0,0,0,0,0,1,0,0.09587129230936584,1.4655917415609525,0.9072712546230407,-0.6060271630654319,-0.10494374672855934
CUST-11690,1,1.0,4,3,0,1,0,0,1,1,0,0,0,0,0,1,0,0,0,0,-0.7839769631698001,-1.0729167972377935,-0.7943619573286848,-0.6092056529748053,-0.0743053967194508
CUST-11691,0,0.0,4,1,0,0,1,1,1,1,0,0,0,1,0,1,0,1,0,0,-0.16155484766573214,-0.17289373377295802,0.30943737761799484,-0.6076164080201186,-0.10134496035322682
CUST-11692,0,0.0,4,3,0,1,0,1,1,1,1,0,0,0,0,1,0,0,1,0,0.5998557137148862,-0.6646153683683335,0.5343536665366451,-0.6092056529748053,-0.10911625145398995
CUST-11693,0,1.0,5,2,0,1,0,0,1,1,0,0,0,0,1,0,0,0,0,1,1.9848832285378026,0.1410759856680408,1.3255542775031666,-0.610794897929492,-0.11407325303709445
CUST-11694,0,0.0,5,1,0,1,0,0,0,0,0,0,0,0,0,1,0,0,0,0,-0.814404927295021,-0.33234248142629,-0.5484907632154549,-0.6123841428841788,-0.06734016468918072
CUST-11695,0,0.0,2,3,0,1,0,1,1,0,0,0,0,0,0,1,0,0,0,0,-0.6880311456881971,-0.28060083483679815,-0.2861868331709118,-0.6139733878388655,-0.08164064625580904
CUST-11696,0,0.0,5,4,0,1,0,0,1,0,1,0,1,0,0,0,0,1,0,0,-0.4279292450635802,-0.7821780211635054,-0.17631535740328483,-0.6155626327935522,-0.09483252927552947
CUST-11697,0,0.0,3,2,0,1,1,0,1,1,0,1,0,0,0,1,0,0,0,1,1.9710383454749814,-0.52452574018726,1.029381643680071,-0.617151877748239,-0.11365038305612106
CUST-11698,0,0.0,2,2,0,0,0,0,1,0,1,0,1,0,0,1,0,0,0,1,1.6066170060251133,-0.04899536915050111,1.114832947541308,-0.6187411227029257,-0.11288192591748891
CUST-11699,1,0.0,4,2,0,0,1,0,1,0,0,1,0,1,0,0,0,0,0,0,-1.0649946863443,-1.6818491006379361,-2.497232289989697,-0.6187411227029257,0.09838677587258518
CUST-11700,0,1.0,2,0,0,0,0,1,0,1,1,0,0,1,0,0,0,0,0,0,-1.0081263478418165,-1.6818491006379361,-1.922809360678239,-0.6203303676576124,-0.01737555153445233
CUST-11701,1,0.0,3,2,0,1,0,0,1,0,0,0,0,0,0,0,1,1,0,0,-0.3556956587591964,0.024217300853677858,0.209550280836612,-0.6219196126122991,-0.09687502237329329
CUST-11702,1,0.0,4,3,0,1,1,0,1,1,0,0,0,0,1,0,0,0,0,0,-1.0426762806148946,0.629840954744016,-2.099330337153942,-0.6235088575669858,0.47985424680263433
CUST-11703,1,0.0,1,2,0,0,1,0,1,0,1,0,0,0,0,0,0,0,0,0,-0.6684913694101041,-0.2418825958922806,-0.257468649813453,-0.6250981025216725,-0.08235482631440497
CUST-11704,0,0.0,2,2,0,1,1,1,1,1,0,0,0,1,1,0,0,0,0,0,-0.9851191834926694,-0.43617775859567864,-1.0045682927762685,-0.6266873474763592,-0.029273663351952698
CUST-11705,1,0.0,4,4,0,1,0,1,1,1,0,0,0,0,0,1,0,0,1,0,0.036812114891398455,0.5342421029500979,0.6597872002047521,-0.6282765924310459,-0.1042933174789002
CUST-11706,0,0.0,3,2,0,0,1,0,1,1,1,0,1,0,0,1,0,0,0,1,2.4110200612510453,0.16078708913070397,1.0272226236420772,-0.6298658373857327,-0.11137629214790375
CUST-11707,0,0.0,3,2,1,1,0,0,1,1,1,0,0,0,0,1,0,0,0,1,2.428220944763088,1.6194087453678097,1.3255542775031666,-0.6298658373857327,-0.11078782083770848
CUST-11708,0,0.0,5,2,1,0,0,0,1,0,1,0,0,0,0,1,0,0,0,0,-0.6127332607822831,0.857363406141619,0.16572446232520782,-0.6314550823404194,-0.08697830250891454
CUST-11709,0,0.0,5,3,0,0,0,0,1,1,0,1,0,1,1,0,0,1,0,0,-0.07965983987682014,-1.6350352299141102,-0.5014527829803216,-0.6330443272951061,-0.10270274758104495
CUST-11710,0,0.0,1,1,0,1,1,0,1,1,1,0,0,0,0,1,0,0,1,0,1.153711557670586,-0.3383262092631701,0.8799234369389773,-0.6346335722497928,-0.11162387402915457
CUST-11711,1,0.0,3,4,1,1,1,1,1,0,1,0,0,0,1,0,0,0,0,0,-1.0279968234101537,1.5747067785864115,-0.6919313097538325,-0.6362228172044795,0.004174215225495003
CUST-11712,0,0.0,5,3,0,0,0,1,0,0,1,0,0,0,0,0,1,0,1,0,0.2280329072705135,0.4161866725683593,0.31078328766759583,-0.37876513454523175,-0.09638547108668545
CUST-11713,1,0.0,2,2,0,0,0,0,1,0,0,0,0,0,1,0,0,1,0,0,-0.5462724709441956,-0.09404931992230363,-0.012819952726234186,-0.6394013071138529,-0.09068838520304057
CUST-11714,1,0.0,3,3,1,1,0,1,1,1,1,0,0,0,0,0,0,0,0,0,-0.9006869647031618,1.44447270213667,-0.24480999543817772,-0.6409905520685396,-0.05323530375795227
CUST-11715,0,1.0,3,2,0,1,1,0,1,1,0,1,0,1,0,1,0,1,0,0,-0.558593493294027,-0.6090018978843899,-0.22202025286797408,-0.6409905520685396,-0.0903346466566151
CUST-11716,0,0.0,4,3,1,1,1,0,1,0,1,0,1,0,0,0,1,0,0,0,-1.083239255825211,1.1477501982255023,-1.1298001429183766,-0.6425797970232263,0.0766739579694773
CUST-11717,0,0.0,2,2,0,0,1,0,1,1,0,1,0,1,0,0,0,0,1,0,0.25087418882596785,-0.9990001592528049,0.19006410196130127,-0.6441690419779131,-0.10645217736856213
CUST-11718,0,0.0,3,2,0,1,1,0,1,0,1,0,1,0,0,1,0,0,0,0,-0.8279696176624033,-1.6818491006379361,-1.4769686862802291,-0.6457582869325998,-0.0627921995883586
CUST-11719,1,0.0,1,2,1,1,1,1,1,0,1,0,0,0,0,1,0,0,0,0,-0.72968567933658,1.2593291231837944,0.0762570535232389,-0.6473475318872866,-0.07826017731710591
CUST-11720,1,0.0,2,3,0,1,0,1,1,1,0,0,0,0,0,1,0,0,0,0,-1.023056782829373,0.425127065924639,-0.8930703370479398,-0.6489367768419733,-0.005906274419543736
CUST-11721,0,0.0,2,2,0,1,1,0,1,1,1,0,0,0,0,0,0,0,1,0,1.2260279126192342,0.49481989602477106,1.1649331461873051,-0.65052602179666,-0.11181343991272046
CUST-11722,0,1.0,2,2,0,1,0,0,1,1,0,1,1,0,0,1,0,1,0,0,-0.3606060295977465,-1.1922393699849891,-0.36234020696991276,-0.6521152667513467,-0.09640707303660956
CUST-11723,0,1.0,5,3,0,1,1,1,1,1,0,1,0,0,0,0,0,1,0,0,-0.15761889246413002,-1.108115196278264,-0.13124711959406848,-0.6521152667513467,-0.1012056653587331
CUST-11724,0,0.0,5,4,1,0,0,0,1,1,1,0,0,0,0,0,1,1,0,0,-0.16522090563061437,1.176612885438688,0.6737869685597966,-0.6537045117060334,-0.10119974138682673
CUST-11725,1,1.0,4,4,0,1,1,1,1,0,0,0,0,0,0,0,1,1,0,0,-0.5429135454802945,0.2188644475474808,0.07939357016292978,-0.6552937566607201,-0.09039368237137081
CUST-11726,1,0.0,3,5,0,0,1,0,1,1,0,0,0,1,1,0,0,0,0,0,-0.9211313873400927,-0.16198223007041204,-0.7283461832096645,-0.6568830016154068,-0.0476836074391848
CUST-11727,1,0.0,2,4,0,1,1,0,1,1,0,1,0,1,0,0,1,0,1,0,0.46513596257480216,0.19528152019036538,0.7859569386111356,-0.6584722465700935,-0.10816425771214758
CUST-11728,1,0.0,2,1,1,0,1,0,1,1,1,0,0,0,0,0,1,0,0,0,-1.014856602065861,1.5549956751237477,-0.6370561855349344,-0.6600614915247802,-0.005045857258834599
CUST-11729,1,0.0,3,3,1,0,0,0,1,1,0,0,0,0,1,0,0,0,0,0,-1.0463649680948452,0.7260733777206633,-0.9174741389425518,-0.6616507364794669,0.0106961771743797
CUST-11730,0,1.0,4,3,0,1,1,0,1,1,1,0,0,1,0,0,1,0,1,0,0.3104948484930194,-0.5393090677842577,0.45833025484256795,-0.6632399814341536,-0.10714362093913701
CUST-11731,1,0.0,2,2,0,0,1,1,1,1,1,0,0,0,1,0,0,0,0,0,-0.8966052382512065,-1.519936465051771,-1.376387631490607,-0.6632399814341536,-0.057142485309051624
CUST-11732,0,0.0,3,3,0,0,1,1,0,1,1,0,0,0,0,0,1,0,0,0,-0.7377466660819567,0.5828158936259478,-0.09978274102333326,-1.3116519229463333,-0.07732572907165669
CUST-11733,0,1.0,4,2,0,1,1,0,1,1,1,0,0,0,0,1,0,1,0,0,-0.4030784355100846,-1.0137834868498028,-0.28039283991096925,-0.666418471343527,-0.09547831182257045
CUST-11734,1,0.0,3,3,0,1,1,0,0,1,1,0,1,0,0,0,0,1,0,0,-0.4609401263397246,-1.2865710794134504,-0.4999053965876322,-0.6695969612529005,-0.09413512960735405
CUST-11735,1,0.0,3,2,1,1,0,0,1,0,0,1,0,1,0,1,0,0,1,0,0.3040178692847199,1.3511969446794228,1.002187287600134,-0.6695969612529005,-0.10704981931877923
CUST-11736,1,0.0,3,3,1,1,1,1,1,1,0,0,0,0,0,1,0,1,0,0,-0.0041283100638871886,0.8830582374411627,0.7233131905581364,-0.6282765924310459,-0.10380266182899758
CUST-11737,0,1.0,2,2,0,1,1,1,1,1,0,0,0,1,0,1,0,0,1,0,0.06473273362451246,0.36916161145029047,0.6322925447310962,-0.672775451162274,-0.10464596106006924
CUST-11738,0,1.0,4,3,0,1,1,0,1,1,1,0,0,0,0,1,0,0,1,0,0.32681856288543687,-1.3457043898014414,0.008540503511368303,-0.6743646961169607,-0.10729072217552331
CUST-11739,1,0.0,2,1,1,1,1,0,1,0,0,0,0,0,0,0,0,0,0,0,-0.7620545068452882,1.851366195044511,0.12666403783419408,-0.6743646961169607,-0.07451911909448215
CUST-11740,1,0.0,1,3,1,0,1,0,1,1,1,0,1,0,1,0,0,0,0,0,-0.7104552384375462,1.0495466649025889,0.07763326828373693,-0.6759539410716474,-0.08075268010680373
CUST-11741,0,0.0,2,2,0,0,1,0,1,1,1,0,0,0,1,0,0,1,0,0,-0.48547448767344187,-0.358741280706643,-0.05093802207338855,-0.6775431860263341,-0.09281538480536344
CUST-11742,1,1.0,2,3,0,0,0,0,1,0,1,0,0,0,0,1,0,0,0,0,-0.7365505272662036,-0.582251114613632,-0.4874549110083023,-0.6791324309810208,-0.07744562342443927
CUST-11743,0,0.0,3,2,0,1,0,0,1,1,1,0,0,1,0,0,0,0,0,1,2.428220944763088,0.044632372297150794,1.3255542775031666,1.7460553698709056,-0.11428758837581629
CUST-11744,0,0.0,2,2,0,1,0,0,1,1,1,0,0,0,0,1,0,0,1,0,0.8441421212789271,-0.5431808916787095,0.6890895110648846,-0.6823109208903942,-0.11041437605534456
CUST-11745,1,1.0,4,3,1,0,1,0,1,1,0,1,0,1,0,0,0,0,0,0,-0.9619311426988523,1.9083876014900736,-0.35723366722162714,-0.683900165845081,-0.033151181760480736
CUST-11746,1,0.0,2,2,0,1,0,0,1,0,1,0,0,0,1,0,0,0,0,0,-1.1714649912125223,-0.445329342346201,-3.3321874077550855,-0.6854894107997677,1.8152078161653102
CUST-11747,0,0.0,5,2,0,1,1,0,1,0,1,0,0,1,0,1,0,0,0,0,-1.1256446017174653,-1.165840570704636,-2.377454481735053,-0.6854894107997677,0.21808970862393098
CUST-11748,0,0.0,3,3,1,0,1,1,0,1,0,0,0,0,0,1,0,0,0,0,-0.8418517644555319,1.6391198488304728,-0.06069103557522455,-0.6886679007091411,-0.0648368427857553
CUST-11749,0,0.0,2,3,0,1,1,0,1,1,1,0,0,0,1,0,0,1,0,0,-0.2689684746966316,-0.6389205370687897,0.03798248001496704,-0.6886679007091411,-0.09917427760101614
CUST-11750,0,0.0,4,2,1,0,1,1,1,1,1,0,0,0,1,0,0,1,0,0,-0.26199500111750795,0.7922463679167485,0.5100359549024482,-0.6902571456638278,-0.0992845969884318
CUST-11751,0,0.0,5,5,0,1,0,0,1,1,1,0,0,0,0,0,0,0,1,0,1.1682480726329798,0.6750356991119807,1.1956945435111157,-0.6918463906185145,-0.11164501726160604
CUST-11752,1,0.0,3,2,0,1,1,1,0,0,0,0,0,0,1,0,0,0,1,0,0.42623402400623156,-0.1000330477591837,0.6843092821369404,-0.6934356355732012,-0.10806229165958357
CUST-11753,1,0.0,4,3,0,1,1,0,1,1,0,1,0,0,0,1,0,0,0,0,-0.8862710751562204,-1.0655251334392946,-1.0682100974266984,-0.6950248805278879,-0.054244371183683054
CUST-11754,0,0.0,2,2,0,1,1,0,1,1,1,0,1,0,1,0,0,1,0,0,-0.5655264376641066,-0.0891215440566377,-0.04050005449114462,-0.6966141254825746,-0.08954952891728232
CUST-11755,1,0.0,5,1,0,0,1,0,1,1,1,0,0,0,0,0,1,1,0,0,-0.3258152650832279,-1.2735476717684762,-0.37146922512126884,-0.6966141254825746,-0.09782130725919111
CUST-11756,0,0.0,1,2,0,1,0,1,1,1,0,0,0,0,0,0,0,0,1,0,0.8195311159029777,-0.06307472876668933,0.8580985659207269,-0.6982033704372613,-0.11025971237920881
CUST-11757,1,0.0,2,2,1,0,0,1,1,1,1,0,0,0,0,0,1,0,1,0,0.6910579243950475,0.7778150243101551,1.048170387144791,-0.699792615391948,-0.10962153700916875
CUST-11758,1,0.0,2,2,1,1,1,0,1,0,0,1,0,0,1,0,0,0,0,1,1.7127300725016366,1.7756896371074993,1.3255542775031666,-0.7013818603466349,-0.11044050371948766
CUST-11759,1,0.0,2,2,0,0,1,1,1,1,1,0,1,0,1,0,0,1,0,0,-0.3225103286024282,-1.1869596101289184,-0.30397680418024603,-0.7029711053013216,-0.09801974473022967
CUST-11760,1,0.0,3,4,0,0,1,0,1,0,1,0,0,0,0,0,0,0,1,0,0.24641319980225063,-0.3024238422418901,0.5198093126819012,-0.7045603502560083,-0.10658488060678609
CUST-11761,1,0.0,3,4,0,0,1,0,1,1,0,0,0,1,1,0,0,0,0,0,-1.0356842410850156,-0.5921066663449638,-1.3416057209578245,-0.706149595210695,0.009567206851765628
CUST-11762,1,0.0,3,2,0,1,1,0,1,1,1,0,0,0,1,0,0,1,0,0,-0.1767348581157557,0.250894990674309,0.43515703255713667,-0.7077388401653817,-0.10107614452722839
CUST-11763,1,0.0,1,1,0,0,1,0,0,0,0,1,1,0,0,1,0,0,0,0,-0.8344687996949118,-1.6448907816454421,-1.3560695168052654,-0.7093280851200684,-0.06833327267730534
CUST-11764,1,0.0,2,1,0,1,0,0,0,1,1,0,1,0,0,0,0,1,0,0,-0.49883496270334166,-1.0187112627154684,-0.3719353423999291,-0.7093280851200684,-0.09249423838300104
CUST-11765,0,0.0,4,4,0,1,0,1,1,1,0,1,0,0,0,0,1,0,1,0,0.0302576363558987,0.45821356102268135,-0.5113335530744035,-0.7109173300747551,-0.05002484000168519
CUST-11766,1,0.0,4,3,0,0,1,1,1,1,0,1,0,1,1,0,0,0,0,0,-0.821123842883257,0.5358612293059598,-1.2471336511417457,-0.7125065750294418,0.06904409158227001
CUST-11767,1,0.0,3,3,0,0,1,1,1,1,1,0,1,0,0,0,1,0,0,0,-1.1137787730292164,-0.7353641504396795,-2.1369471720948594,-0.7140958199841285,0.21837871651644122
CUST-11768,1,1.0,3,2,1,1,0,1,1,0,0,1,1,0,0,0,0,0,0,0,-1.1658429030687327,1.7264118784508402,-2.53591396006866,-0.7156850649388152,1.3434371719186307
CUST-11769,1,1.0,2,2,0,1,1,1,1,1,0,0,0,0,0,0,1,0,0,0,-1.151270325048531,0.32903543654415385,-2.5603227818824656,-0.7172743098935019,0.8689628625406016
CUST-11770,0,0.0,4,1,0,0,1,0,0,0,0,1,0,1,0,1,0,0,0,0,-1.1681291277258614,0.030553012680962822,-2.4239763643722556,-0.7188635548481886,0.6130602201451539
CUST-11771,1,0.0,1,2,1,0,0,0,1,0,0,0,1,0,0,1,0,0,0,0,-1.0376388277939426,1.3842834397774653,-0.7680427846747506,-0.7204527998028754,0.01054220642128718
CUST-11772,0,0.0,2,1,0,1,0,0,1,1,0,0,0,0,0,1,0,0,0,0,-0.8491049059038674,0.36704970750786214,-0.3936151465707703,-0.7204527998028754,-0.06197663005786378
CUST-11773,1,0.0,4,2,0,1,1,0,1,1,0,0,0,0,0,1,0,0,0,0,-0.8776386144880108,0.46630919280198974,-0.4068545129833537,-0.7220420447575621,-0.058795529184884024
CUST-11774,1,0.0,3,2,0,0,1,0,1,0,1,0,0,0,0,0,0,0,0,1,2.428220944763088,-0.5375491478322343,1.1300607590257437,-0.7236312897122488,-0.11441927704874644
CUST-11775,1,0.0,1,3,0,1,1,0,1,0,1,0,0,0,0,0,0,0,0,0,-0.7390753923579699,-0.7110772551017548,-0.5284817579643106,-0.7252205346669355,-0.07840777474870207
CUST-11776,1,0.0,3,2,0,0,0,1,0,1,1,0,0,0,0,1,0,0,0,0,-1.0143545142914057,-1.422436899709667,-1.7662645740017566,-0.8205752319481384,-0.0024080561295783402
CUST-11777,0,0.0,3,2,0,1,1,0,1,0,0,0,0,0,0,0,0,1,0,0,-0.23008448387149866,-0.6727110001476416,0.053254303942580954,-0.8682525805887399,-0.09998238210297583
CUST-11778,0,0.0,4,3,0,1,1,1,1,0,1,0,0,1,0,0,0,0,1,0,1.167928395325933,-0.33445438536871835,0.8827889896832379,-0.7299882695309957,-0.1116382783284661
CUST-11779,0,0.0,4,3,0,0,1,1,1,1,1,0,0,0,0,1,0,0,1,0,0.1842898163796892,0.3258675806305119,0.6929061446730267,-0.7315775144856824,-0.10601135709346225
CUST-11780,1,0.0,3,2,0,1,1,0,1,0,1,0,0,0,0,0,1,0,0,0,-0.7561441222390713,-0.004486376734868821,-0.30716000398689186,-0.7315775144856824,-0.0752919070791008
CUST-11781,1,1.0,3,2,0,1,0,1,1,1,0,0,1,0,1,0,0,1,0,0,-0.1868488975430169,-0.42350633494110923,0.19782229494995973,-0.7331667594403691,-0.10092526211424889
CUST-11782,0,0.0,3,2,0,0,0,0,1,0,0,0,0,0,0,1,0,0,1,0,0.3301934828997375,-1.0007600792048283,0.2375148092352304,-0.7347560043950558,-0.10726212757923635
CUST-11783,1,0.0,3,3,0,0,1,1,1,1,0,0,1,0,0,1,0,0,1,0,0.38738734440866407,0.383240971066479,0.8089476613244615,-1.1114070586558071,-0.10767815344029713
CUST-11784,0,0.0,2,2,0,0,0,0,1,1,0,0,0,1,0,1,0,0,1,0,0.14201821796969932,-0.5635959631221824,0.3645169216419369,-0.7379344943044293,-0.10570357070265582
CUST-11785,1,0.0,4,3,0,1,0,0,1,0,1,0,0,0,0,0,0,0,0,1,1.281946540749013,0.33537114837143883,1.1405679317870436,-0.739523739259116,-0.11201362630899489
CUST-11786,0,0.0,4,2,0,0,1,0,1,1,1,0,0,1,0,0,1,0,0,1,1.275404474418851,-1.6818491006379361,0.052838683996566896,-0.7411129842138027,-0.1119881727721483
CUST-11787,1,0.0,2,2,0,0,0,0,1,0,0,0,0,1,0,0,0,1,0,0,-0.13838886578235787,0.31706798087039423,0.4793200674429504,-0.7442914741231761,-0.10167149472700793
CUST-11788,0,0.0,2,2,1,1,0,0,1,0,1,0,1,0,1,0,0,1,0,0,-0.5027642601756362,0.7507122570489928,0.2755845802084019,-0.7427022291684894,-0.09231615471824585
CUST-11789,0,1.0,4,2,0,0,0,1,1,1,1,0,0,0,1,0,0,0,1,0,0.05521745408803788,0.6162543727143951,0.6946654596598366,-0.7442914741231761,-0.10455960243254714
CUST-11790,1,0.0,4,4,0,1,0,0,1,1,0,0,0,1,0,0,1,0,1,0,0.8713421694171136,-0.24575441978673235,0.8111782069382532,-0.7458807190778628,-0.11046784432261138
CUST-11791,1,0.0,4,2,1,0,1,0,1,0,0,0,0,1,0,0,1,0,0,0,-1.1713949343223504,0.9284641722033696,-3.114607270866289,-0.7474699640325495,2.399281637255659
CUST-11792,0,0.0,3,2,0,0,1,0,1,1,0,1,1,0,0,0,0,0,0,1,2.428220944763088,-1.3823107248035305,0.6380901676966527,-0.7490592089872362,-0.11439766729168702
CUST-11793,1,1.0,1,2,0,0,1,0,1,0,1,0,0,0,0,1,0,0,0,0,-0.9353925338327369,-0.13241557487641653,-0.7557917811359074,-0.7506484539419229,-0.044012299766026546
CUST-11794,1,0.0,4,2,0,1,0,1,1,1,0,0,1,0,1,0,0,1,0,0,-0.4144293290821456,-0.24223457988268524,0.07797402293949617,-0.7522376988966096,-0.09565066550742203
CUST-11795,0,0.0,5,3,1,1,1,0,0,0,1,0,1,0,0,0,1,0,0,1,1.2933464262593724,1.0562343607202787,1.3255542775031666,-0.755416188805983,-0.11203941405652217
CUST-11796,1,0.0,2,1,0,0,1,0,1,1,1,0,0,0,0,0,1,0,0,0,-0.8717291809761529,-1.6818491006379361,-1.4930289706673996,-0.7538269438512963,-0.061577498929709915
CUST-11797,1,0.0,1,1,0,1,1,0,0,1,1,0,1,0,1,0,0,1,0,0,-0.3994816595385622,-1.1552810509924947,-0.34468108066625436,-0.755416188805983,-0.09619603472594138
CUST-11798,1,0.0,2,3,1,1,1,1,1,1,1,0,1,0,0,1,0,0,0,0,-1.0072225979794729,1.8070162122535183,-0.5672886404646938,-0.7585946787153566,-0.008311058610733753
CUST-11799,0,0.0,3,3,0,1,0,1,1,1,1,0,1,0,0,1,0,1,0,0,-0.573947946561188,-1.6818491006379361,-0.9843648420363595,-0.7585946787153566,-0.08990265440027818
CUST-11800,1,0.0,5,1,1,1,1,1,1,1,0,0,0,0,0,0,0,0,0,0,-0.9438345758539542,0.8218130231107434,-0.5192561469707925,-0.7601839236700433,-0.040087159662904805
CUST-11801,1,1.0,1,1,0,0,1,0,1,0,0,0,0,0,0,0,1,0,0,0,-0.6348742506721021,-0.7776022292882444,-0.4064608760249523,-0.76177316862473,-0.08597284794807175
CUST-11802,1,1.0,4,1,0,1,1,0,1,1,0,1,1,0,1,0,0,0,0,0,-0.6161474984761071,0.23083190322124095,-0.016782858821764994,-0.7633624135794167,-0.08629659020653371
CUST-11803,0,0.0,5,2,1,1,0,0,1,1,0,1,1,0,0,1,0,0,0,1,2.428220944763088,1.4546802378584065,1.3255542775031666,-0.7649516585341034,-0.11115391185421147
CUST-11804,0,1.0,4,2,0,1,1,0,1,1,0,0,0,0,0,0,1,0,0,1,2.428220944763088,0.27166204610818684,1.3255542775031666,-0.7649516585341034,-0.11378303985948202
CUST-11805,1,0.0,1,2,1,0,0,1,1,0,0,1,0,0,0,1,0,0,0,0,-1.0316361246172787,1.476855229253903,-0.7259912994462966,-0.7665409034887901,0.006603433999657394
CUST-11806,0,0.0,4,1,0,0,0,1,1,0,1,0,0,0,0,0,0,0,1,0,0.3779815175460625,-0.5579642192757073,0.48654830990685066,-0.6314550823404194,-0.10772159866284721
CUST-11807,1,0.0,3,2,0,1,1,0,1,1,0,0,0,0,0,1,0,0,0,0,-0.7503122970462307,-0.4185785590754433,-0.439101157010105,-0.7697193933981635,-0.07631695729685564
CUST-11808,1,1.0,2,4,1,1,1,1,1,0,1,0,0,1,0,0,1,0,0,0,-1.141354525066988,0.7929503358975577,-1.9167854338877324,-0.7713086383528502,0.3776947952884375
CUST-11809,1,1.0,1,3,0,1,1,0,1,0,1,0,0,1,1,0,0,0,0,0,-1.0444046575416062,-0.5019987648013587,-1.3507674197697093,-0.772897883307537,0.01796902119106274
CUST-11810,0,0.0,5,2,0,0,0,1,1,1,1,0,0,1,1,0,0,0,0,1,2.428220944763088,0.5926714453572797,1.3255542775031666,-0.7744871282622237,-0.1130696317247582
CUST-11811,0,1.0,4,2,1,0,1,0,1,0,0,1,1,0,0,0,0,0,0,1,2.2213414149442863,1.2118112844791586,1.3255542775031666,-0.7760763732169104,-0.11169366142982488
CUST-11812,1,0.0,4,3,1,1,1,0,1,1,0,0,1,0,0,0,1,0,0,0,-0.9190484145558944,0.8788344295563061,-0.4203612389484329,-0.8698418255434266,-0.048534774220589896
CUST-11813,0,0.0,3,2,0,1,0,0,0,1,1,0,0,0,0,0,0,0,0,0,-0.9662153954281829,-1.6818491006379361,-1.9466748981721873,-0.7776656181715971,-0.014108856438023832
CUST-11814,0,0.0,4,1,0,1,0,0,1,1,1,0,0,1,0,0,0,0,0,0,-0.8474497626372267,-0.398515471622375,-0.6088264222877582,-0.7808441080809705,-0.06490295101203228
CUST-11815,1,0.0,3,1,0,0,1,1,1,1,0,1,0,0,1,0,0,1,0,0,-0.306973733461928,0.2593426064440223,0.32450287219477114,-0.7808441080809705,-0.09810578065653494
CUST-11816,0,1.0,3,2,0,1,1,0,1,1,0,0,0,1,1,0,0,1,0,0,-0.16446138473651772,-0.29573614642420054,0.2742772834783154,-0.7824333530356572,-0.10157397053837
CUST-11817,0,0.0,2,2,0,0,1,0,1,1,1,0,0,0,1,0,0,0,0,0,-0.8770643774948563,0.04568832426836496,-0.5597751307711408,-0.784022597990344,-0.056459039789064164
CUST-11818,1,0.0,3,2,0,0,0,0,1,0,0,1,0,0,1,0,0,0,1,0,0.5205911621068868,0.27342196606021024,0.8405575385400325,-0.7856118429450307,-0.10862491391757961
CUST-11819,1,0.0,3,4,0,1,0,0,1,0,0,0,0,0,0,1,0,0,0,0,-0.7329153761415551,-0.5942185702873921,-0.4880857512837839,-0.7872010878997174,-0.07770144175000257
CUST-11820,0,0.0,2,3,0,1,0,1,1,0,1,0,0,1,1,0,0,0,0,1,1.8905401683807896,-0.24223457988268524,1.1246162531890918,-0.7887903328544041,-0.11352696316985375
CUST-11821,0,1.0,5,1,0,1,0,0,1,0,0,1,0,0,1,0,0,0,1,0,0.1071428324193816,-1.2851631434518318,-0.06555528568277857,-0.7887903328544041,-0.10519122758437964
CUST-11822,1,0.0,1,3,0,0,1,0,1,0,0,0,0,0,1,0,0,1,0,0,-0.48899137633663625,-0.5428289076883048,-0.12960403302389578,-0.7903795778090908,-0.09268287307676856
CUST-11823,0,0.0,3,1,0,0,1,0,1,0,0,1,0,0,1,0,0,0,1,0,0.6974096900766583,-1.6501705415015127,-0.0997932456802421,-0.7919688227637776,-0.10984442505217362
CUST-11824,0,1.0,4,3,0,0,1,1,1,1,0,0,1,0,0,0,1,0,1,0,0.869377267068884,0.0847585472032874,0.9287156787845675,-0.7935580677184643,-0.1105298665007592
CUST-11825,1,0.0,4,2,0,0,0,1,1,1,0,0,0,0,0,0,0,0,0,0,-0.7656707188864569,-0.24223457988268524,-0.40075255183838554,-0.795147312673151,-0.07462890206656697
CUST-11826,0,0.0,4,2,0,1,1,0,1,1,0,0,0,0,0,1,0,0,0,0,-0.6792195822834287,-1.004983887089685,-0.5838743399930757,-0.7967365576278377,-0.08339564503067941
CUST-11827,1,0.0,3,4,1,0,1,1,1,0,0,0,0,0,0,0,0,0,0,1,2.1254872717727857,1.8471423871596548,1.3255542775031666,-0.7983258025825244,-0.1102817078298507
CUST-11828,1,0.0,5,2,0,0,0,0,1,1,0,0,1,0,0,0,1,0,0,0,-0.961806870061032,-0.29714408238581935,-0.8769145206779806,-0.7983258025825244,-0.037616676590961025
CUST-11829,1,1.0,3,2,0,1,1,0,1,1,1,0,0,1,0,1,0,0,0,0,-1.126439120351848,0.26462236630009256,-1.6775293603168044,-0.7999150475372111,0.18149342879737893
CUST-11830,0,0.0,4,2,0,1,1,0,1,1,0,0,0,0,1,0,0,1,0,0,-0.45062650622575484,-0.7124851910633736,-0.16124359221359005,-0.8015042924918978,-0.09421804661185754
CUST-11831,0,0.0,5,2,0,0,1,0,1,0,0,1,0,1,1,0,0,0,1,0,0.7638605506755363,-0.4755999655210057,0.6833599666419533,-0.8030935374465845,-0.10999486983067523
CUST-11832,1,0.0,2,1,0,0,0,0,1,1,1,0,0,0,0,1,0,0,1,0,0.5973026978477803,0.3043965572158248,0.8881082650783053,-0.8046827824012712,-0.10916540711037834
CUST-11833,1,0.0,3,1,0,0,0,0,1,1,1,0,0,0,0,0,1,0,0,1,1.8510462981340918,-0.3890119038814481,1.0566223061700282,-0.8062720273559579,-0.11342858103947061
CUST-11834,1,0.0,4,3,0,0,0,0,1,1,1,0,0,1,0,0,0,1,0,0,-0.2623490280842208,-0.03456402554390824,0.2761222243898222,-0.8078612723106446,-0.09930097673805491
CUST-11835,0,0.0,4,4,0,0,1,1,1,1,1,0,0,0,0,1,0,0,1,0,0.35073697544918264,0.42090325803978235,0.802927886158441,-0.8094505172653313,-0.10741690249051959
CUST-11836,0,0.0,3,2,0,1,1,0,1,1,1,0,0,1,0,1,0,1,0,0,-0.11021804388688926,-0.5850669865368698,0.1908306153464779,-0.8094505172653313,-0.10235657885487298
CUST-11837,1,1.0,5,2,0,1,0,0,1,1,0,0,1,0,1,0,0,0,1,0,0.6332545942595786,-1.444611891105164,0.06347799165475057,-0.8110397622200181,-0.10930771362572254
CUST-11838,0,0.0,1,2,0,0,1,0,1,1,0,1,0,0,0,1,0,1,0,0,-0.13608319002932995,-1.649818557511108,-0.55794823823083,-0.8126290071747049,-0.10179477650906692
CUST-11839,1,0.0,3,2,1,1,1,0,1,0,1,0,0,0,0,1,0,0,0,0,-0.9503589389571705,1.4807270531483547,-0.37279314531229363,-0.8142182521293916,-0.040287635062270816
CUST-11840,1,0.0,4,2,1,1,0,0,1,0,0,0,1,0,0,0,0,0,0,0,-1.1633421642363013,0.9450074197523909,-2.6848780756244466,-0.8158074970840783,1.3168092847064508
CUST-11841,1,0.0,4,1,0,1,1,0,0,1,1,0,0,0,1,0,0,1,0,0,-0.09562261525219408,0.6542686436781033,0.6105194588071051,-0.6330443272951061,-0.10258522959602001
CUST-11842,0,1.0,2,2,0,1,1,0,1,0,1,0,0,0,1,0,0,0,0,1,1.4400828691541394,-0.4984789248973119,0.9011177859024188,-0.8189859869934517,-0.11246486268301076
CUST-11843,0,1.0,1,3,0,0,1,0,1,0,0,0,0,0,1,0,0,0,1,0,0.15698125594209258,-1.4456678430763779,-0.14859119546717278,-0.8205752319481384,-0.10602421149025944
CUST-11844,0,0.0,4,3,0,1,0,1,1,0,0,1,0,0,1,0,0,0,0,1,2.428220944763088,-0.33621430532074204,1.2119028216574017,1.7460553698709056,-0.11442266862917932
CUST-11845,0,0.0,3,3,0,1,1,0,1,1,1,0,1,0,0,0,1,0,0,0,-1.099939810228348,-0.1366393827612732,-1.6416957551364753,-0.8221644769028251,0.12294150619146242
CUST-11846,0,1.0,2,2,0,1,1,0,1,1,1,0,0,0,1,0,0,0,0,1,1.6264580914657887,-1.233069512871935,0.5495696499901798,-0.8237537218575118,-0.11283879030525949
CUST-11847,0,0.0,1,3,0,1,1,0,1,0,1,0,0,0,0,0,1,0,1,0,0.8442478986022467,-1.5899812791423078,-0.014366965093574697,-0.8269322117668853,-0.11009359271109927
CUST-11848,0,1.0,4,2,0,1,0,0,1,1,0,0,0,0,0,0,1,0,0,0,-0.7247246048152717,-1.6818491006379361,-1.274380786740144,-0.9206976640934014,-0.07609650079492497
CUST-11849,0,0.0,3,2,0,0,1,0,1,1,0,0,0,0,0,0,1,0,0,1,2.428220944763088,0.6560285636301267,1.3255542775031666,-0.828521456721572,-0.11292882748764166
CUST-11850,0,1.0,5,2,0,1,1,1,1,1,1,0,0,0,1,0,0,0,0,0,-0.769973090836555,-1.3108579747513753,-0.9663310579632053,-0.8301107016762587,-0.07365693800119512
CUST-11851,0,0.0,1,2,0,0,1,0,1,0,0,0,1,0,1,0,0,0,0,1,1.4676773559617886,0.2885572776476129,1.1832995699533722,-0.8316999466309454,-0.11255117724659873
CUST-11852,0,0.0,5,3,0,0,0,0,1,1,1,0,0,1,0,0,1,0,0,1,1.3781743090813108,-0.4580007660007704,0.8982841892208344,-0.8332891915856321,-0.11228035470429135
CUST-11853,1,0.0,5,2,0,0,0,1,1,1,0,0,0,0,0,0,1,0,1,0,0.5257135167373924,0.5845758135779713,0.9303480824817759,-0.8332891915856321,-0.10867852724319838
CUST-11854,1,0.0,3,2,0,0,1,1,1,0,0,0,0,0,1,0,0,1,0,0,-0.18175318284830902,0.31636401288958443,0.45338332662281094,-0.8348784365403188,-0.10105487000051082
CUST-11855,1,0.0,1,4,0,1,1,0,1,0,0,1,0,0,0,1,0,0,0,0,-1.024531066038188,-0.2830647227696311,-1.1293507424356621,-0.8364676814950055,-0.004457328871210272
CUST-11856,1,0.0,3,3,0,0,0,0,1,1,1,0,0,0,1,0,0,1,0,0,-0.2655097191422989,0.09954187480028515,0.3105754394097298,-0.8555386209512461,-0.09906304331596265
CUST-11857,1,0.0,1,2,0,0,1,1,1,1,1,0,1,0,0,0,1,0,0,0,-0.6477105519059447,-0.15459056627191317,-0.18796659902089108,-0.8396461714043789,-0.08418324707505152
CUST-11858,1,0.0,3,2,0,0,0,0,1,0,1,0,1,0,0,0,1,0,1,0,0.710672186740059,-0.687846311735044,0.566430700547685,-0.8412354163590657,-0.10968825119325304
CUST-11859,1,0.0,3,3,1,0,0,0,1,1,1,0,1,0,0,0,1,0,1,0,0.5280551250240818,0.9967490663418828,1.0290641077861962,-0.8444139062684392,-0.10864922440964242
CUST-11860,0,0.0,4,1,0,0,1,0,1,0,0,0,1,0,0,0,1,0,0,1,1.724696063846035,-0.4847515492715283,0.978104021365444,-0.8444139062684392,-0.11309902885480408
CUST-11861,1,0.0,3,1,0,0,0,0,1,0,0,0,0,1,1,0,0,0,0,0,-1.1602473512576048,-0.12959970295317894,-2.6356669790092506,-0.8460031512231259,0.7828896833926614
CUST-11862,0,1.0,3,2,0,1,1,0,1,1,1,0,1,0,1,0,0,0,1,0,0.8125673243373597,-1.5322559047159359,0.048958444904564184,-0.8460031512231259,-0.11015901399791404
CUST-11863,0,0.0,5,1,0,0,1,1,0,1,1,0,0,1,0,0,1,0,0,1,2.1734883162443532,0.2512469746647139,1.3255542775031666,-0.8491816411324993,-0.113828410113664
CUST-11864,0,0.0,3,2,0,1,0,1,0,1,1,0,0,0,1,0,0,0,1,0,0.69391541201809,-0.6829185358693781,0.5664786907807953,-0.8491816411324993,-0.1096590707628142
CUST-11865,1,0.0,3,3,0,0,1,0,1,0,0,1,0,1,0,0,0,0,0,0,-1.010527162910881,-0.5417729557170907,-1.1974719621811967,-0.850770886087186,-0.00966510724712571
CUST-11866,0,0.0,3,3,0,1,1,0,1,1,1,0,0,0,0,0,1,0,0,0,-1.0762996687597106,-0.9247315372774119,-1.9855844191165433,-0.8523601310418727,0.12405775190416246
CUST-11867,1,0.0,4,2,0,1,1,0,1,1,0,0,0,0,0,0,0,0,0,0,-1.1528850167812743,-0.16902190987850627,-2.652834502028546,-0.8539493759965594,0.7869075483428342
CUST-11868,0,0.0,4,1,0,1,0,0,1,1,0,0,0,1,0,0,0,1,0,0,0.012954915804437436,-1.6818491006379361,-0.5032603477231081,-0.8555386209512461,-0.1038233147720969
CUST-11869,1,0.0,3,2,0,0,1,0,1,1,1,0,0,0,0,1,0,1,0,0,0.015961729224479176,0.6824273629104798,0.6901649983613943,-0.8555386209512461,-0.10413048556952367
CUST-11870,0,0.0,3,2,0,0,0,0,1,1,0,1,1,0,0,0,1,0,0,1,2.428220944763088,-0.07891400833490124,1.3013443227511892,-0.8571278659059328,-0.11440088691464863
CUST-11871,0,0.0,2,2,0,1,1,1,1,1,0,0,0,1,0,1,0,1,0,0,-0.5680375281169502,-0.5315654199953542,-0.2057680861290963,-0.8587171108606195,-0.08965696137221346
CUST-11872,0,0.0,4,3,0,0,0,1,1,0,0,0,0,1,0,0,0,0,0,0,-0.6933522248342133,-1.6730495008778186,-1.1040864552053695,-0.8603063558153062,-0.0843524851007666
CUST-11873,0,0.0,4,2,0,0,1,0,1,1,0,1,1,0,0,0,1,1,0,0,-0.0009536762830223413,0.4191433380877589,0.6019127497282866,-0.8634848457246797,-0.10374887915832313
CUST-11874,1,0.0,2,1,1,0,0,1,0,1,0,0,0,0,0,1,0,0,1,0,0.9212784587438166,0.9187494140681994,1.3255542775031666,-0.8634848457246797,-0.11234495925106508
CUST-11875,0,0.0,3,2,1,0,1,1,1,0,1,0,0,0,0,1,0,0,0,1,2.1409554338561416,1.3409894089576861,1.3255542775031666,-0.8650740906793664,-0.11140657723525951
CUST-11876,0,0.0,3,2,0,0,1,0,1,0,0,0,0,1,0,0,1,0,1,0,0.775492787169263,0.4754607765525123,1.0032449528843361,-0.8666633356340531,-0.11004444311195241
CUST-11877,1,1.0,5,1,1,0,1,0,1,0,1,0,0,0,0,1,0,1,0,0,-0.5094556433205961,1.582450426375315,0.44867913875160315,-0.8666633356340531,-0.09199539337649776
CUST-11878,1,0.0,4,2,0,1,0,0,1,1,1,0,0,1,0,1,0,0,1,0,0.03309833131812262,0.10658155460837938,0.5401567519273907,-0.8682525805887399,-0.10436665322690668
CUST-11879,1,0.0,3,2,1,0,1,1,1,1,0,0,0,0,0,0,1,0,1,0,1.1539764939305681,1.099880375530462,1.291966841967359,-0.8698418255434266,-0.1115986223787838
CUST-11880,1,0.0,2,1,0,0,0,1,1,0,1,0,0,0,0,0,0,0,1,0,0.8512256173893875,0.45046991323377783,1.0257011719424323,-0.8714310704981133,-0.11040382065455615
CUST-11881,0,0.0,4,3,0,0,1,0,1,0,1,0,0,0,0,1,0,0,0,0,-0.8846184592926716,-0.5143182044655236,-0.7566656717235171,-0.8730203154528,-0.057152223758715356
CUST-11882,1,0.0,3,4,0,0,1,0,1,0,1,0,1,0,0,1,0,0,0,0,-0.9546144949317048,0.1597311371594898,-0.763239555218502,-0.8746095604074867,-0.033060335908988034
CUST-11883,0,0.0,3,3,0,0,0,0,1,0,1,0,0,0,0,1,0,0,0,0,-1.1780192022179692,-0.9187478094405318,-5.0900423065271,-0.8761988053621734,14.561217602531089
CUST-11884,1,0.0,4,1,1,1,1,0,1,1,1,0,0,0,0,1,0,0,1,0,0.3445370302069344,1.9083876014900736,1.1288865664981582,-0.8777880503168601,-0.10736578160440516
CUST-11885,1,0.0,3,4,0,0,1,0,1,0,1,0,0,0,0,1,0,0,0,0,-1.0366355672023664,-0.14473501454058132,-1.1320921388848426,-0.8777880503168601,0.003820317365257938
CUST-11886,0,0.0,4,2,0,1,1,0,1,0,1,0,0,0,0,0,0,0,0,0,-0.8422084907535251,-0.010277130205983552,-0.4745188189393985,-0.8793772952715468,-0.06450319825792816
CUST-11887,1,0.0,5,2,0,1,1,1,1,1,1,0,0,0,0,0,1,0,0,0,-0.7530760229689965,0.373737403325552,-0.19585463906987768,-0.8825557851809203,-0.0750801908997933
CUST-11888,0,0.0,5,1,0,0,1,0,0,1,1,0,0,0,0,0,1,1,0,0,-0.1902343270370922,-1.185903658157704,-0.18108300936358032,-0.8825557851809203,-0.10122163347302564
CUST-11889,1,0.0,2,2,1,1,0,0,1,1,1,0,0,1,1,0,0,1,0,0,-0.5682090568685475,1.357180672516303,0.32203774640819355,-0.884145030135607,-0.08887021744863245
CUST-11890,0,0.0,3,2,0,1,0,1,1,1,0,0,0,0,0,0,1,0,1,0,0.17171087943853136,0.4572280058495485,0.7185432174355718,-0.8857342750902937,-0.10581080892527597
CUST-11891,0,0.0,3,2,0,1,0,0,1,1,0,0,0,0,0,1,0,0,0,0,-1.1093904626293951,-1.3594317654272248,-2.0779100193718527,-0.8889127649996671,0.06960011513872416
CUST-11892,0,0.0,2,2,0,0,1,1,1,0,0,0,1,0,0,1,0,0,0,0,-1.0191415194580176,-0.21407586065030854,-1.214682103871769,-0.8889127649996671,0.013622272744674277
CUST-11893,0,0.0,4,3,0,1,1,0,1,0,0,1,0,0,1,0,0,1,0,0,-0.3468409125297554,-1.38899842062122,-0.46347337447419157,-0.8889127649996671,-0.09773646256766166
CUST-11894,1,1.0,3,2,1,0,0,0,0,0,1,0,0,0,1,0,0,0,1,0,0.24579109077992659,1.6113131135885013,1.0227890488449316,-0.8905020099543538,-0.10652262439306434
CUST-11895,1,1.0,4,2,0,0,0,1,0,1,1,0,0,0,0,1,0,0,0,0,-0.7566029626241615,-0.2816567868080123,-0.38294951924995463,-0.8936804998637272,-0.07650502675553146
CUST-11896,1,0.0,1,3,0,0,0,1,1,1,0,0,0,0,0,1,0,0,0,0,-1.0948039398708527,-1.6818491006379361,-2.225017158667211,-0.8936804998637272,0.03265242826131683
CUST-11897,1,0.0,3,2,0,1,1,0,1,0,0,0,0,0,0,0,1,0,0,1,1.53943769161575,0.17310652879486899,1.166949423273004,-0.8952697448184139,-0.11271526843651378
CUST-11898,1,0.0,1,4,0,1,1,0,1,1,0,1,1,0,0,0,1,0,1,0,0.236793912424227,0.5465615426142629,0.778044485085697,-0.8968589897731007,-0.10643774072501153
CUST-11899,0,0.0,4,2,0,0,1,1,1,1,0,1,1,0,0,0,1,0,0,0,-1.022322268809336,-0.4829916293195046,-1.2278697716797955,-0.8984482347277875,-0.0013806828151341874
CUST-11900,0,0.0,5,2,0,0,1,0,1,0,0,0,0,0,0,0,1,0,0,0,-1.0973552130068867,-1.4699547384143028,-2.0796244347411545,-0.9000374796824742,0.04811290839841634
CUST-11901,0,0.0,3,1,0,1,1,1,1,1,0,1,0,1,0,1,0,0,0,1,2.428220944763088,-0.1471989024734143,1.2786598550277837,-0.9000374796824742,-0.11440647178370622
CUST-11902,0,0.0,4,3,0,0,1,0,1,1,1,0,0,0,0,1,0,0,1,0,0.19596740772852436,-0.5467007315827566,0.3928008784949539,-0.9032159695918476,-0.10608145641028877
CUST-11903,0,0.0,1,3,0,1,0,0,1,1,0,0,0,0,0,0,0,1,0,0,-0.528629915974863,-1.0683410053625322,-0.4557403643527232,-0.9032159695918476,-0.09049002671436716
CUST-11904,0,0.0,3,4,0,0,1,1,1,0,1,0,1,0,1,0,0,0,1,0,0.27609556823989834,-1.1612647788293748,0.10676043933585329,-0.9048052145465343,-0.10673266678769351
CUST-11905,0,0.0,3,1,0,1,1,0,1,1,1,0,0,1,0,1,0,0,1,0,0.5191546403841582,0.12699662605185233,0.7942465536066952,-0.906394459501221,-0.10859370080495648
CUST-11906,1,1.0,1,1,1,1,1,1,1,1,0,1,0,0,0,0,0,0,1,0,0.6417830873493031,0.9154407645583958,1.0598881924637007,-0.9079837044559077,-0.10933932899043462
CUST-11907,0,0.0,4,4,0,1,0,0,1,1,0,0,0,0,0,0,1,1,0,0,-0.39699283609895303,0.44941396126256367,0.2977255405887683,-0.9095729494105944,-0.0956969265327409
CUST-11908,1,0.0,2,1,0,1,0,1,1,1,0,0,0,1,0,1,0,1,0,0,-0.5027086178647185,-1.6818491006379361,-0.9701287525039011,-0.9111621943652811,-0.0904537998858368
CUST-11909,1,0.0,4,3,0,1,0,0,1,1,0,0,0,1,1,0,0,0,0,0,-1.1648778680866338,0.6116785808391335,-3.1094170607104687,-0.9111621943652811,2.137798261606231
CUST-11910,0,0.0,3,1,1,1,1,1,1,1,0,0,0,0,0,0,1,0,0,1,1.9608844467198434,0.7774630403197508,1.3255542775031666,-0.9127514393199678,-0.11265895269983496
CUST-11911,1,0.0,3,3,1,0,1,0,1,1,1,0,0,0,0,0,0,1,0,0,-0.06671342374547082,1.4335611984341243,0.7989100749976914,-0.9143406842746545,-0.10284495196044297
CUST-11912,1,0.0,2,3,0,1,1,0,1,1,0,0,0,0,0,0,1,0,0,0,-0.9052096091953767,-1.0412382381013696,-1.0868237158866765,-0.9159299292293412,-0.05132157252841881
CUST-11913,0,0.0,1,2,0,1,1,1,1,0,1,0,0,0,0,1,0,0,0,1,1.8521342179170486,-0.09792114381675537,1.1648400186440349,-0.917519174184028,-0.1134408198606799
CUST-11914,1,0.0,4,3,0,1,1,0,1,1,1,0,1,0,0,0,0,0,0,1,1.7842366299210557,0.5613448702112607,1.3255542775031666,-0.9191084191387147,-0.11313925159755471
CUST-11915,0,0.0,2,1,0,0,1,1,1,0,1,0,0,1,0,0,1,0,0,1,2.428220944763088,-0.5952745222586062,1.1049624972289083,-0.9206976640934014,-0.11441879223941413
CUST-11916,0,0.0,4,4,0,1,1,0,1,1,1,0,0,1,0,1,0,0,0,1,1.3125386929033491,0.5448016226622395,1.2063770161520406,-0.8746095604074867,-0.1120940628811245
CUST-11917,0,0.0,3,2,0,0,0,1,1,1,1,0,0,0,0,0,0,0,0,1,2.428220944763088,-0.06342671275709422,1.3040983253585716,-0.9222869090480881,-0.11438408605513337
CUST-11918,0,0.0,4,1,0,1,0,0,1,1,0,0,0,0,0,1,0,0,0,0,-0.8408610361838019,0.41210365827966466,-0.8261319481378345,-1.4101851101369094,-0.0160021390567642
CUST-11919,0,0.0,3,3,0,1,1,0,1,1,0,0,1,0,0,1,0,0,1,0,1.0418385836971373,-0.8420152995323057,0.6175627742414207,-0.9254653989574616,-0.1112019184471909
CUST-11920,1,0.0,4,1,1,0,1,1,0,1,0,0,0,0,1,0,0,0,1,0,0.9036213778422912,1.2811521305888862,1.2451750190013402,-0.9270546439121483,-0.11064565013597273
CUST-11921,1,0.0,1,2,0,1,1,0,1,1,0,0,0,0,0,1,0,0,0,0,-0.8625419484389589,-1.090164012767624,-1.0157716156519592,-0.928643888866835,-0.059808216526710936
CUST-11922,0,0.0,4,3,0,0,1,0,1,1,0,0,1,0,0,0,0,0,0,0,-1.0536355938709985,-1.2714357678260482,-1.7226065187956605,-0.9302331338215217,0.009735503659855848
CUST-11923,0,1.0,3,4,1,1,0,0,1,0,0,0,0,0,1,0,0,0,0,1,2.428220944763088,1.0221623104491029,1.3255542775031666,-0.9318223787762084,-0.1121151354462604
CUST-11924,1,0.0,3,4,0,0,0,1,1,1,1,0,0,0,0,1,0,0,0,0,-0.7562423803290255,-0.0704663925651882,-0.3237028983614604,-0.9334116237308951,-0.07560701618469713
CUST-11925,0,0.0,3,2,0,1,1,0,1,1,1,0,0,0,0,0,1,0,0,1,1.2827039086230994,-1.4231408676904767,0.314452993550471,-0.9350008686855819,-0.1120080610577627
CUST-11926,1,0.0,4,3,0,0,1,1,1,0,0,0,1,0,0,0,0,0,0,0,-1.1732371510101078,-0.5864749224984885,-3.509628438236445,-0.9350008686855819,2.140834116277061
CUST-11927,0,0.0,4,2,0,0,0,0,1,1,0,1,0,0,0,0,1,0,0,0,-1.1526645352396692,-0.9004446419394869,-2.4152420202293854,-0.9365901136402686,0.3172703616205441
CUST-11928,0,0.0,3,2,0,0,0,0,1,0,0,0,0,0,0,0,0,1,0,0,-0.4243225990638108,-0.7156530469770158,-0.15991194903113146,-0.9381793585949553,-0.09431240887198793
CUST-11929,1,1.0,4,2,1,1,0,0,1,0,1,0,0,1,0,0,1,0,0,0,-0.8503277970494963,1.9083876014900736,-0.032431503733782265,-0.939768603549642,-0.06324991257974108
CUST-11930,0,0.0,3,4,0,0,1,0,1,1,1,0,0,1,0,1,0,0,1,0,0.22910555744045397,-0.35768532873542913,0.4864271092374435,-0.37717588959054504,-0.10637352513050351
CUST-11931,1,0.0,5,0,0,0,1,1,0,1,0,1,0,1,0,1,0,1,0,0,-0.17597312497294965,-0.9687295360780002,-0.058340180768414754,-0.9429470934590154,-0.10096397280612311
CUST-11932,1,0.0,1,2,1,0,1,0,1,0,0,0,0,1,1,0,0,0,0,0,-1.0812529801395645,1.9083876014900736,-0.9904273574158153,-0.9445363384137021,0.07958585485586532
CUST-11933,1,1.0,3,1,1,0,1,1,1,0,0,0,0,0,0,1,0,0,0,0,-0.9648437867283116,0.8999534689805884,-0.5665883685829851,-0.9445363384137021,-0.03286328910463962
CUST-11934,1,0.0,3,2,1,0,1,1,1,0,0,0,0,1,1,0,0,0,0,0,-0.587832076433335,0.7271293296918774,0.1668633782795512,-0.9461255833683888,-0.08836142332032801
CUST-11935,1,0.0,4,1,0,0,0,1,1,0,1,0,0,0,1,0,0,0,0,0,-0.9313984700883686,-0.9176918574693176,-1.0855993429152182,-0.9477148283230755,-0.044828478793535353
CUST-11936,0,0.0,2,5,1,1,1,0,1,1,0,1,0,0,0,1,0,0,1,0,0.710702932174004,1.219906916258467,1.1588978784923538,-0.9493040732777622,-0.1097441806699127
CUST-11937,1,1.0,2,4,1,0,0,1,1,0,0,1,0,0,0,1,0,1,0,0,-0.5314863432633673,0.8239249270531718,0.2577954379842548,-0.9508933182324489,-0.09100474774358058
CUST-11938,0,0.0,4,3,0,0,0,1,1,1,1,0,0,0,0,1,0,0,0,0,-1.060291708774563,0.11714107432052048,-1.2161003692480419,-0.9524825631871358,0.034898931886111734
CUST-11939,1,0.0,1,4,0,1,1,0,1,0,1,0,0,0,0,0,0,1,0,0,-0.38201340779606124,-1.6818491006379361,-0.7736682506018222,-0.9540718081418225,-0.09709146761696948
CUST-11940,1,0.0,2,3,0,1,0,1,1,1,0,1,0,0,1,0,0,0,0,0,-1.0637261225860533,-0.059202904872237824,-1.3272671558795035,-0.9556610530965092,0.046322598419875814
CUST-11941,1,1.0,4,1,1,1,0,1,1,1,1,0,1,0,0,1,0,0,0,0,-1.012263400022624,1.788713044752473,-0.5367173829346727,-0.9556610530965092,-0.01318069179621563
CUST-11942,1,0.0,5,3,0,0,0,1,1,1,0,0,0,0,0,1,0,1,0,0,-0.5298818938464854,0.1945775522095561,0.08748253799524743,-0.9572502980511959,-0.09097918633876614
CUST-11943,0,0.0,4,3,0,0,1,0,1,0,0,1,1,0,0,0,1,0,1,0,1.1812918329686308,-0.43547379061486935,0.8430667750950666,-0.9588395430058826,-0.11163789209527951
CUST-11944,0,0.0,3,1,0,0,0,0,0,0,0,0,1,0,0,1,0,0,0,1,1.929468809730382,-0.27919289887517934,1.1173349388162668,-0.9604287879605693,-0.11357710476859588
CUST-11945,1,0.0,1,3,0,0,0,1,1,0,0,0,0,1,0,0,0,1,0,0,0.007674690745421693,-0.20633221286140502,0.4130867986283307,-0.962018032915256,-0.10391641318062095
CUST-11946,1,0.0,4,4,0,1,1,0,1,0,0,0,0,0,0,0,1,0,0,0,-0.6894395682585144,-0.882493458428847,-0.5648405132800502,-0.6378120621591662,-0.08099744901609224
CUST-11947,1,1.0,2,2,0,1,1,0,1,1,1,0,1,0,0,1,0,0,0,0,-0.7958459510141785,-0.08172988025813883,-0.40054983163529945,-0.9651965228246294,-0.07116542457278717
CUST-11948,1,0.0,3,1,1,1,0,0,0,1,1,0,1,0,0,0,1,1,0,0,-0.22054159930188502,1.485302845023616,0.6940020467060278,-0.9667857677793161,-0.10010411850151772
CUST-11949,1,1.0,1,2,1,1,1,0,1,1,0,0,1,0,0,0,1,0,1,0,0.3600610118524574,1.3656282882860156,1.0321792098485236,-0.2516255381702946,-0.10748673189844209
CUST-11950,0,0.0,4,3,0,1,0,0,1,1,1,0,0,0,0,0,1,0,0,1,2.428220944763088,-0.8346236357338068,0.9890890979228876,-0.9683750127340028,-0.11440343733202615
CUST-11951,0,0.0,3,2,1,1,0,0,1,0,0,1,0,0,0,1,0,0,0,0,-1.008623562314258,1.3093108498212627,-0.5961466536995981,-0.9699642576886895,-0.017945039440681227
CUST-11952,1,1.0,5,3,1,0,1,1,1,0,0,1,0,0,0,0,0,1,0,0,-0.2881573223679855,0.7654955846459905,0.48279972047167735,-0.9715535026433763,-0.09872469262294939
CUST-11953,0,1.0,2,2,0,0,1,1,1,1,1,0,0,0,0,0,1,0,1,0,0.24673230307265676,0.6306857163209879,0.8065706931171589,-0.973142747598063,-0.1065505694560819
CUST-11954,0,0.0,4,4,0,1,0,0,1,1,0,1,1,0,0,1,0,0,1,0,0.9677805536989235,0.4180873861165447,1.0595900116300556,-0.9763212375074364,-0.11090506359924109
CUST-11955,1,0.0,3,3,0,0,1,1,1,1,1,0,0,1,0,1,0,0,1,0,1.0734896951310513,-1.0204711826674921,0.5297605710543949,-0.9763212375074364,-0.11131199164190536
CUST-11956,0,0.0,3,1,0,0,0,0,1,1,0,0,0,0,0,1,0,0,1,0,0.18579623110168053,-0.4664483817704834,0.41630630352221304,-0.9779104824621231,-0.10590037681977583
CUST-11957,1,0.0,4,3,1,1,0,0,1,1,0,0,0,0,0,1,0,0,0,1,2.428220944763088,0.8415241265734071,1.3255542775031666,-0.9810889723714966,-0.1125165839711949
CUST-11958,0,0.0,4,2,0,0,0,0,0,1,1,0,0,0,0,0,1,1,0,0,-0.31819251475972765,-1.3126178947033988,-0.3797059273386304,-1.1193532834292408,-0.09840722591833374
CUST-11959,0,0.0,3,3,0,0,1,0,1,1,0,0,0,0,0,1,0,0,0,1,1.7685529914997173,-1.1369778834914501,0.6617457374492745,-0.9810889723714966,-0.11324681083526228
CUST-11960,0,0.0,2,2,0,1,0,0,1,0,0,0,0,0,0,0,1,0,0,1,2.428220944763088,0.2853894217339704,1.3255542775031666,-0.9826782173261833,-0.11375253227477343
CUST-11961,0,0.0,5,2,0,1,1,1,1,1,1,0,0,1,0,0,1,0,1,0,1.0798333676351342,-0.8719339387167058,0.6130017106944574,-0.9858567072355567,-0.11132183386362081
CUST-11962,1,0.0,3,4,1,0,1,0,1,0,0,0,0,0,0,0,0,0,0,0,-0.7325577098265909,0.8320205588324802,-0.02967795140622607,-0.9858567072355567,-0.07774464064291962
CUST-11963,1,0.0,4,2,0,1,0,0,1,0,0,0,0,0,0,0,0,0,0,0,-0.9156315854198225,-0.8346236357338068,-0.9944505517254415,-0.9874459521902434,-0.04935355274332003
CUST-11964,0,0.0,4,4,0,0,1,0,1,1,1,0,0,1,0,0,1,1,0,0,-0.22329985276473502,0.21992039951869494,0.39907240158491425,-0.9890351971449302,-0.10041014120230693
CUST-11965,0,0.0,4,3,1,0,1,0,1,0,1,0,0,0,0,1,0,1,0,0,-0.45291561414351433,2.8590963595731864,0.20055577462502355,-1.0367125457855315,-0.06882347349228088
CUST-11966,0,0.0,1,2,0,1,0,1,1,0,0,1,1,0,0,1,0,0,0,1,1.348402239076592,-0.5470527155731613,0.8482410051780317,-0.9906244420996169,-0.1121569628236969
CUST-11967,0,0.0,3,1,0,1,1,0,0,1,1,0,0,1,0,1,0,0,0,0,-1.0515081102596653,-0.2911603545489395,-1.2403421257616318,-0.9922136870543036,0.013153087818347661
CUST-11968,0,1.0,3,2,0,1,0,0,1,1,1,0,1,0,0,0,1,0,0,0,-0.8199031058169397,-0.7561312058735573,-0.7331748829721801,-0.9938029320089903,-0.06717485645845991
CUST-11969,0,0.0,3,2,0,1,0,0,1,0,1,0,0,0,0,1,0,0,1,0,0.49699720936665026,-0.05779496891061878,0.7212777915765387,-0.995392176963677,-0.10839986358798462
CUST-11970,0,1.0,2,2,0,1,1,0,1,1,0,0,0,0,0,0,1,0,0,0,-1.058228244852382,-1.0535576777655344,-1.7039913335532115,-0.9985706668730504,0.03292414549542751
CUST-11971,0,0.0,3,1,0,0,0,0,1,1,0,0,0,0,1,0,0,0,0,0,-0.7132351596946837,-0.27426512300951345,-0.3178402272303894,-0.9985706668730504,-0.07990223479669728
CUST-11972,1,0.0,1,1,1,1,1,0,0,1,0,1,0,0,0,1,0,0,0,0,-0.5895867650369387,0.7521201930106118,0.1660796326673513,-1.0001599118277371,-0.08807288745045584
CUST-11973,0,0.0,2,0,0,0,1,1,0,1,1,0,0,0,1,0,0,1,0,0,-0.006800529988684887,-1.2383492727280054,-0.09150842432702395,-1.001749156782424,-0.1040174788920422
CUST-11974,1,0.0,1,2,0,1,0,0,0,0,0,1,0,1,1,0,0,0,0,0,-0.9712805462477226,-0.5523324754292318,-0.9779823677665008,-1.001749156782424,-0.03777031559299516
CUST-11975,1,0.0,4,1,0,1,1,0,0,0,1,0,0,1,1,0,0,0,1,0,1.1905423171253038,0.509251239631364,1.1578686481882317,-1.0033384017371105,-0.1117011705613152
CUST-11976,1,0.0,4,3,0,1,0,0,1,0,0,0,0,0,1,0,0,1,0,0,-0.46488313076989557,-1.6818491006379361,-0.856151699532934,-1.0049276466917973,-0.09451239186045264
CUST-11977,0,0.0,5,1,1,1,0,0,1,1,1,0,0,0,0,1,0,0,0,1,1.814137667639239,1.9083876014900736,1.3255542775031666,-1.006516891646484,-0.1101455970673047
CUST-11978,1,0.0,3,3,1,0,0,1,1,0,1,0,1,0,0,1,0,1,0,0,-0.41981597772908746,1.0657379284612056,0.4390739161655135,-1.0081061366011708,-0.09534126114637526
CUST-11979,0,0.0,4,1,0,0,1,1,1,0,1,0,0,0,0,1,0,0,0,0,-0.7915525046814604,-1.6624899811656775,-1.3910105924848266,-1.0096953815558574,-0.06732577073980284
CUST-11980,0,0.0,3,2,0,1,1,1,1,0,1,0,0,0,0,1,0,0,0,0,-0.9943389939771615,-1.6818491006379361,-1.885368187530598,-1.0112846265105442,-0.022297701956762915
CUST-11981,1,0.0,4,3,0,0,0,1,1,1,1,0,0,1,0,0,1,0,0,0,-1.1736982567971554,-0.0067572903019361835,-3.1360232949707667,-0.683900165845081,1.7244564521305528
CUST-11982,1,0.0,3,1,0,0,1,0,1,1,0,1,0,0,1,0,0,1,0,0,-0.2650325192851945,-1.2211020571981748,-0.27299092084723175,-1.0128738714652308,-0.09950602301583698
CUST-11983,1,0.0,4,4,1,0,0,0,1,0,0,1,0,0,0,1,0,0,0,0,-1.0419528990049824,0.9770379628792196,-0.8993166324278627,-1.0144631164199176,0.018105843051821818
CUST-11984,1,0.0,1,3,0,1,0,0,1,1,0,0,0,0,0,1,0,0,0,0,-0.5805840737486925,0.37796121121040815,0.0782564838611531,-1.0160523613746042,-0.08851793092442281
CUST-11985,1,1.0,1,3,1,1,1,0,1,0,0,0,0,0,0,0,0,1,0,0,-0.10851351833571758,2.8590963595731864,0.4380668767373187,-1.017641606329291,-0.0824610543701072
CUST-11986,1,0.0,1,2,0,0,1,1,1,0,0,0,1,0,0,1,0,0,0,0,-0.7904814174169473,-0.6403284730304085,-0.6042151723385216,-1.0192308512839776,-0.07208380002067008
CUST-11987,1,0.0,2,3,1,0,0,1,1,1,0,0,0,1,0,0,1,0,0,0,-0.9466234031665843,1.6514392884946378,-0.3453881039648649,-1.0208200962386644,-0.03966365989995885
CUST-11988,1,1.0,3,1,1,1,1,1,1,0,1,0,1,0,0,1,0,0,1,0,0.6134876025244418,0.7573999528666822,1.0110263121091114,-0.9763212375074364,-0.10919260467639451
CUST-11989,0,0.0,4,3,0,0,1,0,1,1,1,0,1,0,1,0,0,0,0,1,2.3483156382457664,0.5986551731941597,1.3255542775031666,-1.0255878311027247,-0.11305633354680832
CUST-11990,0,0.0,4,2,1,0,1,0,1,0,1,0,1,0,0,0,1,1,0,0,-0.19067754878629442,1.2290585000089895,1.3255542775031666,-1.0239985861480378,-0.11165533138749871
CUST-11991,0,0.0,2,5,0,1,1,1,1,1,0,1,0,0,0,0,0,0,0,0,-0.9749053798068066,-1.114098924115144,-1.3969164174690087,-1.073265179743326,-0.022726589319843126
CUST-11992,0,0.0,4,3,0,0,1,0,1,1,0,1,0,0,0,1,0,0,0,1,2.428220944763088,0.3317809116693107,1.3255542775031666,-1.0271770760574113,-0.11364943228337365
CUST-11993,1,1.0,1,1,0,1,1,1,1,0,0,0,1,0,1,0,0,0,0,0,-1.1319064354184196,-0.3175591538292925,-2.2277944506884406,-1.028766321012098,0.36211847066653113
CUST-11994,0,1.0,1,4,0,0,1,0,1,1,0,1,0,0,0,0,1,0,0,1,2.428220944763088,0.31530806091837027,1.3255542775031666,-1.0303555659667847,-0.11368604138502394
CUST-11995,0,0.0,4,3,0,0,0,0,1,0,1,0,0,0,0,0,0,0,0,0,-1.1726125085633974,-0.2031643569477628,-2.707782259738405,-1.0319448109214715,0.8395350446544101
CUST-11996,0,0.0,4,4,0,1,0,0,1,0,1,0,0,0,0,1,0,0,0,1,1.3088417657764762,-1.6818491006379361,0.07013124045511832,-1.033534055876158,-0.11215829283078713
CUST-11997,1,0.0,4,2,1,1,0,0,1,1,0,1,1,0,0,0,1,0,0,0,-0.7367883016846458,0.972814154994363,-0.0024940234175818586,-1.035123300830845,-0.0774128786898762
CUST-11998,0,0.0,2,3,0,1,1,0,1,1,0,0,0,0,0,0,1,0,0,1,2.1759680075635157,-1.6818491006379361,0.2797222810675619,-1.035123300830845,-0.11393928665875379
CUST-11999,1,0.0,5,1,0,1,0,1,1,0,0,1,1,0,0,1,0,0,0,0,-0.7199754967521689,-1.058837437621605,-0.6840132374518549,-1.2941702284447794,-0.07998811523066122
CUST-12000,0,0.0,5,2,0,1,1,0,1,1,1,0,0,0,0,0,1,0,1,0,0.09871039364360273,-0.5160781244175472,0.34154965888685457,-1.0383017907402183,-0.10489161206860502
CUST-12001,0,0.0,3,5,0,1,1,0,1,0,0,1,0,1,1,0,0,0,0,0,-1.0779296502559852,-1.6818491006379361,-2.3515044011787434,-1.039891035694905,0.06028135641138298
CUST-12002,0,0.0,3,3,0,1,0,0,1,1,1,0,0,0,0,1,0,0,0,0,-0.8446055630677285,-1.2003350017642973,-1.0947033052949715,-1.0414802806495917,-0.05921491812216087
CUST-12003,1,0.0,2,2,0,1,0,1,1,1,1,0,1,0,1,0,0,0,0,0,-0.8759015077595227,0.39492683954791497,-0.43195224245091945,-1.0430695256042783,-0.05836241925122286
CUST-12004,0,0.0,3,3,0,1,1,0,1,1,0,0,0,0,0,0,0,1,0,0,-0.2739201040138468,-0.40414721546885046,0.13246272495575356,-1.0446587705589652,-0.09904253935139128
CUST-12005,0,0.0,5,3,0,0,1,0,1,0,0,0,0,0,0,0,1,0,0,1,1.9842208163248727,-0.316855185848483,1.1180771846820357,-1.0462480155136518,-0.11369297676491882
CUST-12006,0,1.0,3,3,0,1,0,1,1,0,0,0,0,1,0,0,0,1,0,0,-0.5050918063700978,-1.0042799191088756,-0.3907110504359854,-1.0462480155136518,-0.09150785541075378
CUST-12007,1,0.0,3,2,0,0,1,0,1,1,0,0,0,0,0,1,0,0,0,1,1.2726950279983422,0.010841909218299159,1.037989559372721,-1.0478372604683386,-0.11197823053670307
CUST-12008,1,0.0,1,3,0,1,1,1,1,0,0,1,0,0,0,1,0,1,0,0,-0.46180407571550575,-0.3816202400829492,-0.03943220818653344,-1.0494265054230252,-0.09352545376000773
CUST-12009,0,1.0,2,3,0,0,1,1,1,0,0,0,1,0,0,1,0,0,0,1,2.428220944763088,-1.6818491006379361,0.34612560200110026,-1.051015750377712,-0.11440830739982721
CUST-12010,0,0.0,2,1,0,1,1,0,0,0,0,0,0,0,0,0,1,0,0,1,2.428220944763088,-0.2503302116619934,1.2400656878692031,-1.0526049953323988,-0.11439534116931314
CUST-12011,0,0.0,3,4,0,1,0,0,1,0,1,0,1,0,1,0,0,0,0,0,-0.6983254030250448,-1.349576213695893,-0.8979609014592422,-1.0541942402870854,-0.07922839637935984
CUST-12012,1,0.0,3,4,1,1,1,1,1,1,0,0,0,0,0,0,1,0,0,1,1.4315089336356808,0.9098090207119202,1.3255542775031666,-1.0557834852417722,-0.11236482829341374
CUST-12013,0,0.0,1,3,0,1,1,0,1,1,1,0,0,0,0,0,1,0,1,0,1.0834088473224823,-0.4516650541734857,0.8014391572124036,-1.0573727301964588,-0.11126416176868069
CUST-12014,1,0.0,3,2,1,0,0,0,1,1,1,0,0,1,0,1,0,0,0,0,-0.893801026265959,1.9083876014900736,-0.14236349673918702,-1.0573727301964588,-0.05446819434999839
CUST-12015,1,0.0,4,5,1,1,0,1,1,1,1,0,1,0,0,0,0,1,0,0,-0.0013841922106242934,0.9830216907160991,0.7425252899536431,-0.5917239584732515,-0.10371692296825555
CUST-12016,1,0.0,4,2,0,1,1,0,1,1,1,0,0,0,0,0,0,0,0,0,-1.0874962354155544,-0.17570960569619562,-1.4014638813257818,-0.6409905520685396,0.053928799023188104
CUST-12017,0,1.0,4,2,0,1,1,0,1,1,0,0,1,0,0,0,1,0,1,0,1.0003535605583456,0.5736643098754253,1.1117511877938155,-0.6854894107997677,-0.11102025842342855
CUST-12018,0,0.0,3,3,0,1,1,0,1,0,1,0,0,1,1,0,0,0,0,0,-0.9476118045138354,-1.6818491006379361,-1.5736394506647953,-1.0637297100152057,-0.05507634718793577
CUST-12019,1,0.0,3,3,1,0,0,0,1,1,1,0,0,1,1,0,0,0,0,0,-1.0899149124809744,0.9780939148504332,-1.2499056910861701,-1.066908199924579,0.0990900995324411
CUST-12020,0,0.0,4,4,0,0,0,0,1,0,0,1,0,0,0,0,0,1,0,0,-0.5636842119327038,-0.9043164658339387,-0.39165211843173453,-0.8316999466309454,-0.08933374873403195
CUST-12021,0,0.0,1,2,0,0,0,0,1,0,0,1,0,0,1,0,0,1,0,0,-0.14412635782674496,0.05659982797091095,0.3979235930537696,-1.068497444879266,-0.10161483272500785
CUST-12022,0,1.0,4,2,0,0,1,1,1,0,0,0,0,0,0,0,0,0,1,0,1.1424674151525005,-0.8064649165014304,0.6680930475056979,-1.068497444879266,-0.11155097470633984
CUST-12023,1,0.0,3,3,0,1,0,0,1,0,0,0,0,0,1,0,0,1,0,0,-0.29508949097863124,-0.35705175755270085,0.1336047057582152,-1.0700866898339525,-0.09856924563446907
CUST-12024,0,1.0,3,3,0,1,0,1,1,1,1,0,0,0,0,0,1,1,0,0,-0.4822728720721204,-0.22921117223771093,-0.016622814644202486,-1.0716759347886393,-0.09230723045011723
CUST-12025,0,0.0,2,3,0,1,0,0,1,1,0,0,0,0,0,1,0,0,0,0,-1.1032540540266726,0.04287245234512736,-1.6311727828007474,-1.073265179743326,0.13930179668908654
CUST-12026,1,1.0,2,3,0,0,1,0,1,0,1,0,0,1,0,1,0,0,1,0,0.484070282059549,-0.06659456867073645,0.7163532398541496,-1.0748544246980127,-0.10837099571822947
CUST-12027,0,1.0,3,3,0,1,1,1,1,1,0,0,1,0,0,1,0,1,0,0,-0.17705478086818874,-0.04019576939038343,0.34100361897240816,-1.0764436696526993,-0.10100610256927595
CUST-12028,0,0.0,3,2,0,1,1,0,1,0,0,0,0,0,0,1,0,0,1,0,0.04391543742075892,-1.6818491006379361,-0.4747397747460322,-1.0780329146073862,-0.10440325980610074
CUST-12029,0,0.0,3,2,0,0,1,1,1,1,0,0,1,0,0,1,0,0,0,0,-0.7334102552364729,-0.19923890049767196,0.20377935542091247,-1.079622159562073,-0.09888243887452523
CUST-12030,0,0.0,4,3,0,1,0,1,1,0,0,0,0,1,0,0,1,1,0,0,-0.33916601005217867,0.20689699187372063,0.2905402979401764,-1.079622159562073,-0.09758061435673811
CUST-12031,1,0.0,4,3,0,0,1,1,1,1,1,0,0,0,0,1,0,1,0,0,-0.47447819860320545,0.42407111395342484,0.21586260978724192,-1.0812114045167596,-0.09322271176804635
CUST-12032,0,0.0,5,2,0,0,0,0,1,1,1,0,0,0,0,0,0,0,1,0,0.5225145293652977,-0.3971075356607562,0.6190987593366013,-1.0828006494714464,-0.10870836136283527
CUST-12033,1,0.0,4,1,0,1,0,0,1,0,0,0,0,0,0,1,0,1,0,0,-0.23449107327027888,-0.9609858882890967,-0.08488745280327652,-1.084389894426133,-0.10019172858867306
CUST-12034,0,0.0,3,3,0,0,1,0,1,0,0,0,1,0,0,1,0,0,0,1,1.3394807595173426,0.12136488220537713,1.0936918371480486,-1.0859791393808198,-0.11217983310514676
CUST-12035,1,0.0,4,1,0,1,0,0,1,1,1,0,0,0,1,0,0,1,0,0,-0.23541262759374168,0.2674382382233302,0.39281781301747104,-1.0875683843355064,-0.09989037856850635
CUST-12036,0,0.0,2,4,1,1,1,0,1,0,0,1,0,0,0,1,0,0,0,0,-0.8510417640747895,1.336413617082425,-0.16447427869956796,-1.0891576292901932,-0.0616143599818267
CUST-12037,1,0.0,4,0,1,1,1,0,0,1,1,0,0,0,0,1,0,0,1,0,1.1111838265440181,1.9083876014900736,1.3255542775031666,-1.0907468742448798,-0.1101455970673047
CUST-12038,1,0.0,1,3,1,1,0,1,1,0,0,0,1,0,0,0,0,1,0,0,-0.19884666667450235,1.521557196035301,0.726039792395307,-1.0923361191995666,-0.10073030788774431
CUST-12039,0,0.0,4,2,0,1,0,0,1,1,1,0,1,0,1,0,0,0,0,0,-0.8996342412522976,-1.6818491006379361,-1.5431462718734283,-1.0923361191995666,-0.05761720144459997
CUST-12040,0,0.0,3,2,0,0,0,1,1,1,0,0,0,0,0,1,0,1,0,0,-0.003885613091239831,-0.5241737561968554,0.27859431544028324,-1.0939253641542532,-0.10369561560381207
CUST-12041,1,0.0,1,3,0,0,1,0,1,1,0,0,0,0,0,0,1,0,0,0,-0.6459888942824181,0.31636401288958443,-0.02460961757175765,-1.09551460910894,-0.0848236986351446
CUST-12042,0,0.0,5,2,0,0,0,0,1,1,1,0,1,0,0,1,0,0,1,0,1.0583819846465967,-0.46081663792400823,0.7956441098606964,-1.0971038540636266,-0.11124163469868255
CUST-12043,0,0.0,5,4,0,1,1,0,1,1,1,0,0,1,1,0,0,1,0,0,-0.4522891146074445,-0.0841937681909718,0.08489713775015918,-1.0986930990183135,-0.09406374853570267
CUST-12044,0,0.0,5,3,0,0,1,0,1,0,1,0,0,1,0,1,0,0,1,0,0.3800564556560873,-1.6818491006379361,-0.2600986143362554,-1.100282343973,-0.10813339095388838
CUST-12045,0,1.0,4,1,1,0,1,1,1,0,1,0,0,0,0,0,1,0,0,0,-1.057498030524869,0.9274082202321555,-0.99023965935955,-1.1018715889276869,0.033302765999089746
CUST-12046,0,0.0,4,1,0,1,0,1,0,0,1,0,0,0,1,0,0,1,0,0,-0.5720625005798844,-1.6818491006379361,-0.9700625428480036,-1.1034608338823735,-0.09045633907081081
CUST-12047,0,0.0,3,2,0,0,1,1,1,1,0,0,0,0,0,0,0,0,0,1,2.428220944763088,-1.6818491006379361,0.3502042231214894,-1.1034608338823735,-0.1144357984563142
CUST-12048,0,0.0,2,3,0,0,1,0,1,1,0,1,1,0,1,0,0,0,1,0,0.8085253904775397,-1.1095231322398829,0.3757644554945972,-1.1050500788370603,-0.11015331647401051
CUST-12049,1,1.0,2,1,0,1,0,0,0,1,1,0,0,0,1,0,0,0,0,0,-0.9686958148633912,-0.1412151746365342,-0.8668519604770261,-1.1066393237917471,-0.0324513961037792
CUST-12050,1,1.0,3,4,0,0,0,1,1,0,1,0,0,0,0,0,1,0,0,0,-0.7870273525782363,-1.6818491006379361,-1.383092882801392,-1.1082285687464337,-0.06939994697026282
CUST-12051,0,0.0,3,3,0,0,0,1,1,1,1,0,0,0,0,0,0,0,0,0,-0.6971078778637144,-1.1577449389253276,-0.6942056009507781,-1.1098178137011205,-0.08260766205002111
CUST-12052,0,0.0,3,3,1,1,1,0,1,1,1,0,0,0,0,1,0,0,1,0,0.08508399212161868,1.1752049494770693,0.8437238111455657,-1.1114070586558071,-0.1048866991645078
CUST-12053,1,0.0,2,3,0,1,0,0,1,1,0,0,0,0,0,1,0,0,1,0,0.5224298920927408,-0.15670247021434147,0.7043294102896376,-1.112996303610494,-0.10864696013551996
CUST-12054,1,0.0,2,2,0,0,0,0,1,0,1,0,1,0,0,1,0,0,1,0,0.48604139643216926,0.4198473060685682,0.8725938273738146,-1.1145855485651806,-0.10848478099030126
CUST-12055,1,0.0,4,2,0,0,1,0,0,1,0,0,0,0,1,0,0,1,0,0,-0.3209690305216487,-1.343592485859013,0.5293987372250987,-0.8332891915856321,-0.11336027511508844
CUST-12056,0,0.0,1,2,0,0,0,1,1,0,1,0,0,0,0,1,0,0,1,0,0.8234308285204204,-0.09510527189351778,0.8426910701294416,-1.1161747935198674,-0.11020392590999185
CUST-12057,0,0.0,2,3,0,1,1,0,1,0,0,0,0,0,0,1,0,1,0,0,-0.48744007704875614,-0.1816933335330757,0.009432374985132217,-1.117764038474554,-0.09262775660208736
CUST-12058,1,1.0,3,3,0,0,0,0,1,0,0,0,0,1,0,1,0,0,0,0,-1.0192219682822203,-0.8779176665535856,-1.3397236723068169,-1.1193532834292408,-0.01211092453701966
CUST-12059,0,0.0,2,2,0,0,0,0,1,0,0,0,1,0,0,0,0,1,0,0,-0.17907518656194837,-0.0919374159798753,0.32343964237319306,-1.1209425283839274,-0.10100311113341687
CUST-12060,0,1.0,3,2,0,1,1,0,1,1,1,0,0,0,0,1,0,0,0,1,2.428220944763088,-1.6818491006379361,0.34844397283881845,-1.1225317733386142,-0.11442395201014638
CUST-12061,0,0.0,4,1,0,0,0,1,1,1,0,1,0,0,0,1,0,0,1,0,0.7151737852097484,0.425127065924639,0.9676825412677745,-1.1241210182933008,-0.10976814955740793
CUST-12062,0,0.0,3,5,0,0,0,0,1,0,0,0,0,1,0,1,0,1,0,0,-0.13906220911784908,-0.45976068595279407,0.21561031823866877,-1.1257102632479876,-0.10170502350690377
CUST-12063,1,0.0,1,2,0,0,0,0,1,1,1,0,0,0,0,1,0,0,1,0,0.07290592910523984,-0.309815506040389,0.41990878964415285,-1.1257102632479876,-0.104815639890695
CUST-12064,0,0.0,3,3,1,1,1,0,1,0,0,0,0,0,0,0,1,0,0,1,2.028293606811854,0.8612352300360708,1.3255542775031666,-1.1272995082026742,-0.1124727782085364
CUST-12065,0,1.0,4,2,0,0,0,0,1,0,0,1,1,0,0,0,1,1,0,0,-0.5059513916088423,0.4180873861165447,0.17115955727973323,-1.128888753157361,-0.09168581405090052
CUST-12066,0,0.0,3,2,0,1,1,0,1,1,0,0,0,0,0,1,0,0,0,0,-0.6942734083988464,-0.37422857628445033,-0.3298246463282137,-1.1304779981120476,-0.08124261992320875
CUST-12067,0,0.0,3,3,0,1,0,0,1,0,0,0,0,1,0,0,0,0,0,1,2.428220944763088,-1.217230233303723,0.761387414893354,-1.1320672430667345,-0.11439624124703957
CUST-12068,0,0.0,4,1,1,1,1,0,0,0,0,0,0,0,1,0,0,0,1,0,1.21527539734698,1.3649243203052064,1.3255542775031666,-1.1336564880214213,-0.11135338452345991
CUST-12069,1,0.0,2,2,0,1,1,0,1,0,1,0,0,0,0,0,0,0,0,0,-0.709194592933617,-1.4530595068748768,-0.9420831915875193,-1.1352457329761079,-0.08139042431381906
CUST-12070,0,0.0,4,2,0,0,1,0,1,0,1,0,0,0,1,0,0,1,0,0,-0.4290188988201413,0.6264619084361313,0.30911277822029243,-1.1368349779307947,-0.09454865667441964
CUST-12071,0,0.0,2,3,0,0,1,1,1,1,0,0,0,1,0,1,0,1,0,0,-0.5335270718752371,-1.6818491006379361,-0.953526964822932,-1.1368349779307947,-0.09108359715977175
CUST-12072,1,0.0,2,2,1,1,0,1,1,1,0,0,0,0,1,0,0,0,0,0,-0.9841161016068586,0.9312800441266073,-0.6168031966357906,-1.1384242228854813,-0.026026711650769068
CUST-12073,0,1.0,3,2,1,0,1,1,1,1,0,0,0,0,0,0,1,0,0,1,2.428220944763088,1.0291315934591159,1.3255542775031666,-1.140013467840168,-0.11209964698017758
CUST-12074,0,1.0,2,3,0,0,0,0,1,0,0,0,0,0,0,0,1,1,0,0,-0.5554517988511263,-1.6818491006379361,-0.9778485756585087,-1.1431919577495415,-0.09015621412726438
CUST-12075,1,0.0,4,2,0,0,1,0,1,1,0,1,0,1,0,0,1,0,0,1,1.324746803617736,0.4363905536175899,1.1817954408462388,-1.1431919577495415,-0.1121401797070252
CUST-12076,1,0.0,5,4,0,1,0,0,0,1,1,0,0,0,0,0,1,0,0,0,-0.9258470409850346,0.3490985239972224,-0.6141073351548697,-1.1447812027042281,-0.04306606332425829
CUST-12077,0,0.0,3,2,0,0,0,0,1,0,1,0,0,0,0,0,1,1,0,0,-0.22396276518678984,0.1099606009162642,0.5273022017473687,-1.146370447658915,-0.10408581766051113
CUST-12078,1,0.0,3,1,0,1,0,1,1,1,0,0,1,0,0,0,0,0,0,0,-1.1490531131720119,0.3476905880356034,-2.1034517987629266,-1.1479596926136015,0.4253882157671077
CUST-12079,0,0.0,2,1,0,0,0,1,1,1,1,0,1,0,0,1,0,0,1,0,0.5587176615179247,-1.054261645746344,0.3054775874104114,-1.1479596926136015,-0.10877070157045286
CUST-12080,1,1.0,3,2,0,1,1,1,1,1,0,0,0,1,0,0,0,1,0,0,-0.1327302327974426,-0.2675774271918241,0.2864108782169153,-1.1495489375682884,-0.10161267114786517
CUST-12081,1,0.0,3,3,1,1,0,0,1,1,0,0,0,0,0,0,0,1,0,0,0.0027799555118407874,1.7183162466715318,0.9001997136134756,-1.151138182522975,-0.10382278510290922
CUST-12082,1,1.0,3,2,0,0,1,1,1,1,1,0,0,1,0,0,1,0,0,0,-1.1143673568593888,-1.207726665562796,-2.0803399201901405,-1.1527274274776618,0.10031688708880102
CUST-12083,1,1.0,4,4,0,1,0,1,1,1,0,0,0,0,0,1,0,0,0,0,-0.8932557665369274,0.3029886212542057,-0.47812395950696646,-1.1543166724323484,-0.05672686243527346
CUST-12084,1,0.0,4,2,1,0,0,1,1,0,1,0,0,0,0,1,0,0,0,0,-1.0853572002970058,1.177668837409902,-1.1117094117992101,-1.1559059173870352,0.0737029388457678
CUST-12085,0,0.0,1,2,0,0,1,0,1,1,0,1,0,1,0,1,0,0,0,0,-0.7683232632168554,-1.084180284930744,-0.8163928183242353,-1.1574951623417218,-0.07339404064133007
CUST-12086,0,0.0,4,3,0,1,0,1,1,1,0,0,1,0,0,1,0,1,0,0,0.0087327332936099,-1.5340158246679592,-0.35220525217056464,-1.1590844072964086,-0.10365762684626156
CUST-12087,0,0.0,5,3,0,0,0,0,1,1,0,1,1,0,0,1,0,1,0,0,-0.17425167775644032,-1.374919061005032,-0.32593614221339196,-1.1590844072964086,-0.10107609731434439
CUST-12088,0,0.0,1,2,0,0,1,0,1,1,0,0,0,0,0,1,0,0,0,0,-0.6454720404680337,0.3790171631816223,-0.007531592586044575,-1.1606736522510952,-0.08478886991626175
CUST-12089,0,1.0,3,2,0,1,1,0,0,1,1,0,1,0,0,1,0,0,1,0,0.07032946220037545,-1.3840706447555542,1.165745050643155,-1.162262897205782,-0.11697707332648598
CUST-12090,0,0.0,4,3,0,0,1,0,1,0,1,0,0,0,0,1,0,0,0,0,-0.7948833360413444,-0.18098936555226616,-0.4145795216326802,-1.1638521421604688,-0.07245156235561319
CUST-12091,1,0.0,4,2,1,0,1,1,1,0,1,0,0,1,0,1,0,0,0,0,-0.8411454034321464,1.4099782710770088,-0.10267701880524682,-1.1654413871151554,-0.06507232457810637
CUST-12092,1,0.0,3,4,0,1,0,0,1,0,0,0,0,0,0,1,0,0,0,0,-1.0010012124740997,-0.09228939997028018,-1.0046722340848175,-1.1670306320698423,-0.01274227446467575
CUST-12093,0,0.0,4,2,0,0,1,0,1,0,0,1,1,0,0,1,0,0,1,0,1.094977853472456,-0.8592625150621364,0.6169711812071984,-1.1686198770245289,-0.11129300768192077
CUST-12094,0,0.0,3,2,0,1,1,1,1,0,0,0,0,0,0,1,0,1,0,0,-0.026120622961221033,0.09426211494421434,0.487846365457319,-1.1702091219792157,-0.10336602607771304
CUST-12095,1,0.0,3,4,0,0,0,0,1,1,0,0,0,0,0,0,1,0,0,0,-0.9300589623798979,-0.1105925674713248,-0.7373330263148906,-1.1702091219792157,-0.04509187686914029
CUST-12096,0,1.0,4,3,0,0,0,0,0,1,0,1,1,0,0,1,0,0,0,0,-0.9437265720914375,0.43991039352163674,-0.6116666310644253,-1.6390363836117965,-0.040714071715815106
CUST-12097,1,0.0,5,2,1,0,1,0,1,0,1,0,0,0,0,0,1,0,0,1,1.3028327951658256,1.671502375947706,1.3255542775031666,-1.1749768568432757,-0.11067204846496821
CUST-12098,0,0.0,4,3,0,0,1,1,1,0,0,1,1,0,0,0,1,0,1,0,0.4538599400316741,0.304959731600472,0.8422727278589605,-1.1749768568432757,-0.10851698254337815
CUST-12099,1,0.0,5,2,1,1,0,0,1,1,0,0,0,1,0,0,1,0,1,0,0.11655211224739777,1.9083876014900736,1.0045166134573498,-1.1765661017979625,-0.10519701402414618
CUST-12100,0,0.0,2,3,0,0,1,1,1,0,0,1,0,0,1,0,0,0,1,0,0.2003992058614432,0.4427262654448743,1.3255542775031666,-1.178155346752649,-0.11340286841926735
CUST-12101,1,1.0,1,3,0,0,1,0,1,1,0,0,1,0,1,0,0,0,0,0,-0.8130237583797826,-0.8483510113595903,-0.7673330257892894,-1.179744591707336,-0.0680013605325695
CUST-12102,1,1.0,3,2,1,1,1,1,1,0,0,1,0,1,0,1,0,0,0,1,2.428220944763088,1.9083876014900736,1.3255542775031666,-1.1813338366620225,-0.1101455970673047
CUST-12103,0,0.0,1,1,0,0,0,1,0,1,1,0,1,0,0,1,0,0,1,0,0.7400874263789462,-0.16972587785931556,0.793719784638983,-1.1813338366620225,-0.10991595207725514
CUST-12104,0,1.0,4,1,0,0,1,0,1,1,1,0,1,0,1,0,0,0,0,0,-0.7463750330383063,-1.1521131950788526,-0.7895461457424742,-1.1829230816167093,-0.07745625101011208
CUST-12105,1,1.0,2,4,1,1,1,0,1,1,0,0,0,0,0,0,0,0,1,0,1.0830414655862737,1.9083876014900736,1.3255542775031666,-1.184512326571396,-0.1101455970673047
CUST-12106,1,1.0,3,2,0,0,1,0,1,1,0,1,0,0,0,0,0,0,1,0,0.5320515395973024,-0.8120966603479055,0.4373275301414083,-1.1861015715260828,-0.10875186379098063
CUST-12107,1,0.0,4,3,0,1,1,0,1,0,1,0,0,0,1,0,0,0,0,0,-0.754437751493817,-0.853630771215661,-0.6687100753937738,-1.1876908164807694,-0.07444948029050978
CUST-12108,1,0.0,3,2,0,1,0,1,1,0,1,0,0,0,1,0,0,1,0,0,-0.5097095928545129,-0.6202653855773405,-0.1568931274390179,-1.190869306390143,-0.09291482533883462
CUST-12109,1,0.0,2,3,0,1,1,0,1,1,1,0,1,0,0,0,0,0,0,0,-0.9308826317355897,0.13579622581196998,-0.6604132578169102,-1.190869306390143,-0.04475729451275891
CUST-12110,1,0.0,5,3,1,1,0,0,1,0,0,1,0,0,0,0,1,0,0,0,-1.0366961046977317,0.9450074197523909,-0.9355392774089432,-1.1924585513448296,0.023436525109553893
CUST-12111,0,0.0,4,2,0,1,0,1,1,1,0,0,1,0,0,0,1,0,1,0,0.3639955656391672,-1.6818491006379361,-0.29872317960501465,-1.1924585513448296,-0.10753764440000162
CUST-12112,1,0.0,4,0,1,1,1,0,0,0,0,0,0,1,0,0,0,0,0,0,-0.8039718822186844,2.8590963595731864,-0.12620516734297105,-1.195637041254203,-0.04150403876956808
CUST-12113,0,0.0,4,2,0,1,1,1,1,0,0,1,0,0,1,0,0,0,1,0,0.8836210754665736,-0.6237852254813874,0.6638842882022795,-1.195637041254203,-0.11053488875012235
CUST-12114,0,0.0,3,4,0,0,0,0,1,1,1,0,0,0,0,0,0,0,0,1,2.428220944763088,-0.47419202955938694,1.1520548131386699,-1.1972262862088898,-0.11438846422553331
CUST-12115,1,0.0,3,3,1,1,0,0,1,1,1,0,1,0,0,0,1,0,0,0,-1.0823809280216843,1.7732257491746661,-0.9653763741930735,-1.1988155311635764,0.06694975930652468
CUST-12116,1,1.0,2,2,0,1,0,0,1,0,0,0,0,1,0,0,1,1,0,0,-0.4080901672743974,0.18718588841105696,0.20954329536243887,-1.2004047761182632,-0.09529657830098176
CUST-12117,0,0.0,4,3,0,0,1,1,1,0,0,1,1,0,0,1,0,0,1,0,0.7690279254014256,0.4346306336655659,0.9914016620314454,-1.2019940210729498,-0.11003606745537117
CUST-12118,0,0.0,3,2,0,1,0,0,1,1,0,0,0,0,1,0,0,0,1,0,0.6919226973725532,-0.08947352804704234,0.7975442643059449,-1.2035832660276367,-0.10960647148763909
CUST-12119,0,0.0,4,3,1,1,0,1,1,0,1,0,0,0,0,1,0,0,1,0,0.5373752322047313,0.7683114565692282,0.9827338781571158,-1.2035832660276367,-0.10876136490701498
CUST-12120,1,0.0,2,1,1,0,0,0,1,1,0,1,0,1,0,0,0,0,0,0,-0.6622034501787925,1.6704464239764916,0.2605173417488749,-1.2051725109823233,-0.08344204971144488
CUST-12121,0,1.0,4,2,0,0,1,1,1,1,0,0,0,0,1,0,0,1,0,0,-0.4510713653102741,-1.6818491006379361,-0.8721865181523865,-1.20676175593701,-0.09397761726445068
CUST-12122,0,0.0,1,2,1,0,0,0,1,0,0,1,0,1,0,0,1,1,0,0,-0.09172368565955101,1.1072720393289608,0.7119908565501805,-1.2083510008916967,-0.10244674498294795
CUST-12123,1,0.0,4,2,1,1,0,0,1,0,1,0,0,0,1,0,0,0,0,1,2.428220944763088,1.5954738340202892,1.3255542775031666,-1.2099402458463835,-0.11084101354950805
CUST-12124,1,1.0,4,3,0,1,1,0,1,0,1,0,0,1,1,0,0,0,0,0,-0.7011701975159148,0.009011592468194447,-0.041929437359801494,-1.213118735755757,-0.08816883377461862
CUST-12125,0,0.0,4,3,0,0,0,0,0,1,1,0,0,0,0,1,0,0,0,1,1.9062747150780635,-0.7533153339503195,0.9099623999309119,-1.213118735755757,-0.11352661677160014
CUST-12126,0,0.0,4,1,0,0,1,0,0,1,1,0,1,0,0,0,1,0,0,0,-0.8009399892702469,-1.254892520277027,-0.9737230212909911,-1.3720432312244284,-0.07062666472196279
CUST-12127,0,0.0,3,3,1,1,1,0,1,0,0,0,1,0,0,0,0,0,0,1,2.428220944763088,1.9083876014900736,1.3255542775031666,-1.2147079807104435,-0.1101455970673047
CUST-12128,0,0.0,3,2,0,1,1,1,1,1,0,0,1,0,0,0,1,0,1,0,0.15552341566833291,-0.9937203993967344,0.15499874911452158,-1.2162972256651303,-0.10577808279741256
CUST-12129,1,0.0,1,2,1,1,1,0,1,1,1,0,0,0,0,0,0,1,0,0,-0.42962207735892793,1.5644992428646751,0.5210841243810115,-1.2178864706198171,-0.09461868864680043
CUST-12130,1,0.0,2,4,0,1,1,1,1,0,0,0,0,0,0,0,0,1,0,0,-0.03576407498159596,0.3744413713063613,0.5644604810793137,-1.2194757155745037,-0.10322072834032167
CUST-12131,1,0.0,4,3,1,1,0,0,1,0,0,1,0,0,0,1,0,0,0,0,-0.7957059461416159,1.9083876014900736,0.07586053765396727,-1.2210649605291906,-0.0707409446903943
CUST-12132,1,1.0,3,2,0,0,0,1,1,1,0,0,0,1,0,0,1,0,0,0,-0.792988331674516,-0.37422857628445033,-0.5080147549116611,-1.2226542054838772,-0.07109844343087343
CUST-12133,1,0.0,3,3,0,0,1,0,1,1,1,0,1,0,0,1,0,0,0,0,-1.0333076898612517,-1.6818491006379361,-2.1159523349939287,-1.224243450438564,0.012262713692545127
CUST-12134,1,0.0,4,2,0,0,0,1,1,0,0,1,1,0,0,1,0,0,0,0,-1.0326351906404736,-0.0008439592631368844,-1.1922102741796743,-1.2258326953932506,0.022850854154325268
CUST-12135,0,0.0,4,2,0,1,0,1,1,1,0,0,0,0,0,0,1,0,0,0,-0.6646443746485856,-1.6075804786625432,-1.0108999977878603,-1.2274219403479374,-0.08525033042436066
CUST-12136,1,0.0,3,3,1,1,0,1,1,1,0,1,0,0,0,0,0,0,1,0,0.5517781231229965,1.9083876014900736,1.228032598033332,-1.2274219403479374,-0.10885713596632109
CUST-12137,1,0.0,4,2,0,0,0,1,1,1,1,0,0,0,0,1,0,1,0,0,-0.05249798542338532,0.6264619084361313,0.6320205031526602,-1.229011185302624,-0.1032133211876345
CUST-12138,1,1.0,4,2,1,1,0,0,1,1,1,0,0,0,1,0,0,0,0,0,-1.0480932127281348,0.7834467681566308,-1.0149282341700872,-1.2306004302573108,0.031351808027815266
CUST-12139,0,1.0,1,3,1,0,1,1,1,0,1,0,0,1,0,0,1,0,1,0,1.120460288639953,0.7841507361374401,1.2061526386142465,-1.2321896752119974,-0.11146920979030514
CUST-12140,0,1.0,3,2,0,0,1,0,1,1,1,0,0,0,1,0,0,1,0,0,-0.07257886557109795,-0.10883264751930087,0.13260190662511365,-1.2337789201666842,-0.0958809301076111
CUST-12141,0,0.0,2,2,0,0,1,0,1,0,1,0,1,0,0,0,1,0,0,1,2.428220944763088,0.22738246011527485,1.262773028577998,-1.2353681651213708,-0.11339359926774911
CUST-12142,0,0.0,5,4,0,0,0,0,0,1,1,0,0,1,0,1,0,0,1,0,0.15523827936502874,0.07842283537600293,0.5931145601256596,-1.2369574100760576,-0.10555422102050335
CUST-12143,1,0.0,3,2,1,1,1,1,1,1,0,0,0,1,1,0,0,0,0,0,-0.9466954452405857,1.9083876014900736,-0.2872756312553187,-1.2385466550307442,-0.04076481821177675
CUST-12144,1,1.0,3,3,0,0,1,0,1,0,0,0,0,1,0,0,0,1,0,0,-0.40638203153558944,-1.259820296142693,-0.4415944339872951,-1.2385466550307442,-0.09540368313240126
CUST-12145,0,1.0,4,2,0,0,0,0,1,1,0,1,0,0,0,0,1,0,1,0,0.07867849677419979,-0.8075208684726443,0.201862376813215,-1.240135899985431,-0.1047809221504686
CUST-12146,1,0.0,4,2,0,0,0,0,1,0,0,1,1,0,0,0,1,0,0,0,-1.1437411920751757,-0.4213944309986809,-2.4873725948182033,-1.2417251449401177,0.5235083942868664
CUST-12147,0,0.0,4,2,0,1,1,0,0,1,1,0,0,0,0,1,0,0,0,0,-1.1601496039879022,-0.7494435100558677,-2.816407279572861,-1.2433143898948045,0.7010231432220665
CUST-12148,1,0.0,2,3,0,0,1,0,1,1,1,0,0,0,0,0,1,0,0,0,-1.0116205277810202,-1.578717791449357,-1.8441122829012893,-1.244903634849491,-0.012457715882616086
CUST-12149,1,0.0,1,2,0,0,0,1,1,1,1,0,1,0,0,1,0,0,0,0,-0.8297029658368434,-1.6818491006379361,-1.4904600272352801,-1.246492879804178,-0.06177353074617732
CUST-12150,1,0.0,2,2,0,1,0,1,1,1,1,0,0,1,0,0,1,1,0,0,-0.5034119105435118,-1.6818491006379361,-0.9565451641337124,-1.2480821247588647,-0.09097012348240327
CUST-12151,1,1.0,4,1,1,1,1,1,1,1,1,0,0,0,1,0,0,1,0,0,-0.37477031158764346,1.1224073509163632,0.494097161157122,-1.1590844072964086,-0.0966575829931267
CUST-12152,1,0.0,3,1,0,0,1,1,0,0,1,0,0,0,1,0,0,0,0,0,-0.9996520599995525,-0.04688346520807279,-1.0441064479883055,-1.2496713697135513,-0.004743543010841582
CUST-12153,1,1.0,1,3,1,0,0,1,1,0,0,0,1,0,0,1,0,0,1,0,0.16698142825738982,0.8443399984966448,0.8162350536242979,-1.2512606146682381,-0.10578545293852797
CUST-12154,0,0.0,4,1,0,1,1,0,1,0,1,0,0,0,1,0,0,1,0,0,-0.08824695342894708,-0.6533518806753829,0.17007123543327599,-1.2528498596229247,-0.10257643636023657
CUST-12155,1,0.0,2,3,0,1,0,0,1,1,0,1,1,0,0,0,1,0,0,0,-0.7589041374621692,-0.14191914261734373,-0.32881512539489655,-1.2544391045776115,-0.07671737105508834
CUST-12156,1,1.0,3,3,1,1,0,1,1,1,1,0,0,0,0,1,0,0,0,0,-1.1616745245522893,1.6651666641204215,-2.417695382750715,-1.2560283495322981,1.1132570201166463
CUST-12157,1,0.0,4,3,1,1,0,1,1,1,0,1,0,0,1,0,0,0,0,0,-1.0810417030982307,1.6014575618571694,-1.0330191261966937,-1.257617594486985,0.07578609626499751
CUST-12158,0,0.0,4,2,1,0,1,0,1,0,0,0,1,0,0,0,1,0,0,0,-0.5806492672081467,0.9566228914357461,0.2337893354808878,-1.2592068394416716,-0.08884240913042386
CUST-12159,1,1.0,3,2,0,0,0,0,1,1,0,0,0,1,0,1,0,0,0,0,-0.9772037604486334,0.1755704167277017,-0.8239447264449872,-1.2607960843963584,-0.025252752621859147
CUST-12160,1,0.0,3,2,0,0,0,0,1,1,0,1,1,0,0,1,0,0,0,0,-0.6096921632889455,0.5088992556409591,0.06756624312127518,-1.2607960843963584,-0.08654836611644355
CUST-12161,1,0.0,3,3,0,0,1,1,1,1,1,0,0,1,0,0,1,1,0,0,0.01113449624245678,0.35332233188207857,0.5974321904375395,-1.262385329351045,-0.10403749485654977
CUST-12162,0,0.0,2,3,0,1,0,1,1,1,1,0,0,0,0,1,0,1,0,0,-0.225645655833088,-0.21442784464071343,0.24988197349949393,-1.2639745743057318,-0.10024013633497912
CUST-12163,1,1.0,3,3,0,0,0,1,1,1,0,0,0,1,1,0,0,0,0,0,-0.8621737366143,-0.4650404458088646,-0.67348580194239,-1.2655638192604184,-0.06210437189759617
CUST-12164,1,1.0,5,3,1,0,0,0,1,1,1,0,0,0,0,0,1,0,0,0,-0.6717171192664944,1.1470462302446929,0.13776446636325315,-1.6898922221617712,-0.08267146032348781
CUST-12165,0,1.0,3,3,0,1,1,0,1,1,1,0,0,1,0,0,1,1,0,0,-0.03376997831635277,-1.406245636151051,-0.25114104678065596,-1.2687423091697918,-0.1033668764136395
CUST-12166,0,0.0,1,2,1,0,0,1,0,1,0,0,0,0,0,1,0,0,1,0,0.1303971747033947,1.5324686997378465,1.3255542775031666,-1.2703315541244786,-0.11098103554086285
CUST-12167,1,1.0,3,1,0,1,1,1,1,0,1,0,0,0,1,0,0,0,1,0,0.5038678027737156,-0.32882264152224316,0.6332439223247293,-1.2719207990791652,-0.10853024834210759
CUST-12168,0,0.0,4,3,0,0,1,0,1,0,1,0,0,0,0,0,1,1,0,0,-0.20917078079407594,-1.4256047556233096,-0.3905723031654613,-1.2719207990791652,-0.10051685360786382
CUST-12169,0,0.0,3,4,0,1,1,0,1,0,0,0,1,0,0,0,1,0,0,0,-0.6373930293936276,-0.6142816577404604,-0.3217436334143927,-1.273510044033852,-0.0863333912022713
CUST-12170,1,0.0,3,1,0,0,0,0,1,1,1,0,0,0,1,0,0,0,0,0,-0.6321821119060786,-0.9613378722795013,-0.4906847343121324,-1.2750992889885389,-0.08651070020575627
CUST-12171,0,0.0,2,2,0,1,0,0,1,1,1,0,0,0,0,1,0,0,0,1,1.364828502284581,-0.645960216876884,0.8185725770423284,-1.2766885339432255,-0.11229162448402777
CUST-12172,1,1.0,1,1,0,1,1,0,0,0,0,0,0,0,0,0,1,0,0,0,-1.130081808737991,-0.6653193363491428,-1.9167854338877324,-1.2782777788979123,0.14442417182320955
CUST-12173,0,0.0,3,4,0,0,0,1,1,1,1,0,0,0,0,0,0,0,0,1,2.428220944763088,-0.7072054312073031,1.0523270121861588,-1.2798670238525989,-0.11440785044995588
CUST-12174,0,0.0,2,2,0,1,1,0,1,1,0,0,0,0,0,0,1,0,1,0,0.13424553149789792,-0.3633170725819043,0.42691074428944364,-1.2814562688072857,-0.10533990420345739
CUST-12175,0,0.0,5,2,0,0,0,0,1,0,0,0,0,0,0,1,0,0,1,0,0.19583600735320075,-0.10636875958646841,0.5570891666090705,-1.2830455137619723,-0.10600557608792675
CUST-12176,1,0.0,4,0,1,1,1,1,0,0,1,0,1,0,0,1,0,0,0,0,-1.1316395255002685,0.7686634405596331,-1.7161143565794073,-1.2830455137619723,0.2590883763320878
CUST-12177,1,0.0,4,2,0,0,0,1,1,0,1,0,1,0,0,1,0,1,0,0,-0.059962743094416474,-0.2967920983954147,0.3247189399843145,-1.284634758716659,-0.10273863137256112
CUST-12178,0,0.0,1,2,0,0,1,0,1,1,0,1,0,1,0,1,0,0,0,0,-0.6454720404680337,0.3061564771678482,1.3255542775031666,-1.2862240036713457,-0.11370637977482968
CUST-12179,1,0.0,4,4,0,0,0,0,1,0,0,0,0,0,0,0,1,0,0,0,-1.0438065550227718,-0.029988233668646717,-1.1387618376065618,-1.2878132486260325,0.01148850289860952
CUST-12180,1,0.0,4,2,0,1,1,0,1,0,1,0,0,0,0,1,0,0,0,0,-0.7867644012919734,0.5328341669884794,-0.19585463906987768,-1.2894024935807191,-0.07245028715640409
CUST-12181,0,0.0,3,2,0,1,1,1,1,1,0,0,0,0,1,0,0,0,0,1,1.47869330081872,0.011193893208703546,1.0981665676851466,-1.290991738535406,-0.11255357129982592
CUST-12182,1,1.0,4,1,0,1,0,0,1,1,1,0,0,1,0,0,1,1,0,0,-0.2183191458918044,-0.7209328068330866,0.048794393116234486,-1.2925809834900925,-0.10044432623676515
CUST-12183,1,0.0,5,2,0,1,0,0,1,0,1,0,0,0,0,0,1,1,0,0,-0.5369370899033162,-1.0077997590129226,-0.42668839561615923,-1.2941702284447794,-0.0902248905827424
CUST-12184,1,1.0,4,3,0,0,1,0,1,1,1,0,0,1,0,0,0,0,0,0,-1.0874964425087392,0.184018032497415,-1.339023256668992,-1.6485718533399167,0.06707288837236396
CUST-12185,0,0.0,3,2,1,0,1,0,1,1,0,0,1,0,0,0,0,0,1,0,0.32710109771062945,1.3064949778980253,1.0049302395575448,-1.295759473399466,-0.1072465316647278
CUST-12186,0,0.0,2,3,0,0,0,1,1,1,0,1,0,0,0,0,0,0,1,0,0.28061723348553896,-0.27989686685598886,0.5458310548233772,-1.2973487183541528,-0.10688170516747272
CUST-12187,0,0.0,3,3,0,0,1,1,1,1,1,0,0,0,0,1,0,1,0,0,-0.03373132995106957,-0.7783061972690537,0.14417243050397172,-1.2989379633088394,-0.10330629542513714
CUST-12188,0,0.0,2,3,0,0,0,0,1,0,1,0,1,0,1,0,0,0,1,0,0.0891801518799409,-0.3087595540691749,0.4257301410619247,-1.3005272082635262,-0.10492051235197651
CUST-12189,0,0.0,4,3,0,0,0,0,1,1,0,0,0,0,0,1,0,1,0,0,-0.49445337182681875,-0.6308249052894815,-0.16469167384040523,-1.2544391045776115,-0.09280715537197376
CUST-12190,1,0.0,1,2,0,1,0,0,0,1,1,0,1,0,0,1,0,1,0,0,-0.09675068009696466,0.28545981853205116,0.11901238938481744,-1.3037056981728996,-0.09115048023347024
CUST-12191,0,0.0,4,1,0,1,0,0,0,1,1,0,1,0,0,1,0,0,0,0,-0.8586981713197744,-1.5625265278907405,-1.4457720182501481,-1.3052949431275864,-0.05482410894712467
CUST-12192,0,0.0,2,3,0,0,0,0,1,0,1,0,0,1,1,0,0,0,0,1,2.2294085943791093,-0.2960881304146054,1.1805795049362149,-1.3052949431275864,-0.11409917773630744
CUST-12193,1,0.0,3,2,0,0,1,0,1,1,0,0,0,0,0,0,0,1,0,0,-0.10990949798842653,0.21076881576817239,0.4777915764254701,-1.4006496404087891,-0.10235813132112091
CUST-12194,1,0.0,4,3,0,1,0,0,1,1,0,0,0,0,1,0,0,0,0,0,-0.7300578260196199,-1.1806238983016335,-0.7933911003034722,-1.3084734330369598,-0.07827879544458771
CUST-12195,1,0.0,3,2,0,1,0,0,1,1,0,0,0,0,0,0,0,1,0,0,-0.4602226761768614,-0.9655616801643577,-0.30436193555787716,-1.3100626779916464,-0.09378597371720382
CUST-12196,1,0.0,3,2,0,0,1,1,1,1,0,0,0,0,0,1,0,0,1,0,0.7912307716336515,-1.0391263341589416,0.40890995499555405,-1.3116519229463333,-0.11003039411006105
CUST-12197,1,0.0,3,3,0,0,0,0,1,0,1,0,0,1,0,1,0,0,0,0,-0.9662960895675974,-1.5023372655315357,-1.52986992343757,-1.3132411679010199,-0.04145374799060714
CUST-12198,1,0.0,3,1,0,0,1,0,1,1,1,0,0,0,0,0,1,0,0,0,-0.7616756563885079,-1.0472219659382498,-0.7688039786420638,-1.3148304128557067,-0.07490024861219226
CUST-12199,0,0.0,4,3,0,1,1,0,0,1,1,0,0,1,0,1,0,0,1,0,0.1897076095614697,-0.24716235574835116,0.5115477727485135,-1.3164196578103933,-0.10608369004443345
CUST-12200,1,0.0,4,0,0,1,1,0,0,0,1,0,0,0,0,1,0,0,0,0,-0.7225354034015148,-1.455171410817305,-0.9612096191206361,-1.3164196578103933,-0.08051180416678021
CUST-12201,0,0.0,4,3,0,1,1,1,1,1,1,0,0,1,1,0,0,0,1,0,0.7123201713267426,0.20196921600805473,0.772123671672881,-1.31800890276508,-0.1079241019733335
CUST-12202,0,0.0,2,3,0,1,0,0,1,1,1,0,0,0,1,0,0,0,0,0,-1.0101691124124785,-0.7807700852018866,-1.2827345949392162,-1.3195981477197667,-0.01315516430614335
CUST-12203,0,0.0,4,3,0,1,1,0,1,1,1,0,0,0,0,0,1,0,1,0,0.5509201687475357,-0.27553226537497066,1.279503529422592,-1.3211873926744535,-0.11471523883719796
CUST-12204,1,0.0,1,2,0,0,1,0,0,1,0,1,0,0,1,0,0,0,0,0,-1.0930972114557354,0.3603620116901728,-1.3500350456093135,-1.32277663762914,0.08316111069803617
CUST-12205,1,0.0,2,3,0,0,1,1,1,1,0,1,0,1,0,0,0,0,0,0,-1.1629746021837262,-0.7138931270249924,-3.1172451525454274,-1.324365882583827,1.12835666788919
CUST-12206,0,1.0,3,4,0,1,1,1,1,1,1,0,0,0,0,1,0,0,1,0,0.08645389055385373,-0.5343812919185918,0.3337308665092559,-1.3259551275385135,-0.10489032248908628
CUST-12207,1,0.0,3,3,1,0,1,0,1,1,0,0,0,0,0,0,1,1,0,0,-0.13150959194073225,1.3325417931879733,0.7312356044787901,-1.3275443724932003,-0.1017786174389935
CUST-12208,1,1.0,1,2,0,1,1,0,1,1,0,1,0,0,0,1,0,0,0,0,-0.6569625536457839,-1.0095596789649461,-0.5865644434206977,-1.3275443724932003,-0.08339383469715074
CUST-12209,1,0.0,1,2,1,0,0,0,0,0,0,0,0,1,0,1,0,0,0,0,-0.8599533055346003,1.615536921473358,-0.1007813338300442,-1.3291336174478872,-0.06221083640176784
CUST-12210,1,0.0,4,4,0,0,1,1,1,1,0,0,1,0,0,1,0,1,0,0,-0.024846011509081868,-0.40520316744006435,0.3187605724410279,-1.3307228624025738,-0.10351517355322754
CUST-12211,0,0.0,3,4,0,0,1,0,1,1,0,0,0,0,1,0,0,1,0,0,-0.3231055933000059,-1.237645304747196,-0.3592425753085177,-1.3323121073572606,-0.09743242293262416
CUST-12212,1,0.0,1,1,0,1,1,1,0,0,0,0,0,1,0,0,1,0,0,1,2.428220944763088,-0.6230812575005781,1.0884610970091395,-1.3339013523119472,-0.11439076137118287
CUST-12213,0,1.0,3,0,0,0,0,1,0,1,0,1,0,0,1,0,0,0,0,1,2.428220944763088,0.03442483657541458,1.3255542775031666,-1.3370798422213206,-0.11431027350290729
CUST-12214,1,0.0,3,2,1,0,1,0,1,0,1,0,0,1,0,1,0,0,1,0,0.03346168021237803,1.2867838744353615,0.8321749278297502,-1.3370798422213206,-0.1041865616337806
CUST-12215,1,0.0,3,4,0,1,0,0,1,1,1,0,0,1,0,1,0,1,0,0,-0.475006032104838,0.43357468169435176,0.21791755036534377,-1.3386690871760074,-0.0932028980798601
CUST-12216,0,0.0,5,1,0,0,0,1,1,1,0,0,0,1,1,0,0,1,0,0,-0.36605978832109437,0.02949706070974866,0.2125411287346947,-1.3386690871760074,-0.09691329379901621
CUST-12217,1,0.0,3,3,1,1,0,1,1,1,1,0,0,0,0,0,1,0,1,0,0.20090376464829798,1.2924156182818367,0.9356614233236707,-1.3418475770853808,-0.10612354364359695
CUST-12218,1,0.0,3,2,0,0,1,1,1,1,0,0,0,1,1,0,0,0,0,0,-1.0494454307086096,-1.6818491006379361,-1.991418705884706,-1.3418475770853808,-0.007700229116969421
CUST-12219,1,1.0,1,3,0,1,0,0,1,0,0,1,0,0,0,1,0,0,0,0,-0.6997305903496748,0.22520015937476576,-0.13671976509831626,-1.3434368220400674,-0.08068657105929553
CUST-12220,1,0.0,1,2,0,0,1,0,1,1,1,0,0,0,1,0,0,0,0,0,-1.0841340464019216,0.28926124562842215,-1.342531823198445,-1.3450260669947542,0.07583219687661863
CUST-12221,1,0.0,4,4,0,0,1,0,1,0,0,0,0,0,0,0,1,0,0,0,-1.0866164017767357,0.30193266928299156,-1.3878450667212987,-1.3466153119494408,0.08887293357033246
CUST-12222,0,0.0,4,0,0,1,1,0,0,0,1,0,1,0,0,1,0,0,0,0,-0.9161944129469927,0.581337560866248,-1.6456394818589188,-1.3482045569041277,0.204525535661581
CUST-12223,1,0.0,3,4,0,1,1,0,1,1,1,0,0,0,0,0,0,1,0,0,-0.3798892422018178,-1.111987020172716,-0.3115116945441658,-1.3497938018588143,-0.09636134685906483
CUST-12224,0,0.0,2,1,0,1,0,1,0,0,1,0,1,0,1,0,0,0,1,0,0.6683651103841515,-0.21372387665990392,0.7413241851036804,-1.351383046813501,-0.10943919388957081
CUST-12225,0,0.0,4,2,1,0,1,0,1,1,1,0,0,0,0,1,0,1,0,0,-0.3793224534044502,1.1389505984653845,0.4885815896351975,-1.3052949431275864,-0.09637969012935896
CUST-12226,1,1.0,2,3,1,1,0,0,1,0,1,0,0,0,0,1,0,0,0,0,-0.6869106847951435,1.9083876014900736,0.27402710224706917,-1.3529722917681877,-0.08196300478195079
CUST-12227,0,1.0,3,3,0,0,1,1,1,0,1,0,0,0,0,0,0,0,0,0,-1.0748936712365755,-0.7395879583245358,-1.6756800914146253,-1.3545615367228745,0.06387949158409625
CUST-12228,0,1.0,4,3,0,1,1,1,1,1,1,0,1,0,0,0,1,1,0,0,-0.2174984714075171,-1.4213809477384531,-0.38986354670333195,-1.4499162340040774,-0.10044444092649998
CUST-12229,1,0.0,4,2,1,1,1,1,1,1,0,0,0,0,0,1,0,0,0,0,-0.7977905571048611,0.8232209590723625,-0.13464914242387008,-1.357740026632248,-0.07167373895712023
CUST-12230,1,0.0,4,2,1,0,1,1,0,1,1,0,0,1,0,0,1,1,0,0,-0.030954252150389248,1.9083876014900736,0.9150326513079462,-1.3593292715869347,-0.10340122460415607
CUST-12231,0,0.0,4,3,1,1,1,0,1,1,1,0,0,1,0,1,0,0,0,1,2.428220944763088,1.130854966686076,1.3255542775031666,-1.3609185165416213,-0.11187357795502935
CUST-12232,1,1.0,2,0,0,1,1,0,0,1,0,0,0,0,0,0,1,0,0,0,-1.0363419103819955,-0.8286399078969268,-1.4561618763763957,-1.3625077614963081,0.01001384349847681
CUST-12233,1,1.0,4,3,1,0,0,0,1,0,0,0,0,1,1,0,0,1,0,0,0.0009735093911459537,1.9083876014900736,0.9350800017758527,-1.3625077614963081,-0.10382215893329068
CUST-12234,1,0.0,4,1,0,0,1,0,0,1,0,0,0,0,0,0,0,1,0,0,-0.4079546231676936,0.6870031547857408,0.35873816211331105,-1.3640970064509947,-0.09564995456390007
CUST-12235,0,0.0,3,2,0,0,0,0,1,1,1,0,0,0,0,0,1,0,0,1,2.428220944763088,-0.8733418746783246,0.9667438996637358,-1.3656862514056816,-0.11438814740439646
CUST-12236,1,0.0,3,3,1,1,0,0,1,1,1,0,1,0,0,1,0,0,1,0,0.5980488066835357,1.9083876014900736,1.2452409628309478,-1.3672754963603682,-0.10909669984863649
CUST-12237,0,0.0,5,2,0,1,0,1,1,1,0,0,1,0,0,1,0,0,0,1,1.5687269621117697,-0.95676208040424,0.7212849054470313,-1.368864741315055,-0.11283286555248764
CUST-12238,1,0.0,3,2,0,1,0,0,1,1,1,0,0,0,0,1,0,0,0,0,-0.6900935493414192,-0.693830039571924,-0.4753951900164275,-1.3704539862697416,-0.08077649052370585
CUST-12239,1,0.0,1,2,1,1,1,0,0,1,1,0,0,0,0,1,0,0,0,1,2.428220944763088,0.8686268938345699,1.3255542775031666,-1.3720432312244284,-0.1124563510475395
CUST-12240,1,1.0,3,4,0,0,0,1,1,1,0,0,1,0,0,0,0,0,0,0,-1.0477606128740589,-0.06448266472830813,-1.1716366795766298,-1.373632476179115,0.015229260153964277
CUST-12241,0,0.0,2,2,0,1,0,1,1,1,0,1,0,0,1,0,0,0,0,0,-1.1127791049799514,0.0009863574869673271,-1.7015550683777858,-1.373632476179115,0.15943503521074662
CUST-12242,0,0.0,4,1,0,0,1,0,1,0,1,0,0,0,0,1,0,0,1,0,1.1481622619371674,0.0027462774389907614,0.9983960587658163,-1.3768109660884884,-0.1116009584333913
CUST-12243,0,0.0,2,3,1,1,0,0,1,0,0,1,1,0,0,1,0,0,0,1,1.9725254535436598,1.1385986144749796,1.3255542775031666,-1.3784002110431752,-0.11185636854827066
CUST-12244,1,0.0,1,4,0,0,1,1,1,1,0,0,0,0,1,0,0,0,0,0,-1.0640603731325136,-0.39703713886267544,-1.3189352052852348,-1.3784002110431752,0.019947101690457523
CUST-12245,1,0.0,4,2,0,0,1,0,1,0,0,0,0,1,0,0,1,0,0,0,-0.6545982959165944,0.26251046235766423,-0.05408804994545341,-1.3799894559978618,-0.08418605555790108
CUST-12246,1,0.0,3,2,0,1,0,0,1,1,0,0,1,0,0,1,0,0,0,0,-1.1376522606471366,-0.3446619210904548,-2.071798336718262,-1.3815787009525486,0.26723184563843055
CUST-12247,1,0.0,1,2,0,0,0,0,1,0,1,0,0,0,0,0,0,0,0,0,-1.0455144687862665,-0.8325117317913785,-1.6209500617059274,-1.3831679459072352,0.04104433311130402
CUST-12248,0,0.0,3,3,0,0,1,1,1,1,0,1,0,0,0,1,0,0,0,0,-0.8957193741578583,-0.8353276037146163,-0.9510048032437352,-1.384757190861922,-0.053293352658894164
CUST-12249,0,1.0,4,2,0,1,0,1,1,0,0,0,0,0,0,1,0,0,0,1,2.428220944763088,-1.6818491006379361,0.3437240421008397,-1.384757190861922,-0.11439205089934613
CUST-12250,1,0.0,4,2,0,1,0,0,1,0,1,0,0,1,0,1,0,0,1,0,0.1467927136373654,0.3528999510935934,0.6753579280817397,-1.3863464358166089,-0.10555314196564308
CUST-12251,0,0.0,5,0,1,1,0,1,0,0,0,0,0,0,0,1,0,0,1,0,0.6341088102586793,1.324446161408665,1.1491007458949902,-1.3879356807712955,-0.10932367370798506
CUST-12252,0,0.0,3,4,1,0,1,0,1,0,0,1,0,0,0,0,1,0,1,0,0.621077153818946,0.8404681746021929,1.0342347326751582,-1.3895249257259823,-0.10923321880235332
CUST-12253,1,0.0,3,4,0,0,0,0,1,0,0,1,1,0,0,0,1,1,0,0,-0.25751558768653,-0.2401226759402569,0.20945946465198603,-1.391114170680669,-0.09943253679418072
CUST-12254,0,0.0,3,3,0,0,1,1,1,1,1,0,0,1,0,0,1,0,1,0,0.7415670164367536,-1.5283840808214841,0.03245441247804487,-1.3927034156353557,-0.10990537894401968
CUST-12255,0,0.0,2,2,0,0,0,1,1,0,0,0,0,1,1,0,0,1,0,0,-0.08923041097552406,-0.5944718680179898,0.6489008614942513,-1.3942926605900423,-0.11019628292126772
CUST-12256,1,0.0,2,2,1,0,1,1,1,1,1,0,0,0,0,0,0,0,0,0,-0.7241905587042896,1.3452132168425428,0.08923211294238002,-1.1638521421604688,-0.07798570875873972
CUST-12257,1,1.0,4,2,1,1,1,0,1,1,0,0,0,0,1,0,0,1,0,0,-0.18823579851710312,1.0541224567778502,0.6319884918429748,-1.3958819055447291,-0.10084021107311605
CUST-12258,0,0.0,3,3,0,1,0,1,1,1,0,0,1,0,0,0,1,1,0,0,-0.2615557788422457,-1.0609493415640332,-0.17758302681082866,-1.3974711504994157,-0.09928962464692453
CUST-12259,0,0.0,5,3,0,1,1,0,1,0,1,0,0,1,0,1,0,0,1,0,0.9065100772696105,-0.9514823205481695,0.5102740369630556,-1.3990603954541025,-0.1106486216815593
CUST-12260,0,0.0,4,4,1,0,1,1,1,1,1,0,0,0,0,1,0,0,0,1,2.428220944763088,1.7105725988826284,1.3255542775031666,-1.306884188082273,-0.110585219185413
CUST-12261,0,0.0,1,4,0,0,1,1,1,0,0,1,0,0,0,0,0,1,0,0,-0.5417925633500661,-1.3150817826362315,-0.6247388173776456,-1.402238885363476,-0.09041941025811047
CUST-12262,1,1.0,2,2,0,1,0,0,1,0,1,0,0,0,1,0,0,0,1,0,0.5544942509713625,0.46701316078279903,0.9057807884972531,-0.06409463351726227,-0.10877557476919118
CUST-12263,1,0.0,2,3,0,1,1,1,1,1,1,0,0,0,0,1,0,0,0,0,-1.0518669318421408,-1.6818491006379361,-2.1498602962766413,-1.4054173752728494,0.01829060120043225
CUST-12264,0,0.0,3,1,0,0,0,0,1,1,1,0,1,0,1,0,0,0,1,0,0.6247988014793932,-0.35522144080259616,0.6732111454622399,-1.407006620227536,-0.10923389113827892
CUST-12265,0,0.0,5,2,0,0,1,1,1,0,1,0,0,0,0,0,1,0,0,0,-0.6200692877414008,0.5796480377123053,0.07770808120613963,-1.407006620227536,-0.08617136132795886
CUST-12266,1,0.0,1,0,0,0,1,0,0,0,1,0,0,0,0,1,0,0,0,0,-1.1298983784391752,-0.06976242458437892,-2.0107615884327465,-1.4085958651822228,0.28709335483698406
CUST-12267,1,0.0,3,2,0,0,1,0,1,1,0,1,0,0,0,0,0,0,0,0,-0.6355948424190536,0.515234967468244,0.051948321628048987,-1.4101851101369094,-0.08578635696411621
CUST-12268,0,1.0,5,1,0,1,0,0,1,1,0,0,0,0,0,0,1,1,0,0,-0.04427762294574568,-1.3330329661468718,-0.2128317719732299,-1.4117743550915962,-0.10292575586721055
CUST-12269,0,0.0,5,2,0,0,1,1,1,1,0,0,0,0,0,1,0,0,0,0,-1.0255587109153415,-0.9039644818435341,-1.470792395198157,-1.413363600046283,0.0058468263373379235
CUST-12270,0,0.0,4,2,0,1,1,0,0,1,1,0,0,0,0,0,1,0,0,1,1.920286431212477,0.4705330006868464,1.3255542775031666,-1.4149528450009696,-0.11334107100408844
CUST-12271,0,0.0,4,1,1,1,1,0,0,1,0,0,0,0,1,0,0,0,0,0,-1.0810097734256292,0.6979146584882868,-1.1466598243770463,-1.4165420899556564,0.05502720268847001
CUST-12272,0,0.0,3,1,0,0,0,1,1,1,1,0,0,0,0,0,0,0,0,1,2.018718101641257,0.1942255682191512,1.2987463741153285,-1.418131334910343,-0.11375440394158769
CUST-12273,1,1.0,2,2,1,0,1,0,1,1,1,0,1,0,0,1,0,0,1,0,0.2980857413318437,0.961902651291817,0.9154870631309404,-1.418131334910343,-0.10702348422170871
CUST-12274,1,0.0,1,1,0,1,1,0,1,0,1,0,0,1,1,0,0,0,0,0,-0.6972937560368558,-1.6818491006379361,-1.1283711558988487,-1.4197205798650299,-0.08370505275674436
CUST-12275,1,1.0,3,1,0,0,0,0,1,1,1,0,0,0,0,1,0,0,0,0,-0.5825142143576102,0.3746525617006041,-0.23754426382067953,-1.4213098248197165,-0.07255154873925618
CUST-12276,1,0.0,3,4,1,0,1,0,1,1,0,0,0,0,0,1,0,0,1,0,0.4449147020748401,1.8865645940849818,1.1724524737192255,-1.4228990697744033,-0.10810452544605022
CUST-12277,1,0.0,3,2,1,0,1,0,1,0,1,0,0,0,0,0,1,1,0,0,-0.07226678206595256,1.3170544976101664,0.7649148089783835,-0.6680077162982138,-0.10262208608592144
CUST-12278,1,0.0,1,2,0,0,0,0,1,0,0,0,1,0,1,0,0,1,0,0,-0.15684839352558158,0.6310377003113923,0.5532601738856971,-1.4260775596837767,-0.10139877330356573
CUST-12279,0,0.0,2,2,0,1,0,0,1,1,1,0,1,0,0,0,1,0,0,0,-0.5856390410599833,-0.41907133666201,-0.1154160631374744,-1.4276668046384633,-0.09134081138884648
CUST-12280,1,0.0,2,1,0,1,0,0,1,0,1,0,0,0,0,0,0,1,0,0,-0.37389515010832325,0.35008407917035533,0.47248660145536997,-1.4292560495931501,-0.10128375241539761
CUST-12281,1,0.0,3,2,0,1,1,0,1,0,1,0,0,1,1,0,0,0,1,0,0.5532675739657446,0.4149195302029023,0.8955483280391907,-1.4292560495931501,-0.10883354950780086
CUST-12282,0,0.0,4,4,0,0,1,0,1,0,0,0,0,1,1,0,0,0,0,0,-0.8888525295365503,-1.6403149897701808,-1.6473359502407052,-1.4308452945478367,-0.043839861301734465
CUST-12283,1,0.0,1,2,1,1,0,1,1,1,1,0,0,0,0,1,0,1,0,0,-0.5278039502354076,1.013292313890904,0.2981172064816069,-1.4324345395025235,-0.09085055477029347
CUST-12284,0,0.0,2,2,0,1,1,0,1,0,1,0,0,1,1,0,0,0,0,0,-0.7633955130499711,-0.9525382725193836,-0.6697118223159066,-1.4340237844572101,-0.07744431660633593
CUST-12285,1,0.0,5,3,1,1,0,0,1,1,0,0,0,0,1,0,0,0,1,0,0.5632692473037909,0.7640876486843715,0.9910104937985849,-1.435613029411897,-0.10889289838068007
CUST-12286,0,0.0,1,1,0,1,0,1,1,0,1,0,1,0,0,1,0,0,1,0,0.5576583446045819,-1.6818491006379361,-0.22006036232738568,-1.4372022743665835,-0.10871972840877256
CUST-12287,1,1.0,2,3,1,1,1,1,1,1,1,0,0,0,0,0,1,0,0,0,-0.7623387280150475,1.6503833365234237,0.09624834459777544,-1.4387915193212704,-0.07493673681063506
CUST-12288,1,0.0,3,2,0,0,1,0,1,1,1,0,1,0,0,0,0,0,0,0,-1.0761541396877767,-0.3284706575318383,-1.469256151787266,-1.4419700092306438,0.05661058422264844
CUST-12289,1,0.0,3,2,0,1,0,1,1,1,0,1,0,0,0,1,0,0,0,0,-1.1643859657974838,-1.2094865855148196,-3.374384429717359,-1.440380764275957,1.0901164713047335
CUST-12290,0,0.0,4,2,0,0,0,1,1,1,1,0,1,0,0,1,0,1,0,0,-0.5078262731771501,-0.7652827896240796,-0.2604101499848194,-1.4419700092306438,-0.0916311510101037
CUST-12291,1,0.0,2,2,0,1,1,0,1,1,0,1,0,0,0,0,0,1,0,0,-0.5432306459511314,-0.39393967974711375,-0.12222373961525544,-1.4435592541853306,-0.09070956044786041
CUST-12292,0,0.0,1,3,0,1,1,1,1,1,1,0,0,1,1,0,0,0,0,1,2.428220944763088,-0.04406759328483519,1.3159429722004776,-1.4451484991400172,-0.1144203182740459
CUST-12293,0,0.0,4,2,1,0,0,1,1,0,0,1,0,0,0,1,0,1,0,0,-0.41544305684442917,1.3536608326122554,0.5035081518761618,-1.446737744094704,-0.09542000217610154
CUST-12294,0,0.0,3,2,0,1,1,0,1,1,0,0,0,0,0,0,1,0,0,0,-0.8220417769517332,0.035832772537033125,-0.41834381189916203,-1.4483269890493906,-0.06741079809524657
CUST-12295,0,0.0,4,3,0,1,1,0,1,1,1,0,0,0,0,0,0,0,0,1,1.4887635094701943,-1.6818491006379361,0.11522465694072562,0.8385965007447916,-0.11258408415818455
CUST-12296,1,0.0,4,1,0,1,1,1,1,1,1,0,0,0,0,0,0,1,0,0,-0.3662322792755417,-1.3365528060509186,-0.4456945196150961,-1.451505478958764,-0.09703630820434404
CUST-12297,1,1.0,2,2,1,1,0,0,1,1,1,0,0,1,0,1,0,1,0,0,-0.07917107908889832,1.9083876014900736,0.8822800293709554,-1.451505478958764,-0.10268911575975409
CUST-12298,1,0.0,2,2,0,1,1,0,1,0,0,0,0,0,0,0,0,0,0,0,-1.0573219051685172,0.10482163465635595,-1.1635183244633993,-1.4530947239134508,0.023822166539690222
CUST-12299,1,0.0,3,2,1,1,0,1,1,1,1,0,0,1,0,0,0,0,0,0,-0.597873247974648,0.9657744751862687,0.2151874805892317,-1.4546839688681374,-0.08799216811125954
CUST-12300,0,0.0,2,3,0,0,1,0,1,0,0,0,0,1,0,1,0,0,0,1,2.2916644103067454,-0.36366905657230897,1.1679937994640763,-1.4562732138228243,-0.11419311603811223
CUST-12301,0,0.0,1,2,0,0,1,1,1,1,0,0,0,0,0,1,0,1,0,0,-0.10782954260911483,-1.0989636125277416,-0.09673205264398722,-1.4578624587775109,-0.10188850557452724
CUST-12302,0,1.0,4,5,0,0,1,1,1,0,1,0,0,0,0,1,0,0,0,0,-0.6704718528963551,-0.546348747592352,-0.3643478179653558,-1.4594517037321977,-0.08301208437779387
CUST-12303,0,0.0,2,2,0,1,0,0,0,1,1,0,1,0,0,0,0,1,0,0,0.0030291274610827748,0.09742997085785682,0.5140529979828237,-1.4610409486868843,-0.10389473247710342
CUST-12304,0,1.0,1,2,0,0,1,0,1,0,0,1,0,1,0,0,1,0,0,1,1.7219903088627855,-0.5241737561968554,0.9660179060444654,-1.462630193641571,-0.1131364209176359
CUST-12305,1,0.0,3,3,1,1,0,0,1,0,1,0,1,0,0,1,0,0,0,0,-0.7932918112488253,1.9083876014900736,0.07133086431871775,-1.462630193641571,-0.07044857914819773
CUST-12306,1,0.0,1,3,0,1,0,0,1,1,0,1,0,0,0,1,0,1,0,0,-0.3325811981201945,-0.6889022637062582,-0.03986332988392494,-1.4642194385962577,-0.09764555517221148
CUST-12307,0,0.0,2,1,0,0,1,0,1,1,0,1,0,0,0,0,0,0,0,1,2.428220944763088,-1.1521131950788526,0.8005361951373743,-1.4658086835509445,-0.11436548775999794
CUST-12308,1,0.0,1,1,1,1,0,0,0,0,1,0,0,0,1,0,0,0,0,0,-0.950738491183864,0.8158292952738634,-0.5325233249230267,-1.467397928505631,-0.03883897288217655
CUST-12309,0,0.0,5,3,1,1,1,0,1,1,1,0,0,0,0,1,0,0,1,0,0.350636238245046,0.946063371723605,0.939629469300912,-1.468987173460318,-0.10747408140253344
CUST-12310,0,0.0,4,1,1,0,1,1,0,1,0,0,1,0,0,0,0,1,0,0,-0.03236817822978275,0.7528945577895019,0.46244986654973197,-1.4705764184150047,-0.09824607377171089
CUST-12311,0,0.0,5,3,0,0,0,0,1,0,0,1,0,0,0,1,0,0,1,0,0.19033458511049184,-0.6737669521188557,0.3345150712162577,-1.4721656633696913,-0.10605018764191143
CUST-12312,0,0.0,5,4,0,0,1,1,1,1,0,0,0,1,0,0,0,0,0,0,-0.6580883014919848,-1.6818491006379361,-1.120137474105645,-1.4737549083243782,-0.08409201698228552
CUST-12313,1,0.0,2,2,1,0,1,0,1,1,1,0,0,0,0,0,0,0,0,0,-0.7253592855301194,1.250881507414081,0.08173564795060065,-1.4737549083243782,-0.0786541579702501
CUST-12314,1,1.0,2,3,1,1,1,0,1,0,1,0,0,1,1,0,0,0,1,0,0.505380653544365,0.879186413546711,0.9933155052737724,-1.4753441532790648,-0.10852873779080974
CUST-12315,0,1.0,5,3,0,1,1,0,1,0,1,0,0,1,0,1,0,0,0,0,-0.8863718810601382,-0.5027027327821683,-0.7745118453496774,-1.4769333982337516,-0.055254649259914954
CUST-12316,0,1.0,3,1,0,1,1,0,0,0,1,0,0,0,0,0,1,1,0,0,-0.5240841277028263,0.024921268834487132,0.0323485248027112,-1.4785226431884382,-0.09090107244558378
CUST-12317,1,1.0,2,3,0,1,0,0,1,1,0,1,0,1,0,1,0,0,0,0,-0.9275979903539705,-0.009643559023255055,-0.803023269734492,-1.480111888143125,-0.034637954543600434
CUST-12318,1,0.0,4,3,1,1,1,0,1,1,0,0,0,0,0,0,0,0,0,0,-1.1681835528328506,1.6817099116694425,-2.648278911271367,-1.4832903780524984,1.5583735166825572
CUST-12319,0,0.0,3,3,0,1,1,0,0,0,0,0,0,1,1,0,0,0,0,1,2.428220944763088,-1.1341620115682123,0.817326376933315,-1.4832903780524984,-0.11440066612484026
CUST-12320,1,0.0,1,2,0,1,1,0,1,0,1,0,0,0,1,0,0,1,0,0,-0.045842730262412576,-0.6927740876007099,0.17946894491983748,-1.484879623007185,-0.10318253006114858
CUST-12321,0,0.0,1,3,0,0,0,0,1,0,1,0,0,0,0,0,1,0,0,1,2.428220944763088,-0.7948494448180748,1.0049644943230922,-1.4864688679618718,-0.11437480228446524
CUST-12322,1,0.0,3,2,0,0,0,0,1,1,1,0,0,0,1,0,0,0,0,0,-0.9964458134504068,0.28926124562842215,-0.819263457416018,-1.4864688679618718,-0.0215565402825001
CUST-12323,1,0.0,4,1,0,1,0,1,0,1,0,1,0,0,0,1,0,1,0,0,-0.11407623948510019,0.021049444940035376,0.39471295922561095,-1.4880581129165584,-0.10180847769261768
CUST-12324,1,0.0,3,2,0,0,1,0,1,1,0,1,0,0,0,1,0,0,0,0,-0.908493781072285,0.17310652879486899,-0.5716017622301361,-1.4896473578712452,-0.052010189477232724
CUST-12325,0,0.0,4,3,0,1,1,0,1,0,0,1,0,1,1,0,0,0,1,0,0.21860278035142192,-0.9680255680971906,0.19764660785981483,-1.4912366028259318,-0.1062776270912066
CUST-12326,1,0.0,1,1,1,0,1,0,0,1,1,0,1,0,0,1,0,0,1,0,0.6623960259926179,1.5300048118050138,1.2030859110727614,-1.4928258477806187,-0.10948837386164317
CUST-12327,1,0.0,3,3,0,1,0,0,1,1,1,0,1,0,0,1,0,0,0,0,-1.0345918028341192,-0.517486060379166,-1.2507680441257054,-1.496004337689992,-5.030565809398432e-05
CUST-12328,1,0.0,2,5,1,0,1,0,1,0,0,0,0,1,0,0,1,0,0,1,1.7443831335014657,1.2160350923640153,1.3255542775031666,-1.496004337689992,-0.11168427448068378
CUST-12329,1,0.0,5,4,1,1,0,0,1,0,0,0,0,0,0,0,1,0,0,0,-0.9180012825060606,1.9083876014900736,-0.20748546865838055,-1.484879623007185,-0.04863278593165739
CUST-12330,0,1.0,3,2,0,1,1,0,0,0,1,0,0,1,0,1,0,1,0,0,-0.037047861128001895,-0.9602819203082872,0.05696235081320354,-1.497593582644679,-0.10348349442309746
CUST-12331,0,1.0,3,2,0,1,0,0,1,0,1,0,0,0,1,0,0,0,0,1,2.428220944763088,0.32340369269767866,1.3255542775031666,-1.4991828275993655,-0.11366804973250351
CUST-12332,1,0.0,1,3,0,0,1,1,1,1,0,0,1,0,0,0,1,0,0,1,1.3949028066322497,-0.17711754165781443,1.0089786932277265,-1.407006620227536,-0.11231776789510423
CUST-12333,1,0.0,4,2,1,0,0,0,1,0,0,0,1,0,0,0,1,0,0,1,2.428220944763088,1.9083876014900736,1.3255542775031666,-1.4546839688681374,-0.1101455970673047
CUST-12334,1,0.0,1,3,0,1,1,1,1,0,1,0,0,0,0,1,0,0,0,0,-0.6739569351040001,-0.33445438536871835,-0.28201547919886144,-1.5039505624634257,-0.08284588720656626
CUST-12335,0,0.0,3,3,0,1,1,1,1,1,0,0,0,0,0,0,1,0,0,0,-1.0440797821851675,0.224496191393956,-1.1189262172406649,-1.5055398074181123,0.022317804486884706
CUST-12336,1,0.0,4,4,0,0,1,0,1,1,0,1,0,1,1,0,0,0,0,0,-0.9273429308436594,0.20161723201765033,-0.6289938940115519,-1.5071290523727991,-0.04586622416611186
CUST-12337,0,0.0,3,2,0,1,1,1,1,1,1,0,0,1,1,0,0,1,0,0,-0.3437561755205884,-0.14403104655977206,0.1809573309405394,-1.6501610982946033,-0.09769622430139327
CUST-12338,0,0.0,3,3,1,1,0,0,1,0,1,0,0,0,1,0,0,0,1,0,0.7165452407611428,0.7595118568091105,1.053937075038143,-1.6501610982946033,-0.10975483252560002
CUST-12339,0,0.0,3,3,0,1,0,0,1,0,0,1,1,0,0,0,1,0,0,0,-0.9826204958181908,0.060471651865362706,-0.8430482879411548,-1.5103075422821726,-0.027314554588889144
CUST-12340,1,0.0,3,3,0,0,1,0,1,0,0,0,0,0,0,1,0,0,1,0,0.1177260683649698,0.47088498467725076,0.6913374702088516,-1.5118967872368592,-0.10523944795840377
CUST-12341,1,0.0,1,1,0,1,1,0,1,0,1,0,0,0,0,1,0,0,0,0,-0.7082459038040111,0.18753787240146186,-0.1582765893279923,-1.513486032191546,-0.08015873002750143
CUST-12342,0,0.0,4,3,0,1,0,1,1,1,1,0,0,0,0,1,0,0,0,0,-0.6765082704520903,-0.6765828240420934,-0.41996052869883527,-1.5150752771462326,-0.0831258279830783
CUST-12343,0,0.0,4,3,0,1,0,0,1,0,1,0,0,1,1,0,0,0,1,0,0.12547466221307987,-0.32213494570455353,0.44756741600934535,-1.5166645221009194,-0.10542998904937034
CUST-12344,0,0.0,4,3,0,1,0,1,1,0,1,0,0,0,0,1,0,1,0,0,-0.4217809175914602,0.5483214625662863,0.30799092211430285,-1.006516891646484,-0.09517625153397789
CUST-12345,0,0.0,4,3,0,0,1,0,1,0,1,0,1,0,0,1,0,0,1,0,0.831162104216103,0.5440976546814298,1.0410869429497822,-1.5198430120102928,-0.110284390779785
CUST-12346,1,1.0,3,2,1,0,1,0,1,0,0,0,0,1,1,0,0,0,0,0,-0.9744380682399305,1.2765763387136249,-0.5301662153541196,-1.5198430120102928,-0.027252662714274158
CUST-12347,0,0.0,1,3,1,1,0,0,1,1,0,0,1,0,1,0,0,0,1,0,0.6976172372626729,1.9083876014900736,1.2872283452264157,-1.5214322569649794,-0.10965890282651088
CUST-12348,0,1.0,5,3,0,0,0,0,1,0,1,0,0,0,0,1,0,0,0,0,-1.098397153938871,-0.588234842450512,-1.6064826694008854,-1.5230215019196662,0.06396097549428399
CUST-12349,1,0.0,3,2,0,1,1,0,1,1,1,0,0,0,1,0,0,0,0,0,-0.918860399149225,0.6431459495813145,-0.4816127753826612,-1.5246107468743528,-0.048240487212328015
CUST-12350,0,0.0,4,2,0,0,1,0,1,0,1,0,0,1,1,0,0,0,1,0,0.10513791048560908,-0.24223457988268524,0.4578269424184972,-1.5261999918290396,-0.10506183162726423
CUST-12351,0,0.0,2,3,0,0,1,0,1,0,0,1,1,0,1,0,0,0,1,0,1.14253948764913,-1.2073746815723911,0.42996726734913454,-1.5277892367837265,-0.11150898185949079
CUST-12352,1,1.0,2,1,0,0,0,1,0,0,0,0,0,1,0,0,0,0,0,0,-0.8280710300203542,0.5581770142976182,-0.276542576923648,-1.529378481738413,-0.06669748568577887
CUST-12353,1,0.0,1,4,1,0,0,0,1,1,1,0,0,1,0,0,0,0,0,0,-0.7018058516926092,0.7834467681566308,0.01815001069293782,-1.5309677266930999,-0.08090472006845399
CUST-12354,0,0.0,4,3,0,0,1,0,1,1,0,0,0,0,1,0,0,1,0,0,-0.2522110503542466,-1.175344138445563,-0.263597754428281,-1.5309677266930999,-0.09892551598948933
CUST-12355,0,0.0,4,3,0,1,0,0,1,1,0,0,0,0,0,0,0,0,0,0,-0.892441107450124,-0.4333618866724411,-0.7730297879657607,-1.5325569716477865,-0.05292618682749326
CUST-12356,1,0.0,4,2,0,1,1,1,1,0,1,0,0,0,0,0,0,0,1,0,0.8255660845021452,-0.5364931958610202,0.6807642652207689,-1.5341462166024733,-0.110278916233815
CUST-12357,0,1.0,5,3,0,1,1,0,1,1,0,1,1,0,0,0,0,0,1,0,0.6077117809658087,-1.6308114220292536,-0.12179105738187847,-1.53573546155716,-0.10926899533019296
CUST-12358,1,1.0,2,2,0,0,1,0,1,1,0,0,0,0,0,0,1,0,0,0,-0.9894783046188887,-0.07645012040206828,-0.900614377578327,-1.5373247065118467,-0.0257739803144859
CUST-12359,0,0.0,2,2,0,1,0,1,1,0,1,0,0,1,0,1,0,1,0,0,-0.4289087398795351,-1.247500856478528,-0.46091511986058853,-1.5389139514665333,-0.09449205769824957
CUST-12360,1,0.0,2,3,0,1,0,0,1,0,1,0,0,1,0,0,1,0,1,0,0.6140541478833386,0.12981249797508992,0.8368681424116894,-1.5405031964212201,-0.10917973283650025
CUST-12361,1,1.0,3,2,0,1,1,0,1,1,0,0,0,0,0,1,0,0,0,0,-0.6835540125454553,-0.34557707946550714,-0.09097869036878979,-1.1686198770245289,-0.09117703014566547
CUST-12362,0,0.0,5,4,0,1,0,1,1,1,1,0,1,0,1,0,0,0,1,0,0.027161621482090424,0.376905259239194,0.6096091830699261,-1.5420924413759067,-0.1041496199570727
CUST-12363,0,0.0,5,2,0,0,0,0,1,1,0,1,1,0,0,1,0,0,0,0,-1.116277243272636,0.42794293784787657,-1.6742541937811986,-1.5436816863305935,0.19916916367778761
CUST-12364,1,0.0,3,4,1,0,0,0,1,1,1,0,0,1,0,0,0,1,0,0,-0.050295494369682926,1.5785786024808632,0.8423697553207065,-1.5452709312852801,-0.10316503329480876
CUST-12365,0,0.0,4,1,0,1,1,1,0,1,0,0,0,0,0,1,0,0,0,0,-0.9790798717118584,-0.8919970261697742,-1.2196346790228119,-1.546860176239967,-0.028744112523053093
CUST-12366,0,0.0,5,2,0,1,0,0,1,0,1,0,0,0,0,0,0,0,1,0,0.9560691702856512,-0.8388474436186633,0.5895174072528268,-1.3593292715869347,-0.11086941748291171
CUST-12367,1,0.0,4,3,0,0,0,1,1,0,1,0,0,0,1,0,0,0,0,0,-0.6502250651721481,0.6535646756972936,0.045627290201484386,-1.5500386661493404,-0.08384091289122737
CUST-12368,1,0.0,2,2,0,1,1,0,1,1,0,0,0,0,0,0,0,0,0,0,-0.7807026970268496,-0.17746952564821905,-0.41898368355266496,-1.551627911104027,-0.07209919438450597
CUST-12369,0,1.0,4,2,1,0,0,1,1,1,0,0,0,0,0,1,0,0,1,0,1.0315144723622005,1.150214086158335,1.2613070520243246,-1.5532171560587138,-0.11114946531172074
CUST-12370,1,0.0,4,2,0,0,0,1,1,0,0,0,0,1,1,0,0,0,0,0,-1.1163646977737072,0.5550091583839757,-1.5988579080994068,-1.5532171560587138,0.18236612692432955
CUST-12371,1,0.0,4,1,1,0,0,0,1,1,0,0,0,0,0,1,0,1,0,0,-0.570898651616866,1.9083876014900736,0.43634924432130673,-1.5548064010134006,-0.08920353258326509
CUST-12372,0,0.0,2,4,0,0,1,1,1,1,0,0,1,0,0,0,1,0,0,0,-0.6227692770243061,-0.13452747881884486,-0.13466014142833097,-1.6024837496540019,-0.08627725053853909
CUST-12373,1,0.0,3,2,0,1,0,1,1,0,1,0,1,0,0,0,1,0,0,0,-0.7752581461755899,-1.603004686787282,-1.274727030613348,-1.557984890922774,-0.07066881695998493
CUST-12374,0,0.0,3,2,0,0,1,0,1,1,1,0,0,0,0,1,0,0,0,1,1.7401510125486894,0.32164377274565525,1.2641996752967126,-1.5595741358774606,-0.11317799755875664
CUST-12375,0,0.0,2,2,0,1,1,1,1,1,0,1,1,0,0,1,0,0,1,0,0.4927881378748045,0.4731376822158411,0.7016804293750952,-1.5611633808321475,-0.10542170367911304
CUST-12376,1,0.0,3,2,0,1,0,1,1,0,1,0,0,0,0,0,0,0,0,0,-0.7584341178268867,0.52614647117079,-0.1477179636319187,-1.562752625786834,-0.07545028780732668
CUST-12377,1,0.0,2,1,0,0,1,0,1,1,0,1,1,0,0,0,1,0,1,0,0.3294832065141828,0.661660307476602,0.8592945958665117,-1.5643418707415209,-0.10729532063277743
CUST-12378,1,0.0,3,1,0,1,0,0,1,1,1,0,0,0,0,1,0,1,0,0,-0.2774519079464979,-0.6026661860571051,0.04482042223598464,-1.5643418707415209,-0.09892076083277833
CUST-12379,0,1.0,1,3,0,0,1,0,1,1,0,0,0,0,1,0,0,0,0,1,1.6003071846693593,-1.103539404403003,0.637573966762192,-1.5659311156962075,-0.11285905365221637
CUST-12380,1,0.0,2,3,0,0,1,0,1,1,1,0,0,0,0,0,0,0,0,0,-0.7269941955953212,-0.1922528532452168,-0.32486110256712175,-1.5675203606508943,-0.07792642363153009
CUST-12381,1,0.0,2,1,0,0,1,0,1,0,0,1,1,0,1,0,0,1,0,0,-0.15194360883520475,-1.6818491006379361,-0.6068415914446125,-1.5691096056055809,-0.10152369766140827
CUST-12382,1,1.0,3,2,0,0,1,0,1,1,0,0,1,0,0,1,0,1,0,0,-0.3431293645667901,0.047096260229984005,0.2249015003599178,-1.5706988505602677,-0.09711203117664662
CUST-12383,1,0.0,1,3,0,1,0,1,1,1,0,0,0,0,1,0,0,1,0,0,-0.369786791161084,0.13748574896591265,0.01143979392503086,-1.5722880955149543,-0.08868491460265054
CUST-12384,1,0.0,2,1,0,1,0,1,1,1,0,0,0,0,1,0,0,1,0,0,-0.446103841089441,0.2895428328207463,0.35171141788701366,-1.5738773404696411,-0.09861860000710397
CUST-12385,1,0.0,4,2,0,0,1,0,1,0,1,0,0,0,0,0,1,0,0,0,-0.9014691326706844,-1.6818491006379361,-1.4881619526817775,-1.5754665854243277,-0.06194833105237517
CUST-12386,1,0.0,1,2,0,1,1,0,1,1,0,0,0,1,0,0,0,0,1,0,0.5160905669877203,-0.031396169630265765,0.7406865151945761,-1.5754665854243277,-0.10855433981732045
CUST-12387,1,0.0,4,5,1,0,1,0,1,1,0,0,1,0,1,0,0,1,0,0,-0.4565993856519179,1.6264484251759033,0.497908060830083,-1.5770558303790145,-0.09343524548441756
CUST-12388,0,0.0,1,2,0,0,1,1,1,0,0,0,0,0,1,0,0,0,0,1,2.428220944763088,0.6750356991119807,1.3255542775031666,-1.5786450753337011,-0.1128865862165067
CUST-12389,1,0.0,3,2,1,0,1,1,1,1,1,0,0,0,0,0,1,0,0,0,-0.8149233671983068,0.9974530343226925,-0.16231515631609264,-1.580234320288388,-0.06713969568275296
CUST-12390,1,0.0,4,4,0,1,0,0,1,1,1,0,0,0,0,0,0,0,1,0,0.20190662240427007,0.3205878207744411,0.6902835794197129,-1.5818235652430748,-0.10599162879275738
CUST-12391,0,0.0,5,2,0,1,1,1,1,0,1,0,1,0,1,0,0,0,0,1,2.2183676461589625,-1.6818491006379361,0.29023890670497987,-1.5834128101977614,-0.11401633250256032
CUST-12392,0,0.0,3,3,0,1,0,0,1,0,1,0,0,0,0,1,0,0,1,0,0.13096517750212983,0.1379081297543983,0.602224941722991,-1.5850020551524482,-0.10537797410219
CUST-12393,0,0.0,5,2,0,1,0,0,1,0,1,0,0,0,0,0,0,0,0,1,1.2862577877439223,0.39309652279781077,1.1543929321208886,-1.5865913001071348,-0.11198870534427967
CUST-12394,1,0.0,4,2,0,1,1,0,0,0,0,0,0,0,0,1,0,0,1,0,0.934254602261923,-1.1767520744071818,0.39037783678662963,-1.5865913001071348,-0.11084527056865513
CUST-12395,1,0.0,2,1,0,1,1,1,1,1,1,0,0,1,1,0,0,0,0,0,-0.6414866832066098,-0.17183778180174386,-0.1673741902919973,-1.5881805450618216,-0.08540498923226283
CUST-12396,1,0.0,5,4,0,1,1,0,1,1,0,0,0,1,1,0,0,1,0,0,-0.07632357547779937,-1.6818491006379361,-0.5966522214145538,-1.5897697900165082,-0.10176409774844178
CUST-12397,0,0.0,4,2,0,1,0,0,1,1,1,0,1,0,0,1,0,0,0,0,-0.9739497093831374,-0.3907718238334715,-0.9562525546720405,-1.5929482799258816,-0.032799732127369474
CUST-12398,1,0.0,1,2,0,0,0,0,1,1,1,0,0,1,0,1,0,1,0,0,-0.2563459548738839,-0.49883090888771653,0.10910072450122826,-1.2639745743057318,-0.09944819473110272
CUST-12399,1,1.0,5,4,1,0,1,1,1,1,0,0,0,0,0,0,0,0,0,0,-0.8633519844404863,1.4427127821846464,-0.16714454409626728,-1.3132411679010199,-0.05971816560145057
CUST-12400,1,0.0,2,2,0,1,1,1,1,1,0,0,0,0,0,1,0,0,1,0,0.45856966887676837,-0.6751748880804745,0.4646135905998271,-1.596126769835255,-0.10818575067657914
CUST-12401,0,0.0,3,3,0,1,0,0,1,1,0,0,0,1,0,0,0,1,0,0,-0.2755193797733734,-0.31931907378131597,0.1660944278216359,-0.8650740906793664,-0.09906160604934601
CUST-12402,0,0.0,3,0,0,1,0,1,0,1,0,0,0,1,1,0,0,1,0,0,-0.5414153075946203,-0.2312526793820582,-0.01808329268579209,-1.5977160147899419,-0.09228143062221891
CUST-12403,1,0.0,4,2,0,1,1,0,1,1,1,0,0,0,0,1,0,0,0,0,-0.8018607241525476,-0.661447512454691,-0.6642959273575579,-1.5993052597446284,-0.06881846673021523
CUST-12404,0,1.0,4,3,1,0,1,0,1,1,0,0,1,0,1,0,0,0,0,1,2.428220944763088,0.7218495698358071,1.3255542775031666,-1.6008945046993153,-0.11278254753019282
CUST-12405,1,0.0,2,3,0,0,1,0,1,0,1,0,0,0,1,0,0,0,0,0,-1.0887553775321888,-1.6818491006379361,-2.2579490631005457,-1.5563956459680872,0.03940813357190603
CUST-12406,1,0.0,3,3,1,1,0,0,1,1,1,0,1,0,0,1,0,0,0,0,-1.124667873385055,1.162181541832095,-1.5335500069774854,-1.6040729946086887,0.21603969228326367
CUST-12407,1,0.0,2,2,0,1,1,1,1,1,1,0,1,0,1,0,0,0,0,0,-0.8837422052140472,-0.05075528910252454,-0.5578698873667072,-1.6056622395633753,-0.05918721705747373
CUST-12408,0,1.0,2,2,1,1,1,1,1,1,1,0,0,1,1,0,0,0,0,1,2.428220944763088,1.3346536971304017,1.3255542775031666,-1.607251484518062,-0.11142065765897116
CUST-12409,0,0.0,4,2,0,0,0,1,1,0,1,0,0,0,0,1,0,0,0,1,2.428220944763088,-1.6818491006379361,0.34182546502729205,-1.608840729472749,-0.11437916266707343
CUST-12410,0,0.0,4,1,0,0,1,0,1,1,0,1,1,0,0,1,0,0,1,0,0.10087329106774942,-1.6818491006379361,-0.47510217256825654,-1.6104299744274355,-0.10439602671208922
CUST-12411,0,0.0,3,2,0,1,1,0,1,0,0,1,1,0,0,0,1,0,0,1,1.3717207326696463,-0.3464218410424785,0.9408126495554541,-1.6104299744274355,-0.11226405173681271
CUST-12412,1,0.0,1,2,0,0,1,1,1,0,1,0,0,0,0,0,1,0,0,0,-0.8887930991698834,0.49622783198638964,-0.4297825973559119,-1.6120192193821223,-0.05625747146518847
CUST-12413,0,0.0,3,2,0,1,0,0,1,1,0,0,0,0,1,0,0,0,0,1,2.428220944763088,-0.6241372094717922,1.09089640600592,-1.613608464336809,-0.11441044807278243
CUST-12414,1,0.0,2,2,0,0,0,0,1,1,1,0,1,0,0,0,1,0,0,0,-0.992999033579997,0.5785920857410911,-0.7533502324268443,-1.6151977092914958,-0.019737129099691945
CUST-12415,0,1.0,4,2,1,0,0,1,1,0,0,1,0,0,0,1,0,0,0,0,-1.0500465438051216,0.9981570023035018,-0.8957067230183844,-1.6167869542461824,0.018330752339006072
CUST-12416,0,0.0,1,1,0,1,1,1,1,1,1,0,1,0,0,1,0,0,0,0,-1.0351276125022446,0.4546937211186345,-0.9090890272259998,-1.6183761992008692,-0.002228080681415914
CUST-12417,0,0.0,3,3,0,1,1,1,1,1,0,0,0,0,0,1,0,1,0,0,-0.1548592739511077,0.07103117157750381,0.4048930639437497,-1.6215546891102426,-0.10167076627491771
CUST-12418,1,1.0,3,2,0,1,1,1,1,1,0,0,1,0,0,0,1,0,1,0,0.6473258384332858,0.06293553979819541,0.8318306785185068,-1.6231439340649292,-0.1093957562305677
CUST-12419,1,0.0,2,2,0,1,0,0,1,1,1,0,1,0,0,0,0,0,0,0,-0.629118841356052,-0.6871423437542348,-0.3564816968439729,-1.6215546891102426,-0.0862655402591315
CUST-12420,0,0.0,1,3,0,1,1,1,1,0,0,0,0,0,0,0,0,0,0,1,2.428220944763088,-0.09651320785513658,1.2952757667723183,-1.6231439340649292,-0.11440035464818837
CUST-12421,1,1.0,1,3,0,1,0,0,1,1,1,0,0,0,0,0,1,1,0,0,-0.49310287034316996,-1.1197306679616195,-0.41591721262717213,-1.624733179019616,-0.09311161567935718
CUST-12422,0,0.0,3,2,0,0,1,0,1,1,1,0,0,0,0,1,0,0,0,0,-0.9822032656999196,-0.8666541788606352,-1.2177966178219601,-1.6263224239743026,-0.02735144178553696
CUST-12423,1,0.0,3,1,0,0,1,0,1,0,0,0,0,0,0,1,0,1,0,0,-0.4241077778172059,0.5050274317465073,0.2902940066183162,-1.6279116689289894,-0.09497798602210798
CUST-12424,0,0.0,4,3,0,1,0,0,1,1,1,0,0,0,0,1,0,0,1,0,0.18794275242757955,-0.526989628120093,0.3953911638239398,-0.4169070134577129,-0.10597794035166344
CUST-12425,1,0.0,4,1,0,1,1,1,1,0,0,1,0,0,1,0,0,0,1,0,0.9677805322065808,-0.8170244362135715,0.6027366584804873,-1.6310901588383628,-0.11089332672719407
CUST-12426,1,0.0,3,2,0,1,1,0,0,1,1,0,0,1,0,1,0,1,0,0,-0.44020373121154677,0.4363905536175899,0.24833710926913558,-1.6326794037930494,-0.09421244364069864
CUST-12427,0,0.0,2,3,0,1,1,0,1,1,0,0,1,0,0,1,0,1,0,0,-0.09575796505318784,0.3631778836134104,0.5316036991647741,-1.6326794037930494,-0.10256964052048449
CUST-12428,1,1.0,2,3,0,1,0,0,1,0,0,0,0,0,0,0,0,0,0,0,-0.8042461659059612,-0.26546552324939576,-0.45642941547762944,-1.6342686487477363,-0.07174891060795942
CUST-12429,0,1.0,4,1,0,1,0,0,0,1,0,1,0,0,0,1,0,0,1,0,0.0698834479116585,-0.19542070915885928,0.4484956638403452,-1.6358578937024228,-0.1045518335922076
CUST-12430,0,0.0,5,3,0,0,1,0,1,1,1,0,0,0,0,1,0,0,0,1,2.428220944763088,0.40119215457711915,1.3255542775031666,-1.6374471386571097,-0.11349517341915485
CUST-12431,1,0.0,4,1,1,0,0,1,1,1,0,0,1,0,0,0,0,0,0,0,-1.117743986694483,0.9851335946585275,-1.4846299593037817,-1.6390363836117965,0.179055040240847
CUST-12432,1,0.0,3,2,0,1,1,1,1,1,0,0,0,0,0,0,0,0,0,1,1.4379226181918894,0.17416248076608315,1.1421233566758504,-1.640625628566483,-0.11248536358264168
CUST-12433,0,0.0,2,2,0,1,1,1,1,1,0,1,0,0,0,1,0,1,0,0,-0.18502025092244972,-1.2981865510968058,-0.27445759934571523,-1.64221487352117,-0.10088065870411628
CUST-12434,1,0.0,3,2,0,0,1,0,1,1,0,1,0,0,0,0,1,0,0,0,-0.8290052152453917,-0.27180123507668047,-0.5188361371549586,-1.6438041184758565,-0.06780984149906243
CUST-12435,0,0.0,5,2,0,1,0,1,1,1,0,0,1,0,0,0,1,0,0,1,2.428220944763088,-0.46785631773210223,1.1508689154943494,-1.6438041184758565,-0.11436268346968405
CUST-12436,0,1.0,5,4,0,1,1,0,1,1,0,0,1,0,0,0,0,1,0,0,-0.3843159071304187,-1.1500012911364241,-0.3452181265347917,-1.3625077614963081,-0.09607322018573466
CUST-12437,1,0.0,3,2,0,1,1,0,1,1,0,1,0,1,0,0,0,0,0,0,-0.6937408842393166,0.48778021621667683,-0.03109665290940991,-1.64698260838523,-0.08224534226451247
CUST-12438,0,1.0,3,2,0,0,1,0,1,1,1,0,0,0,0,1,0,0,0,0,-0.9374448164928835,0.5690885180001642,-0.542195160261427,-1.6485718533399167,-0.044243268996923414
CUST-12439,1,1.0,4,3,1,1,1,0,1,1,1,0,0,0,0,0,1,0,0,0,-0.8412333732904389,0.7288892496439009,-0.2806461531586763,-1.6501610982946033,-0.0632549387693807
CUST-12440,0,0.0,3,1,0,0,0,1,0,1,1,0,0,0,1,0,0,0,1,0,0.9722546657273909,-1.0845322689211487,0.458596875023484,-1.6517503432492902,-0.11094974012811197
CUST-12441,1,0.0,3,4,0,0,1,1,1,0,1,0,1,0,1,0,0,1,0,0,-0.03258954987646898,0.1280525780230665,0.4972774259308621,-1.6533395882039768,-0.103341974651912
CUST-12442,1,1.0,3,2,0,0,1,1,1,0,1,0,0,0,1,0,0,0,0,1,1.7606399737827736,-0.044771561265644466,1.1543788686316239,-1.6549288331586636,-0.11320815113463054
CUST-12443,0,0.0,2,2,0,0,0,0,1,1,1,0,0,0,0,0,1,0,1,0,0.12116362552858402,0.2864453737051846,0.641443805916645,-1.6549288331586636,-0.10527773452610464
CUST-12444,1,1.0,2,1,0,1,1,1,1,1,1,0,0,0,0,0,1,0,0,0,-1.0229784414206449,0.09883790681947588,-0.9960589743493096,-1.6565180781133502,-0.004871282132529827
CUST-12445,1,1.0,2,2,0,1,0,1,1,0,0,0,0,1,0,0,1,0,0,0,-1.170868399053164,-0.05145925708333431,-3.50868598954577,-1.658107323068037,2.836619307024049
CUST-12446,0,0.0,1,3,0,1,0,0,1,0,0,0,0,0,1,0,0,1,0,0,-0.3258938538498143,-0.17817349362902857,0.17172516157937986,-1.6596965680227236,-0.09777626628630723
CUST-12447,0,1.0,2,2,1,1,1,1,1,1,0,1,1,0,1,0,0,0,0,1,2.428220944763088,1.130854966686076,1.3255542775031666,-1.6612858129774104,-0.11187357795502935
CUST-12448,0,1.0,2,2,0,1,0,0,1,0,1,0,0,0,0,1,0,0,1,0,0.24913147606746888,-0.9479624806441224,0.22522053483676485,-1.662875057932097,-0.10656069620652778
CUST-12449,1,1.0,2,3,0,1,1,0,1,1,1,0,0,0,0,1,0,0,0,0,-0.7349308953096914,-0.2211155404584028,-0.34431842706292504,-1.6644643028867838,-0.07742519033338507
CUST-12450,1,0.0,1,2,1,1,0,0,1,1,1,0,1,0,0,0,1,0,0,1,1.339586274321566,1.1037521994249138,1.3255542775031666,-1.6660535478414706,-0.11193381087868476
CUST-12451,0,0.0,3,1,0,0,1,0,1,0,0,0,1,0,0,1,0,0,1,0,0.6514375933869117,-0.8944609141026071,0.4506181983311592,-1.6660535478414706,-0.10951958397776665
CUST-12452,1,0.0,3,2,0,0,1,0,1,0,0,0,0,1,0,1,0,0,0,0,-1.1595332946065897,-0.8406073635706869,-2.9589396764917777,-1.6676427927961572,0.8130811367058801
CUST-12453,1,0.0,4,2,1,1,0,1,1,1,0,0,0,0,0,1,0,0,1,0,0.8624377760250564,0.7369848814232093,1.100363864872906,-1.669232037750844,-0.11040296530047926
CUST-12454,1,0.0,3,3,0,0,0,1,1,1,1,0,0,0,0,1,0,0,0,0,-0.7485295015055159,-1.5417594724568628,-1.0865920630055514,-1.6708212827055307,-0.07812870098332923
CUST-12455,1,1.0,1,2,0,1,1,0,1,1,1,0,0,1,1,0,0,0,0,0,-0.9832995381562356,0.6595484035341737,-0.6951725165706507,-1.6724105276602175,-0.02452270273456146
CUST-12456,0,0.0,3,1,0,1,0,0,0,1,0,1,0,0,0,1,0,0,0,0,-0.8697257376912501,-0.5551483473524697,-0.7416508323455299,-1.673999772614904,-0.059761810633077485
CUST-12457,1,0.0,4,2,0,0,1,0,1,1,0,1,0,1,0,1,0,1,0,0,-0.4182111819535363,0.3948564427498342,0.2698581183164364,-1.6755890175695909,-0.09529250498938523
CUST-12458,0,0.0,3,3,0,0,1,0,1,0,1,0,1,0,0,0,1,1,0,0,-0.5132366030475819,-1.3270492383099917,-0.6282527587267864,-1.6771782625242775,-0.09063408002437294
CUST-12459,1,1.0,2,2,0,1,1,1,1,0,1,0,1,0,0,0,0,0,0,0,-0.7683689356338785,0.25441483057835634,-0.0055399550504304455,-1.6771782625242775,-0.08648249628930475
CUST-12460,0,0.0,5,4,0,1,0,0,1,0,0,0,0,0,0,0,1,0,0,0,-0.9509967590298802,-1.3235293984059446,-1.3984874549520747,-1.6787675074789643,-0.03943731342513818
CUST-12461,0,0.0,2,3,1,1,1,0,1,1,0,0,0,1,0,0,1,0,1,0,0.5486155899765167,0.7274813136822823,0.9800508933082538,-1.680356752433651,-0.10886630357947222
CUST-12462,0,0.0,4,2,0,0,0,0,1,1,0,0,1,0,0,1,0,0,0,1,2.428220944763088,-0.3414236683787318,0.7189265614027858,-1.6819459973883377,-0.10976824556986846
CUST-12463,1,1.0,4,2,1,0,1,0,1,1,1,0,1,0,0,0,0,0,1,0,0.6299823327812402,1.8714292824975796,1.2504908932196015,-1.6835352423430243,-0.10925939374526551
CUST-12464,1,0.0,4,1,0,0,1,0,1,0,0,0,0,0,0,0,1,0,0,0,-0.7563919335348633,-0.1134084393945624,-0.35159002039976983,-1.6851244872977111,-0.07483302299808539
CUST-12465,1,0.0,3,4,1,1,1,0,1,1,0,0,0,0,1,0,0,0,0,0,-0.8406656166423885,1.9083876014900736,-0.027268415880343008,-1.6867137322523977,-0.06363187651323371
CUST-12466,1,0.0,2,3,0,1,0,0,1,0,1,0,0,0,0,0,1,0,0,0,-0.8831147009371266,-0.9029085298723198,-0.9685413143442717,-1.6883029772070846,-0.05483868777350822
CUST-12467,0,1.0,4,3,0,1,0,1,1,1,1,0,0,0,0,0,1,0,0,0,-1.0015090340819972,-0.5055186047054059,-1.0922491406396877,-1.6883029772070846,-0.021947018094268262
CUST-12468,1,0.0,3,2,1,0,0,0,1,1,1,0,0,0,0,0,0,1,0,0,-0.21472846515612806,1.24032198770194,0.6530064427275355,-1.6898922221617712,-0.10034657234132202
CUST-12469,0,0.0,3,1,0,0,1,1,1,1,1,0,0,1,0,1,0,1,0,0,-0.06035550857943076,-1.544223360389696,-0.38406437328349424,-0.6568830016154068,-0.10319263340878805
CUST-12470,0,0.0,1,1,0,1,0,1,1,1,0,0,0,0,0,1,0,0,1,0,0.29139363314742267,-0.7765462773170302,0.34423303656065873,-1.6946599570258314,-0.10705523334611708
CUST-12471,0,1.0,2,3,0,0,1,0,1,0,0,0,0,0,1,0,0,0,1,0,0.19235623757720974,0.48461236030303434,0.739697760068178,-1.6946599570258314,-0.10605657244070811
CUST-12472,1,0.0,3,3,0,1,0,0,1,1,0,0,0,0,0,1,0,0,0,0,-0.7625292565641665,-1.1137469401247393,-0.8426004604710714,-1.4610409486868843,-0.07291827598525322
CUST-12473,1,1.0,3,3,0,0,0,1,1,1,0,0,0,0,0,0,0,0,0,0,-0.6962192904672521,0.5127710795354108,-0.03827868368865916,-1.6994276918898916,-0.0815548783186918
CUST-12474,1,0.0,3,1,0,0,1,0,1,0,1,0,1,0,0,1,0,0,1,0,0.1972575589182158,0.14177995364885007,0.6491004099157661,-1.6994276918898916,-0.10620557419762656
CUST-12475,0,0.0,3,4,0,0,0,1,1,1,0,1,0,0,1,0,0,0,0,0,-0.6613671953081295,-1.636443165875729,-1.123897507445968,-1.6994276918898916,-0.08136329359282227
CUST-12476,1,0.0,4,2,1,1,0,0,0,1,0,0,0,1,0,1,0,0,0,0,-0.8908384827724484,0.9837256586969089,-0.35922778448355075,-1.7010169368445782,-0.05188381512837981
CUST-12477,0,0.0,3,2,0,0,1,0,1,1,1,0,0,1,0,0,1,0,0,0,-0.6144733353140222,-1.3710472371105802,-0.7522814173734231,-1.702606181799265,-0.08701321659272024
CUST-12478,1,0.0,3,2,1,1,0,0,1,1,0,1,0,0,0,0,1,0,0,0,-0.7964444063510747,0.7764070883485366,-0.1420544683599227,-1.7041954267539516,-0.07192484862836489
CUST-12479,1,0.0,4,3,0,0,1,0,1,0,0,0,0,1,0,0,1,0,0,0,-1.0670607937462224,0.09742997085785682,-1.2308509951603686,-1.707373916663325,0.036656835624195916
