CustomerID,Gender,SeniorCitizen,Partner,Dependents,TenureMonths,PhoneService,MultipleLines,InternetService,OnlineSecurity,TechSupport,StreamingTV,Contract,PaperlessBilling,PaymentMethod,MonthlyCharges,TotalCharges,SignupDate,SatisfactionScore,Churn
CUST-10000,Male,1,Yes,No,11.227951200217916,Yes,No,Fiber optic,Yes,No internet service,No,One year,Yes,Credit card (automatic),120.0,$1348.00,"Jan 01, 2018",4.0,Yes
CUST-10001,  Male ,1,No,No,9.716002847808108,Yes,Yes,No,Yes,No internet service,Yes,One year,Yes,Bank transfer (automatic),68.08,643.42,2018-01-01,1.0,No
CUST-10002,Female,0,No,Yes,4.65051728490161,Yes,Yes,DSL,No internet service,Yes,Yes,Month-to-month,Yes,Mailed check,18.0,85.7,2018-01-02,3.0,Yes
CUST-10003,Female,No,Yes,Yes,22.43098673540634,Yes,Yes,Fiber optic,Yes,No internet service,Yes,One year,Yes,Mailed check,,1629.08,"Jan 03, 2018",5.0,No
CUST-10004,Male,0,No,No,15.538930815556409,Yes,,No,,Yes,No,Month-to-month,Yes,Mailed check,35.23,536.87,2018-01-04,5.0,No
CUST-10005,Male,0,Yes,yes,48.18447754418471,No,No phone service,Fiber optic,No,No,No,month-to-month,Yes,Electronic check,95.21,4582.48,2018-01-05,4.0,Yes
CUST-10006,Male,0,No,No,0.7832736261800061,Yes,No phone service,Fiber optic,No,No internet service,Yes,Month-to-month,,Credit card (automatic),,82.64,"Jan 06, 2018",1.0,Yes
CUST-10007,Female,0,No,No,24.778887045988707,No,No phone service,DSL,No,Yes,No,One year,No,Credit card (automatic),58.95,1450.96,2018-01-07,4.0,No
CUST-10008,Female,1,Yes,No,34.54750700698985,Yes,Yes,Fiber optic,No,No internet service,No internet service,Two year,No,Credit card (automatic),38.06,1331.33,2018-01-08,1.0,No
CUST-10009,Female,1,Yes,yes,34.19950429499403,Yes,No,dsl,No,No internet service,Yes,Two year,No,Mailed check,69.09,2362.88,2018-01-08,4.0,Yes
CUST-10010,Male,0,Yes,No,52.132941008229594,Yes,Yes,Fiber optic,No,No,No internet service,Month-to-month,Yes,Electronic check,45.46,2366.45,INVALID_DATE,4.0,No
CUST-10011,Fe-male,0,No,,31.338263475376564,Yes,No,No,Yes,No,No,Month-to-month,No,Bank transfer (automatic),88.33,2765.21,INVALID_DATE,3.0,No
CUST-10012,Female,0,No,Yes,63.08291041910205,Yes,No,Fiber optic,No internet service,No,Yes,Month-to-month,No,Mailed check,81.38,5131.3,11/01/2018,1.0,No
CUST-10013,Male,0,No,Yes,9.70681254492916,,No,DSL,No,,Yes,Month-to-month,Yes,Credit card (automatic),120.0,$1180.61,"Jan 12, 2018",4.0,Yes
CUST-10014,Male,0,Yes,No,16.790080880553788,,Yes,DSL,No,Yes,No,One year,Yes,Credit card (automatic),51.35,841.74,2018-01-13,4.0,Yes
CUST-10015,Male,Yes,Yes,No,0.34031332915439494,No,Yes,Fiber optic,No,No,No,month-to-month,Yes,Electronic check,55.6,15.2,2018-01-14,3.0,No
CUST-10016,Male,0,Yes,Yes,0.1675657000949816,Yes,no,Fiber optic,Yes,Yes,Yes,Month-to-month,Yes,Bank transfer (automatic),60.06,7.53,2018-01-15,4.0,No
CUST-10017,Female,0,Yes,Yes,6.590483170543701,,Yes,No,Yes,Yes,,One year,Yes,Bank transfer (automatic),61.37,410.78,2018-01-15,1.0,Yes
CUST-10018,Male,0,No,No,2.550187291453381,Yes,No,Fiber optic,Yes,No internet service,No,Two year,,Bank transfer (automatic),95.51,243.02,2018-01-16,4.0,
CUST-10019,Male,1,No,Yes,7.233378382325341,Yes,No,,No,No,Yes,Month-to-month,No,Mailed check,56.41,408.37,2018-01-17,4.0,Yes
CUST-10020,Female,0,No,No,4.676440450418804,Yes,,Fiber optic,No,,Yes,Month-to-month,Yes,Electronic check,120.0,578.15,2018-01-18,3.0,Yes
CUST-10021,Male,0,Yes,No,0.6944309439830346,Yes,Yes,Fiber optic,No internet service,No,Yes,Two year,No,Electronic check,82.17,57.65,2018-01-19,4.0,Yes
CUST-10022,Male,0,NO,No,57.60584732444372,No,No phone service,DSL,No,No,No,Two year,Yes,Credit card (automatic),50.13,$2883.31,2018-01-20,4.0,No
CUST-10023,Male,0,No,No,0.19817106800579531,No,Yes,Fiber optic,Yes,Yes,No,One year,No,Electronic check,42.46,8.69,"Jan 21, 2018",3.0,No
CUST-10024,Female,1,yes,No,31.97081704910124,Yes,No,No,No,No internet service,No internet service,Month-to-month,No,Credit card (automatic),95.93,3067.79,2018-01-22,2.0,No
CUST-10025,Female,0,No,No,3.961177280425487,Yes,No,DSL,No,Yes,No,Month-to-month,Yes,Mailed check,65.56,281.92,2018-01-22,2.0,Yes
CUST-10026,Male,0,Yes,No,58.39274917613055,Yes,No,dsl,No,No,Yes,One year,No,Credit card (automatic),64.97,3780.52,2018-01-23,,No
CUST-10027,Female,No,Yes,No,53.59250769846549,Yes,Yes,,No,No,No,Month-to-month,Yes,,46.75,2516.19,"Jan 24, 2018",3.0,No
CUST-10028,Female,0,No,No,25.464740174279342,Yes,No phone service,Fiber optic,No,No,Yes,Month-to-month,Yes,Bank transfer (automatic),62.86,1604.63,2018-01-25,1.0,Yes
CUST-10029,Male,nan,Yes,Yes,26.77093912485072,Yes,No,DSL,Yes,No,No,Two year,No,Mailed check,45.53,1209.73,2018-01-26,5.0,No
CUST-10030,Female,0,Yes,Yes,0.12848270701212772,Yes,No,DSL,No,No,No internet service,Two year,No,Mailed check,105.55,17.17,2018-01-27,2.0,Yes
CUST-10031,Male,1,No,Yes,72.0,Yes,No,DSL,Yes,Yes,No,Two year,No,Electronic check,86.21,6192.17,2018-01-28,3.0,No
CUST-10032,Male,0,No,Yes,50.45671374918807,Yes,No,DSL,No,No,No internet service,Month-to-month,N,Electronic check,59.46,3004.93,2018-01-29,2.0,No
CUST-10033,  Male ,0,No,No,54.1153707487608,Yes,No phone service,Fiber optic,Yes,No internet service,,Month-to-month,No,Bank transfer (automatic),59.02,3200.7,2018-01-29,99.0,No
CUST-10034,Fe-male,1,Yes,No,25.8381642336377,Yes,No,DSL,No internet service,No,No,Two year,No,Credit card (automatic),67.47,1763.29,2018-01-30,3.0,Yes
CUST-10035,Female,1,Yes,No,10.14707511555157,Yes,Yes,Fiber optic,No,Yes,Yes,Two year,No,Electronic check,64.53,645.62,"Jan 31, 2018",4.0,Yes
CUST-10036,Male,1,No,No,53.784168838303565,Yes,No,Fiber optic,No,No,Yes,Two year,Yes,Mailed check,35.99,1936.32,2018-02-01,3.0,No
CUST-10037,Male,0,NO,No,8.271098713952707,Yes,No,DSL,No internet service,Yes,Yes,,Yes,Bank transfer (automatic),18.0,147.63,02/02/2018,1.0,No
CUST-10038,Female,1,No,No,19.851893226263382,Yes,No,Fiber optic,No internet service,Yes,No,Two year,No,Credit card (automatic),40.77,803.22,2018-02-03,3.0,No
CUST-10039,Male,1,yes,No,2.5214793769796575,Yes,Yes,dsl,No,No,No internet service,One year,Yes,Electronic check,60.84,144.65,2018-02-04,3.0,Yes
CUST-10040,Male,0,No,Yes,61.21146646971118,Yes,Yes,Fiber optic,Yes,No,No,Month-to-month,No,Electronic check,42.57,2603.78,2018-02-05,,No
CUST-10041,Female,1,No,Yes,3.6412601377257725,Yes,No,Fiber optic,No internet service,Yes,No internet service,One year,Yes,Credit card (automatic),89.28,326.18,"Feb 05, 2018",4.0,Yes
CUST-10042,Male,1,Yes,No,6.1142185103216296,Yes,Yes,No,No,No,No internet service,One year,Yes,Electronic check,57.83,348.49,2018-02-06,5.0,Yes
CUST-10043,male,0,No,,19.601975235707656,Yes,Yes,Fiber optic,No,,No internet service,Month-to-month,No,Bank transfer (automatic),120.0,2355.73,2018-02-07,3.0,No
CUST-10044,Male,0,No,Yes,34.66362288770581,Yes,Yes,No,No internet service,,Yes,Two year,Yes,Bank transfer (automatic),47.86,,2018-02-08,3.0,No
CUST-10045,Female,0,No,Yes,23.181081409002907,Yes,No,DSL,Yes,No internet service,No internet service,Month-to-month,Yes,Mailed check,68.92, ,2018-02-09,3.0,No
CUST-10046,Male,0,No,No,6.339358239914908,Yes,No phone service,No,Yes,Yes,No,Two year,Yes,Mailed check,56.03, ,2018-02-10,4.0,Yes
CUST-10047,Female,0,No,Yes,0.022643699324423026,Yes,Yes,DSL,No,Yes,Yes,Month-to-month,No,Credit card (automatic),77.89,16.58,2018-02-11,4.0,Yes
CUST-10048,Female,0,Yes,No,33.96752879435376,Yes,Yes,fiber optic,No,No internet service,,Month-to-month,No,Electronic check,-96.67,3283.05,"Feb 12, 2018",4.0,Yes
CUST-10049,Male,0,No,No,72.0,Yes,Yes,DSL,No,Yes,No internet service,Two year,Y,Electronic check,82.95,5974.43,12/02/2018,5.0,No
CUST-10050,Fe-male,0,Yes,yes,39.84657719488706,Yes,No,No,No,Yes,No,Month-to-month,Yes,Mailed check,18.0,718.68,2018-02-13,1.0,No
CUST-10051,Female,0,No,No,14.797652132636635,Yes,No,dsl,No,No,No internet service,One year,No,Mailed check,79.7,1176.08,2018-02-14,4.0,Yes
CUST-10052,FEMALE,1,Yes,No,56.183655866614544,Yes,Yes,DSL,No,Yes,Yes,Month-to-month,Yes,Bank transfer (automatic),-34.37,1922.55,2018-02-15,4.0,No
CUST-10053,male,Yes,Yes,No,12.656990262001248,Yes,Yes,dsl,No internet service,No internet service,No,Two year,Yes,Credit card (automatic),55.41,708.29,16/02/2018,3.0,No
CUST-10054,Female,0,Yes,No,17.863241149473865,No,No,DSL,Yes,No internet service,Yes,Two year,Yes,Credit card (automatic),$85.38,1511.21,2018-02-17,4.0,Yes
CUST-10055,FEMALE,No,No,No,15.56212720607595,Yes,No phone service,DSL,No,No,No,month-to-month,Yes,Electronic check,31.11,486.18,2018-02-18,5.0,Yes
CUST-10056,Male,0,Yes,Yes,14.2446257915325,Yes,No,Fiber optic,No internet service,No internet service,No,Two year,Yes,Electronic check,,1406.67,"Feb 19, 2018",3.0,Yes
CUST-10057,Male,0,Yes,No,35.82007439869839,Yes,Yes,,No,Yes,Yes,Two year,Yes,Electronic check,54.1,1939.81,2018-02-19,2.0,No
CUST-10058,Male,0,No,No,17.9561145998436,No,Yes,Fiber optic,No,No,No,Month-to-month,Yes,Credit card (automatic),120.0,2157.77,2018-02-20,3.0,No
CUST-10059,Male,0,Yes,No,9.14031204849501,Yes,Yes,Fiber optic,Yes,No,Yes,Month-to-month,No,Mailed check,66.76,617.32,21/02/2018,5.0,No
CUST-10060,Male,1,yes,No,7.166861339943267,Yes,Yes,Fiber optic,No internet service,No,Yes,Month-to-month,Yes,Mailed check,115.86,839.49,2018-02-22,4.0,No
CUST-10061,Male,1,yes,No,0.9234767647592291,Yes,No,dsl,No,Yes,No,One year,,Credit card (automatic),100.63,89.02,2018-02-23,2.0,Yes
CUST-10062,Female,0,No,Yes,21.00329234025948,Yes,Yes,No,No,No,No,Two year,No,Mailed check,46.37,964.54,2018-02-24,4.0,No
CUST-10063,Male,0,Yes,No,6.271551732505879,Yes,,DSL,No,,Yes,Month-to-month,Yes,Electronic check, 25.6 ,138.82,"Feb 25, 2018",2.0,No
CUST-10064,Male,0,No,No,3.847822799351751,Yes,Yes,DSL,No,Yes,Yes,Month-to-month,Yes,Mailed check,68.11,242.02,2018-02-26,3.0,No
CUST-10065,Female,0,Yes,No,25.459804574748304,No,Yes,DSL,No,Yes,Yes,Month-to-month,No,Bank transfer (automatic),47.22,1210.1,2018-02-26,3.0,No
CUST-10066,Male,0,No,No,27.437288929884957,No,No,Fiber optic,No internet service,Yes,Yes,Month-to-month,No,Bank transfer (automatic), 112.1 ,3063.5,2018-02-27,3.0,Yes
CUST-10067,Female,0,Yes,Yes,33.47883104386979,Yes,Yes,DSL,No,No,No,One year,No,Bank transfer (automatic),57.29,1923.15,2018-02-28,1.0,Yes
CUST-10068,Male,1,yes,No,16.807840423354783,,Yes,DSL,No,No,No internet service,One year,No,Electronic check,55.69, ,01/03/2018,4.0,Yes
CUST-10069,,Yes,Yes,Yes,53.87595506483823,Yes,Yes,No,No,No internet service,Yes,Two year,Yes,Electronic check,22.82,1250.76,2018-03-02,5.0,No
CUST-10070,Female,0,No,No,66.10181063244282,Yes,No,DSL,No,No,No,Month-to-month,Yes,Bank transfer (automatic),77.28,,03/03/2018,3.0,Yes
CUST-10071,Male,1,No,No,39.52773377433939,Yes,no,Fiber optic,Yes,No,Yes,1-Year,No,Credit card (automatic),29.47,1154.2,2018-03-04,2.0,No
CUST-10072,Male,0,No,Yes,24.227645444192135,Yes,No,Fiber optic,No internet service,No,Yes,Month-to-month,No,Electronic check,77.97,1889.34,2018-03-05,2.0,Yes
CUST-10073,Female,0,Yes,No,8.68811448599712,Yes,No,DSL,No,No,Yes,Month-to-month,No,Electronic check,82.1,709.74,2018-03-05,2.0,Yes
CUST-10074,Female,0,  Yes,Yes,72.0,Yes,No,Fiber optic,No,No,No internet service,One year,No,Bank transfer (automatic),42.21,3051.67,06/03/2018,2.0,No
CUST-10075,Female,0,No,Yes,7.689428156740355,Yes,Yes,Fiber optic,Yes,No,No,Month-to-month,Yes,Bank transfer (automatic),93.4,710.51,2018-03-07,5.0,Yes
CUST-10076,Female,nan,No,No,5.435285545691995,Yes,No,No,No internet service,No internet service,No,Month-to-month,N,Electronic check,56.45,304.3,"Mar 08, 2018",3.0,Yes
CUST-10077,Male,0,Yes,No,,Yes,No,DSL,No,Yes,No,Month-to-month,No,Bank transfer (automatic),20.56, ,2018/03/09 11:29,1.0,no
CUST-10078,Male,0,No,No,1.4044786700669682,Yes,Yes,Fiber optic,No internet service,Yes,Yes,One year,Yes,Credit Card,111.06,143.64,10/03/2018,2.0,Yes
CUST-10079,Male,0,Yes,No,72.0,No,Yes,No,,Yes,No internet service,Two year,Yes,Bank transfer (automatic),37.0,2658.9,INVALID_DATE,0.0,No
CUST-10080,Female,0,Yes,No,21.30683532265465,Yes,Yes,Fiber optic,No internet service,No,Yes,One year,Yes,Mailed check,79.91,1691.07,2018-03-12,3.0,No
CUST-10081,Female,0,Yes,No,19.53785686936031,No,No,No,No internet service,No,Yes,One year,No,Credit card (automatic),77.47,1515.94,2018-03-12,3.0,Yes
CUST-10082,Male,0,No,Yes,25.59651809524324,Yes,Yes,fiber optic,Yes,No,Yes,Month-to-month,Yes,Electronic check,76.38,1970.34,2018-03-13,3.0,No
CUST-10083,Male,0,Yes,Yes,16.493090963067303,Yes,No phone service,No,No internet service,No internet service,Yes,Month-to-month,Yes,Mailed check,75.86,1251.91,2018-03-14,1.0,Yes
CUST-10084,Male,0,Yes,No,0.7821314565994254,No,No,Fiber optic,Yes,Yes,Yes,Month-to-month,Yes,Mailed check,35.59,35.99,2018-03-15,,Yes
CUST-10085,Male,0,No,No,22.741261252611686,Yes,No,No,No internet service,No,No,Two year,Yes,Mailed check,,,2018-03-16,1.0,Yes
CUST-10086,Female,0,No,No,30.225443306938153,Yes,Yes,Fiber optic,No,No,Yes,Month-to-month,Yes,Credit card (automatic),93.39,9879.37,2018-03-17,4.0,No
CUST-10087,Female,0,Yes,No,12.939306179833068,Yes,No,DSL,No,No,No,,No,Electronic check,78.95,1011.57,2018-03-18,1.0,Yes
CUST-10088,male,0,No,No,33.9818621271059,Yes,No phone service,DSL,Yes,No,Yes,Month-to-month,No,Electronic check, 24.7 ,839.39,2018-03-19,3.0,No
CUST-10089,Female,1,Yes,Yes,6.179469871191537,,No,DSL,No internet service,No internet service,,One year,Yes,Credit card (automatic),35.35,213.73,2018-03-19,5.0,Yes
CUST-10090,Male,1,Yes,Yes,6.002384527075975,Yes,No,DSL,Yes,Yes,Yes,month-to-month,No,Electronic check,84.42,510.96,2018-03-20,4.0,Yes
CUST-10091,Female,1,Yes,No,4.225000839605807,No,no,DSL,No,Yes,No,Month-to-month,No,Mailed check,18.0,87.8,21/03/2018,3.0,Yes
CUST-10092,Female,0,No,No,11.164962438335463,Yes,no,DSL,No internet service,No,No,Two year,Yes,Bank transfer (automatic),74.86,831.79,2018-03-22,3.0,Yes
CUST-10093,Female,0,Yes,No,45.0575045605805,Yes,No,No,No,No,Yes,Month-to-month,Yes,Credit Card,24.76,1117.73,"Mar 23, 2018",2.0,No
CUST-10094,Female,0,Yes,Yes,42.23399198989685,Yes,No,No,Yes,Yes,Yes,Month-to-month,Yes,Bank transfer (automatic),38.66,1649.96,"Mar 24, 2018",0.0,Yes
CUST-10095,Female,1,Yes,,11.582433155938642,Yes,No,Fiber optic,No,Yes,Yes,Month-to-month,Yes,Mailed check,22.37,246.09,25/03/2018,4.0,Yes
CUST-10096,Female,0,No,Yes,21.346824037277752,Yes,Yes,No,Yes,No,Yes,Two year,No,Bank transfer (automatic),72.08,1552.22,2018-03-26,3.0,No
CUST-10097,Male,0,Yes,Yes,30.621248397552268,Yes,No phone service,DSL,No,No,Yes,Month-to-month,No,Credit Card,98.19,2991.99,27/03/2018,3.0,Yes
CUST-10098,Male,0,Yes,,6.624623257016269,Yes,No,No,,,No,Month-to-month,No,Credit card (automatic),75.14,,2018-03-27,2.0,Yes
CUST-10099,Male,0,Yes,Yes,4.4182182463923905,Yes,Yes,Fiber optic,No,No,No,,No,Electronic check,78.43,344.39,2018-03-28,4.0,Yes
CUST-10100,Male,0,Yes,No,72.0,Yes,No,DSL,Yes,Yes,No,Month-to-month,No,Credit card (automatic),69.74,5029.06,2018-03-29,3.0,No
CUST-10101,Female,0,No,Yes,23.068235409575244,Yes,No,DSL,No,No,Yes,Month-to-month,No,Credit card (automatic),85.18,1959.83,2018-03-30,3.0,Yes
CUST-10102,Male,1,No,No,72.0,Yes,No,DSL,,Yes,No internet service,,Yes,Bank transfer (automatic),78.71,5669.45,31/03/2018,5.0,No
CUST-10103,Female,0,Yes,No,9.890908595114203,Yes,No,DSL,Yes,No,Yes,Month-to-month,No,Bank transfer (automatic),,165.47,2018-04-01,2.0,yes
CUST-10104,male,0,Yes,No,,Yes,No,DSL,No,No,Yes,Month-to-month,No,Mailed check,91.89, ,2018-04-02,2.0,No
CUST-10105,Male,0,Yes,No,6.043318521601481,Yes,yes,DSL,No,No,Yes,Two year,No,Bank transfer (automatic),88.73,534.97,2018-04-03,3.0,No
CUST-10106,Male,0,Yes,Yes,7.265478299621968,Yes,No,DSL,No internet service,No internet service,Yes,Month-to-month,Yes,Bank transfer (automatic),53.83,406.65,2018-04-03,2.0,Yes
CUST-10107,Female,0,Yes,No,17.21374372972546,Yes,No,DSL,No internet service,Yes,No,Month-to-month,No,Electronic check,18.0,297.94,2018-04-04,3.0,Yes
CUST-10108,Male,1,No,No,9.242425399293808,Yes,Yes,,No,No internet service,No,Month-to-month,Yes,Electronic check,71.97,670.34,2018-04-05,4.0,Yes
CUST-10109,Male,0,NO,Yes,4.403234170109118,Yes,Yes,DSL,No,No internet service,No,One year,No,Electronic check,74.5,343.8,2018-04-06,1.0,Yes
CUST-10110,Male,1,  Yes,No,7.320132723254755,No,No,DSL,No,No,No,Month-to-month,No,Credit card (automatic),51.49,369.98,2018-04-07,2.0,Yes
CUST-10111,Male,0,No,Yes,0.8736724040437106,Yes,Yes,Fiber optic,Yes,Yes,No internet service,Month-to-month,Yes,Bank transfer (automatic),70.3,57.88,2018-04-08,2.0,Yes
CUST-10112,FEMALE,0,No,No,29.251872081042038,Yes,No,No,Yes,Yes,No,Month-to-month,Yes,Mailed check,96.86,2825.92,2018-04-09,1.0,Yes
CUST-10113,Female,1,No,No,16.260083944985766,Yes,Yes,Fiber optic,No,No,No,Month-to-month,No,Credit card (automatic),120.0,1958.81,2018-04-10,2.0,Yes
CUST-10114,Female,0,Yes,Yes,2.3756230595707732,Yes,yes,No,Yes,No,Yes,One year,Yes,Bank transfer (automatic),69.11,172.63,2018-04-10,2.0,Yes
CUST-10115,Female,0,No,No,4.520942864544793,Yes,Yes,Fiber optic,No internet service,Yes,Yes,Month-to-month,Yes,Credit card (automatic),74.72,350.39,2018-04-11,3.0,Yes
CUST-10116,Female,0,Yes,No,2.5963354064865265,Yes,No,DSL,Yes,No internet service,No,One year,No,Electronic check,39.99,120.65,2018-04-12,4.0,No
CUST-10117,Male,0,No,No,22.75869513846627,Yes,No,DSL,Yes,Yes,Yes,One year,No,Mailed check,49.66,1116.89,"Apr 13, 2018",2.0,Yes
CUST-10118,male,1,No,,2.3747565436093794,Yes,Yes,Fiber optic,No,Yes,No,Month-to-month,Yes,Bank transfer (automatic),60.62, ,2018-04-14,4.0,No
CUST-10119,Female,0,Yes,No,33.685730338114595,Yes,Yes,Fiber optic,Yes,Yes,Yes,Month-to-month,Yes,Electronic check,100.03,3359.48,2018-04-15,1.0,Yes
CUST-10120,Female,1,Yes,No,0.497380548264554,Yes,Yes,Fiber optic,No,Yes,No internet service,Month-to-month,No,Mailed check,89.27,63.16,"Apr 16, 2018",4.0,Yes
CUST-10121,male,1,yes,No,6.884403262435382,Yes,No phone service,DSL,No,No internet service,,Month-to-month,No,Mailed check,120.0,834.93,2018-04-17,4.0,Yes
CUST-10122,Male,0,Yes,Yes,53.12049704743936,Yes,Yes,Fiber optic,No,No,Yes,One year,Yes,Credit card (automatic),19.99,1071.3,2018-04-17,4.0,No
CUST-10123,Male,1,No,No,30.425618208536143,Yes,Yes,Fiber optic,No internet service,Yes,No internet service,One year,Yes,Mailed check,24.99,752.26,"Apr 18, 2018",2.0,No
CUST-10124,Male,0,No,No,1.8184212764648606,Yes,No,Fiber optic,No,No internet service,No internet service,Month-to-month,Yes,Mailed check,97.76,186.1,2018-04-19,3.0,Yes
CUST-10125,Male,No,No,No,41.3057811778737,Yes,No,Fiber optic,Yes,No internet service,,One year,Y,Mailed check,108.17,4468.82,2018-04-20,4.0,yes
CUST-10126,Female,0,No,No,16.303525225087164,Yes,No,Fiber optic,No internet service,No,Yes,,Yes,Electronic check,65.69,1081.65,2018-04-21,3.0,Yes
CUST-10127,Female,0,Yes,No,45.02160573832917,Yes,Yes,DSL,No,No internet service,No,Month-to-month,Yes,Credit card (automatic),18.0,819.3,2018-04-22,2.0,No
CUST-10128,Male,0,Yes,No,22.035405127648133,Yes,Yes,No,No,No,Yes,Month-to-month,Yes,Electronic check,42.39,$942.32,2018-04-23,5.0,No
CUST-10129,Female,0,No,No,27.48429545989078,Yes,Yes,Fiber optic,No,No,No,Two year,Yes,Bank transfer (automatic),74.76,2051.07,2018-04-24,4.0,No
CUST-10130,Male,0,No,No,72.0,No,No,DSL,No,No,No,Month-to-month,No,Electronic check,37.72,2716.84,24/04/2018,4.0,No
CUST-10131,Male,1,No,No,6.3456612014912785,Yes,Yes,dsl,No internet service,Yes,No,Two year,No,Mailed check,70.25,441.79,2018-04-25,1.0,No
CUST-10132,Male,0,Yes,No,23.472513554212533,Yes,Yes,Fiber optic,No,No,Yes,2-Year,No,Credit card (automatic),120.0,,2018-04-26,3.0,Yes
CUST-10133,Male,0,Yes,,14.802755601091826,No,No,Fiber optic,No,No internet service,No internet service,Month-to-month,Yes,,107.48,1587.43,2018-04-27,3.0,Yes
CUST-10134,  Male ,1,NO,No,,,No,DSL,Yes,No,No,Two year,Yes,Mailed check,88.97, ,2018-04-28,3.0,Yes
CUST-10135,Male,0,Yes,Yes,,Yes,No,Fiber optic,No internet service,No internet service,Yes,Month-to-month,No,Electronic check,62.77, ,2018-04-29,2.0,Yes
CUST-10136,Female,No,No,No,3.0469713455357588,Yes,no,DSL,No internet service,No,No,Month-to-month,Yes,Electronic check,$49.86, ,2018-04-30,3.0,No
CUST-10137,Female,1,Yes,No,25.133531009635405,Yes,No,Fiber optic,No,No,No internet service,Month-to-month,No,Mailed check,87.43,2204.12,2018-05-01,4.0,Yes
CUST-10138,Male,No,No,Yes,20.097462441119752,Yes,No,Fiber optic,No,No,,Month-to-month,Yes,Bank transfer (automatic), 65.5 ,1307.53,2018-05-01,3.0,yes
CUST-10139,,1,yes,Yes,19.34779520054445,No,No,Fiber optic,No,No,No,One year,Yes,Mailed check,66.49,1300.06,2018-05-02,4.0,no
CUST-10140,Fe-male,0,No,No,0.7770055213836462,Yes,Yes,DSL,No,No,Yes,Month-to-month,Yes,Credit card (automatic),18.16,31.45,2018-05-03,3.0,Yes
CUST-10141,Male,0,Yes,No,15.20553684519897,Yes,No,No,No,Yes,Yes,Two year,Y,Bank transfer (automatic),43.26,661.3,04/05/2018,3.0,No
CUST-10142,Female,1,No,No,62.04601616818309,Yes,No,DSL,No,Yes,Yes,Month-to-month,Yes,Electronic check,87.26,5406.7,2018-05-05,2.0,No
CUST-10143,Male,0,No,Yes,12.163682530254189,No,No,Fiber optic,Yes,,Yes,Month-to-month,No,Credit card (automatic),31.67,418.0,2018-05-06,4.0,No
CUST-10144,Male,0,Yes,Yes,23.53494065160496,Yes,No,No,No,Yes,No,Month-to-month,No,Credit card (automatic),72.67,1716.45,"May 07, 2018",2.0,No
CUST-10145,Male,0,No,No,36.31929288922823,,No,Fiber optic,No,No,Yes,Month-to-month,Yes,Bank transfer (automatic),77.08,2772.96,INVALID_DATE,4.0,No
CUST-10146,Female,No,No,No,36.77114402926213,Yes,No,DSL,No,No,Yes,Month-to-month,Yes,Credit card (automatic),78.83,2890.71,2018-05-08,3.0,No
CUST-10147,Female,0,No,Yes,17.579291288548678,Yes,Yes,Fiber optic,No internet service,No,No internet service,Two year,No,Credit card (automatic),81.51,1436.45,2018-05-09,3.0,Yes
CUST-10148,Male,0,No,No,46.838156783278116,Yes,Yes,DSL,Yes,No internet service,No,Month-to-month,Yes,Bank transfer (automatic),83.53,3917.49,10/05/2018,5.0,No
CUST-10149,Male,0,Yes,No,11.917393128884488,Yes,Yes,Fiber optic,Yes,No,No internet service,One year,No,Credit card (automatic),45.99,,2018-05-11,2.0,Yes
CUST-10150,male,0,Yes,Yes,52.691161422230834,Yes,No,DSL,Yes,No internet service,Yes,Month-to-month,N,Bank transfer (automatic),20.67,1103.24,2018-05-12,3.0,No
CUST-10151,Male,0,Yes,Yes,-5.0,Yes,Yes,Fiber optic,Yes,No,No,One year,Yes,Mailed check,38.49, ,2018-05-13,3.0,Yes
CUST-10152,Male,0,No,Yes,7.8913122579722454,,No,Fiber optic,Yes,No,Yes,One year,Yes,Mailed check,86.6,678.9,INVALID_DATE,99.0,No
CUST-10153,Female,0,No,No,1.310005655690296,Yes,No,DSL,,No internet service,No,Month-to-month,Yes,Credit card (automatic),28.67,35.04,INVALID_DATE,4.0,Yes
CUST-10154,,1,No,No,38.102101494792265,Yes,no,DSL,Yes,,No,One year,Yes,Electronic check,33.48,1268.12,15/05/2018,4.0,Yes
CUST-10155,Male,0,Yes,No,12.951908206674165,Yes,Yes,DSL,No,,No,Month-to-month,Yes,Mailed check,33.32,,2018-05-16,2.0,Yes
CUST-10156,Female,1,Yes,No,6.24523600962267,Yes,Yes,Fiber optic,Yes,No,No internet service,Two year,No,Bank transfer (automatic),18.0,114.65,2018-05-17,2.0,No
CUST-10157,Female,0,No,No,6.328620170228551,No,Yes,Fiber optic,No,Yes,No internet service,Two year,No,Bank transfer (automatic),136.3,174.82,2018-05-18,1.0,No
CUST-10158,Male,0,No,No,,Yes,,Fiber optic,,Yes,No,One year,No,Bank transfer (automatic),94.71, ,"May 19, 2018",4.0,Yes
CUST-10159,Female,0,Yes,No,43.08636503828261,Yes,Yes,Fiber optic,No,No internet service,Yes,Two year,No,Mailed check,43.2,1853.13,20/05/2018,3.0,No
CUST-10160,Male,0,No,Yes,19.35324127657524,Yes,Yes,DSL,No internet service,No internet service,No internet service,Two year,Yes,Electronic check,18.0,1219.25,21/05/2018,3.0,Yes
CUST-10161,Female,0,Yes,No,22.977631458723657,Yes,Yes,fiber optic,,No,No,One year,Yes,Credit card (automatic),49.35,1147.1,2018-05-22,4.0,Yes
CUST-10162,Female,0,Yes,No,15.433757119085165,Yes,No,Fiber optic,No,Yes,No,Month-to-month,Yes,Bank transfer (automatic),80.02,1236.32,2018-05-22,4.0,Yes
CUST-10163,Female,0,No,No,11.928770355522865,Yes,No,DSL,No,No,No,One year,Yes,Credit card (automatic),18.0,204.37,2018-05-23,2.0,Yes
CUST-10164,Male,0,Yes,No,59.29752448775947,Yes,Yes,Fiber optic,No,No,Yes,Month-to-month,Yes,Electronic check,93.3,5538.29,2018-05-24,5.0,No
CUST-10165,Female,0,,Yes,3.2215648919161044,Yes,No,No,No internet service,No,Yes,One year,Yes,Bank transfer (automatic),21.47,66.29,2018-05-25,1.0,Yes
CUST-10166,Male,0,Yes,No,13.009267343822785,No,No,Fiber optic,Yes,No,Yes,One year,No,Bank transfer (automatic),52.84,682.15,2018-05-26,1.0,Yes
CUST-10167,Male,0,Yes,No,10.138834179742082,Yes,No,Fiber optic,No,No internet service,Yes,One year,Y,Mailed check,52.45,$545.12,2018/05/27 08:24,4.0,No
CUST-10168,Male,1,Yes,No,16.546930653970648,Yes,No,No,No,Yes,No,One year,Yes,Credit card (automatic),$47.86,,28/05/2018,3.0,No
CUST-10169,Female,0,No,No,14.68344743609051,No,yes,Fiber optic,No,No,Yes,One year,No,Electronic check,62.76,920.33,2018-05-29,5.0,Yes
CUST-10170,Female,0,Yes,No,17.559800911632784,Yes,Yes,DSL,No internet service,No,No internet service,Month-to-month,No,Bank transfer (automatic),88.06,1565.07,2018-05-29,3.0,Yes
CUST-10171,Male,0,No,No,3.6174883594932945,Yes,Yes,No,No,No,No,Month-to-month,Yes,Bank transfer (automatic),63.48,234.27,2018-05-30,5.0,No
CUST-10172,Female,1,Yes,No,17.27476213540061,Yes,yes,No,No,No,Yes,One year,Yes,Bank transfer (automatic),46.53,804.52,2018-05-31,2.0,No
CUST-10173,Male,0,Yes,No,,Yes,Yes,Fiber optic,No,No internet service,Yes,Month-to-month,,Bank transfer (automatic),78.42, ,2018-06-01,4.0,No
CUST-10174,Female,1,Yes,No,4.889929714109534,Yes,No,Fiber optic,Yes,Yes,No,Two year,No,Electronic check,70.92,354.86,"Jun 02, 2018",,Yes
CUST-10175,Male,0,No,No,1.6087550231830885,Yes,Yes,dsl,Yes,Yes,Yes,Month-to-month,,Bank transfer (automatic),44.61,62.02,2018-06-03,3.0,Yes
CUST-10176,Female,0,No,No,34.517525149481656,No,No,Fiber optic,No,No internet service,No,Month-to-month,Yes,Mailed check,65.97,2259.02,2018-06-04,1.0,Yes
CUST-10177,Male,0,Yes,no,13.383386409930885,Yes,No,DSL,No,No,No internet service,One year,Yes,Mailed check,42.13,564.7,2018-06-05,1.0,Yes
CUST-10178,FEMALE,0,No,Yes,23.64532902475711,Yes,No,Fiber optic,No,Yes,No,One year,Yes,Mailed check,38.73,914.14,05/06/2018,5.0,No
CUST-10179,Male,0,No,Yes,31.211022427154568,No,Yes,DSL,Yes,No,Yes,Month-to-month,,Mailed check,88.87,2758.78,"Jun 06, 2018",3.0,Yes
CUST-10180,Male,0,Yes,yes,27.295227337530072,Yes,No,DSL,No,No,No internet service,Month-to-month,Yes,Bank transfer (automatic),78.11,2139.55,07/06/2018,3.0,No
CUST-10181,Male,1,No,No,15.259763327898398,No,Yes,Fiber optic,No internet service,Yes,Yes,Month-to-month,Yes,Credit card (automatic),87.81,1335.44,2018-06-08,4.0,Yes
CUST-10182,FEMALE,0,Yes,No,11.780572988329192,Yes,Yes,DSL,No internet service,No,Yes,Month-to-month,Yes,Mailed check,83.75,982.49,2018-06-09,4.0,No
CUST-10183,Female,0,yes,No,11.31697596733805,Yes,No phone service,Fiber optic,Yes,No internet service,No,Month-to-month,Yes,Mailed check,38.08,414.28,10/06/2018,3.0,No
CUST-10184,Male,0,No,Yes,24.52288328993386,No,No phone service,No,No,No,No internet service,One year,Yes,Mailed check,94.74,2322.14,2018-06-11,5.0,Yes
CUST-10185,Female,0,yes,No,16.38695315185475,Yes,Yes,Fiber optic,No internet service,Yes,Yes,Two year,No,Bank transfer (automatic),55.77,921.37,2018-06-12,3.0,
CUST-10186,Female,0,No,No,,No,No,No,No,Yes,No internet service,Month-to-month,Yes,Mailed check,$92.58, ,2018-06-13,4.0,Yes
CUST-10187,Female,0,Yes,No,49.849446091472586,No,Yes,DSL,No internet service,No,Yes,Month-to-month,Yes,Mailed check,60.95,3028.81,2018-06-13,1.0,No
CUST-10188,Female,0,yes,No,4.488119050451182,No,Yes,No,No internet service,Yes,Yes,One year,Yes,Bank transfer (automatic),74.09,330.37,2018-06-14,2.0,Yes
CUST-10189,Male,0,Yes,No,3.5148714427356174,Yes,Yes,No,Yes,No internet service,No,Two year,No,Electronic check,75.0,263.91,15/06/2018,5.0,Yes
CUST-10190,Male,0,Yes,Yes,23.888074673433685,Yes,No,DSL,Yes,No,Yes,Month-to-month,Yes,Electronic check,89.1,,2018-06-16,3.0,No
CUST-10191,male,0,No,No,8.602261140286682,Yes,Yes,DSL,Yes,No,Yes,Month-to-month,Yes,Electronic check,18.0,157.72,"Jun 17, 2018",3.0,Yes
CUST-10192,male,0,No,Yes,0.44988767000223207,Yes,Yes,DSL,Yes,No internet service,Yes,Month-to-month,No,Mailed check,18.0,7.41,"Jun 18, 2018",4.0,Yes
CUST-10193,Female,0,yes,No,,Yes,,No,No internet service,No,Yes,Month-to-month,Yes,Electronic check,84.85, ,2018-06-19,3.0,Yes
CUST-10194,Male,No,Yes,yes,6.176348761950075,,Yes,No,No internet service,Yes,Yes,One year,Yes,Bank transfer (automatic),75.39,461.85,2018-06-20,1.0,Yes
CUST-10195,Male,0,No,No,63.576865817027425,Yes,Yes,DSL,Yes,No,No,1-Year,No,Electronic check,41.43,2635.25,2018-06-20,4.0,No
CUST-10196,Female,0,No,No,30.33227335251845,,No,Fiber optic,No,No,No,One year,Yes,Mailed check,75.63,2298.47,"Jun 21, 2018",4.0,Yes
CUST-10197,male,0,Yes,No,34.517619305845685,Yes,Yes,DSL,No,No,No internet service,,Yes,Electronic check,,790.92,2018-06-22,5.0,No
CUST-10198,male,1,Yes,No,,Yes,Yes,Fiber optic,No,No,No,Month-to-month,No,Bank transfer (automatic),$120.00, ,"Jun 23, 2018",3.0,Yes
CUST-10199,Female,1,Yes,Yes,6.403847059253395,Yes,No,,No,No,No,Two year,No,Credit card (automatic),104.05,688.78,2018-06-24,3.0,Yes
CUST-10200,Female,0,Yes,,17.678731749132464,Yes,No,DSL,No internet service,No,No,Month-to-month,No,Bank transfer (automatic),83.37,1473.08,INVALID_DATE,3.0,Yes
CUST-10201,Male,nan,,No,4.532705444563051,Yes,No,fiber optic,Yes,No,No internet service,Month-to-month,Yes,Bank transfer (automatic),66.97,304.23,"Jun 26, 2018",1.0,Yes
CUST-10202,Male,0,No,No,8.747154406948361,Yes,Yes,No,Yes,No,Yes,One year,Yes,Bank transfer (automatic),46.14,402.07,2018-06-27,1.0,No
CUST-10203,male,0,No,No,9.307571994221,,No,dsl,Yes,No,Yes,Month-to-month,No,Electronic check,25.39,241.95,2018-06-27,2.0,No
CUST-10204,Female,1,  Yes,Yes,4.173910284226908,Yes,No phone service,DSL,No,No,No,Month-to-month,Yes,Electronic check,61.29,255.88,2018-06-28,5.0,Yes
CUST-10205,Male,1,Yes,Yes,5.5114360773711955,Yes,Yes,DSL,No,No,Yes,One year,Yes,Electronic check,38.91,,2018-06-29,5.0,No
CUST-10206,Male,0,No,No,37.29061023407743,Yes,Yes,DSL,No,Yes,No internet service,Month-to-month,No,Electronic check,40.66,1523.76,30/06/2018,3.0,No
CUST-10207,Female,0,Yes,No,4.390962815153814,Yes,No,Fiber optic,No,Yes,No,One year,Yes,Electronic check,22.2,102.06,"Jul 01, 2018",2.0,
CUST-10208,Male,0,No,No,0.6928836723384898,Yes,No,Fiber optic,No,Yes,Yes,Month-to-month,No,Bank transfer (automatic),72.19,41.44,INVALID_DATE,2.0,Yes
CUST-10209,Male,0,Yes,No,23.820249431964157,Yes,No,DSL,No,No,No internet service,Two year,Yes,Electronic check,53.39,1267.93,2018-07-03,2.0,Yes
CUST-10210,Female,1,yes,Yes,,Yes,No,No,No,No,Yes,Month-to-month,Yes,Credit card (automatic),80.75, ,2018-07-04,5.0,No
CUST-10211,Female,0,Yes,No,9.654980958263682,Yes,No,DSL,No internet service,No internet service,,One year,No,Credit card (automatic),78.41,751.93,2018-07-04,3.0,Yes
CUST-10212,Female,0,Yes,Yes,3.031366250757011,Yes,Yes,DSL,No internet service,No,,Month-to-month,Yes,Credit Card,71.58,212.44,2018-07-05,4.0,No
CUST-10213,Male,0,No,No,20.276909589318514,Yes,Yes,Fiber optic,Yes,No internet service,No,Two year,No,Electronic check,120.0,2423.71,2018-07-06,3.0,Yes
CUST-10214,Female,0,Yes,Yes,56.83765961809647,Yes,Yes,DSL,No,No internet service,Yes,One year,Yes,Credit card (automatic),89.41,5086.78,"Jul 07, 2018",4.0,Yes
CUST-10215,Male,0,No,no,36.78631031839875,Yes,No,DSL,No internet service,,Yes,Month-to-month,Yes,Credit card (automatic),26.88,997.41,08/07/2018,4.0,No
CUST-10216,Male,0,Yes,Yes,23.381441920966772,Yes,Yes,Fiber optic,Yes,No internet service,No,Month-to-month,Yes,Credit card (automatic),78.46,1856.71,"Jul 09, 2018",1.0,Yes
CUST-10217,Female,nan,No,yes,9.082054102097404,Yes,Yes,No,No,No,No internet service,Month-to-month,Yes,Mailed check,63.08,577.86,2018-07-10,3.0,No
CUST-10218,Female,1,Yes,No,18.734987968462814,Yes,No phone service,No,No,No,Yes,One year,,Credit card (automatic),24.45,445.9,2018-07-11,5.0,No
CUST-10219,Female,0,Yes,,2.296309762954582,Yes,No phone service,Fiber optic,Yes,Yes,Yes,One year,No,Electronic check,22.05,41.92,11/07/2018,3.0,no
CUST-10220,Female,1,Yes,No,27.267459659670834,No,Yes,Fiber optic,Yes,No,Yes,Month-to-month,No,Electronic check,78.3,2122.61,2018-07-12,3.0,No
CUST-10221,Female,1,No,yes,30.99200164593126,No,Yes,Fiber optic,No,No,No,One year,No,Electronic check,85.63,2659.97,"Jul 13, 2018",3.0,Yes
CUST-10222,Male,1,Yes,Yes,72.0,Yes,No,Fiber optic,No,No,No internet service,Two year,No,Credit card (automatic),33.31,2405.96,2018-07-14,3.0,No
CUST-10223,Male,0,Yes,No,7.239412998762054,,Yes,Fiber optic,No internet service,No,Yes,Month-to-month,Yes,Electronic check,93.81,,15/07/2018,3.0,Yes
CUST-10224,Male,0,Yes,No,0.44709273239941016,Yes,Yes,Fiber optic,,No,Yes,Month-to-month,Yes,Electronic check,73.25,44.46,16/07/2018,2.0,Yes
CUST-10225,Male,0,Yes,Yes,18.93110494678293,Yes,Yes,Fiber optic,Yes,No,No,One year,No,Credit card (automatic),100.58,1907.1,2018-07-17,99.0,No
CUST-10226,,0,No,Yes,29.444830161566642,Yes,No,Fiber optic,Yes,No,No internet service,One year,Yes,Electronic check,$97.39,2864.08,18/07/2018,1.0,No
CUST-10227,Male,0,No,No,37.50215986924834,Yes,Yes,Fiber optic,No,No,No internet service,Month-to-month,Yes,Credit card (automatic),59.95,2237.7,2018-07-18,3.0,Yes
CUST-10228,male,0,Yes,yes,5.168344427652168,Yes,No,Fiber optic,No,No internet service,No internet service,Month-to-month,No,Credit card (automatic),113.77,606.17,2018-07-19,2.0,Yes
CUST-10229,Female,0,No,No,7.283439471197116,Yes,Yes,No,No,No internet service,Yes,Month-to-month,Yes,Electronic check,30.98,210.35,20/07/2018,1.0,Yes
CUST-10230,Female,1,No,No,17.24763646341191,Yes,Yes,DSL,Yes,No internet service,No,One year,Yes,Electronic check,540.0,2057.44,21/07/2018,4.0,Yes
CUST-10231,Female,0,Yes,Yes,9.632992804792083,Yes,No,No,No,Yes,,One year,Yes,Bank transfer (automatic),38.34,370.12,INVALID_DATE,,No
CUST-10232,Female,0,No,Yes,47.27455253374972,Yes,Yes,Fiber optic,No,No internet service,,Month-to-month,Yes,,63.26,2997.93,2018-07-23,4.0,Yes
CUST-10233,Female,No,Yes,No,15.407956528489688,Yes,No phone service,DSL,Yes,Yes,No,Month-to-month,Yes,Credit card (automatic),47.68,731.61,2018-07-24,2.0,No
CUST-10234,Male,Yes,No,Yes,38.57600037820674,No,Yes,Fiber optic,,No internet service,No,Month-to-month,Yes,Electronic check,53.4,2057.21,"Jul 25, 2018",3.0,No
CUST-10235,Female,1,Yes,No,,Yes,No,Fiber optic,Yes,Yes,No internet service,Two year,Yes,Mailed check,120.0, ,2018-07-25,1.0,Yes
CUST-10236,Male,nan,No,No,35.59685856001266,Yes,Yes,No,,No,No,Month-to-month,Yes,Mailed check,50.82,1790.05,"Jul 26, 2018",3.0,No
CUST-10237,Male,0,No,Yes,9.707401875482047,Yes,No phone service,Fiber optic,No internet service,No,Yes,One year,Yes,Bank transfer (automatic),90.23,873.37,2018-07-27,1.0,
CUST-10238,Female,No,Yes,No,42.727795829664196,Yes,Yes,Fiber optic,No,No,No,Two year,,Mailed check,57.64,2459.79,28/07/2018,4.0,No
CUST-10239,Male,0,Yes,Yes,7.703853323302216,Yes,Yes,DSL,No,No,,Two year,Yes,Electronic check,92.8,706.74,"Jul 29, 2018",1.0,Yes
CUST-10240,  Male ,0,  Yes,No,18.95701784163149,Yes,Yes,DSL,No,No,No,One year,No,Credit card (automatic),48.38,912.16,"Jul 30, 2018",1.0,Yes
CUST-10241,  Male ,0,Yes,Yes,5.779380874401964,Yes,No,Fiber optic,Yes,No,No internet service,Month-to-month,No,Mailed check,72.38,431.97,"Jul 31, 2018",5.0,No
CUST-10242,FEMALE,0,No,No,15.488650031163568,Yes,Yes,Fiber optic,No,Yes,No,Two year,Yes,Electronic check,83.56,1295.94,2018-08-01,0.0,Yes
CUST-10243,Male,0,No,No,9.19158142998027,Yes,No phone service,Fiber optic,No,No,Yes,Two year,Yes,Credit card (automatic),43.05,395.9,2018-08-01,1.0,No
CUST-10244,Male,0,No,No,7.44492149394324,Yes,Yes,Fiber optic,No,Yes,Yes,One year,Yes,Bank transfer (automatic),120.0,888.11,2018-08-02,2.0,Yes
CUST-10245,FEMALE,1,No,No,72.0,Yes,Yes,,No,No,,Month-to-month,No,Mailed check,85.13,6132.67,2018-08-03,4.0,Yes
CUST-10246,Male,0,No,Yes,4.186598684495986,Yes,Yes,Fiber optic,No,Yes,No,Month-to-month,Yes,Bank transfer (automatic),57.92,265.62,2018-08-04,3.0,Yes
CUST-10247,Fe-male,0,No,No,37.151856908665934,Yes,Yes,No,No,No,Yes,One year,Yes,Mailed check,43.78,1633.22,2018/08/05 11:00,0.0,Yes
CUST-10248,Fe-male,1,Yes,No,72.0,No,No,DSL,No,No,No internet service,month-to-month,Yes,Bank transfer (automatic),67.45,4853.32,2018-08-06,3.0,No
CUST-10249,Female,0,No,No,0.4824524537798457,Yes,Yes,DSL,No,No,No,Two year,Yes,Credit card (automatic),28.22,11.78,"Aug 07, 2018",1.0,Yes
CUST-10250,Male,0,Yes,Yes,28.81766627838703,Yes,No,DSL,No,No,No internet service,Two year,Yes,Bank transfer (automatic),118.17,3414.42,2018/08/08 02:06,1.0,No
CUST-10251,Male,0,NO,No,6.9977288632177075,Yes,yes,DSL,No internet service,No,No,One year,No,Bank transfer (automatic),77.64,564.38,2018-08-08,3.0,No
CUST-10252,Female,0,No,Yes,0.9919265763450786,Yes,Yes,Fiber optic,No,,Yes,Month-to-month,Yes,Bank transfer (automatic),62.06,48.75,2018-08-09,4.0,Yes
CUST-10253,Male,0,Yes,No,12.375677347700709,Yes,Yes,Fiber optic,No,No internet service,No,One year,Yes,Bank transfer (automatic),96.08,1188.38,2018-08-10,4.0,Yes
CUST-10254,Male,1,No,Yes,65.68138948122242,Yes,Yes,Fiber optic,No,No,,One year,No,Electronic check,43.05,2825.96,2018-08-11,5.0,No
CUST-10255,Female,0,No,No,0.2840364181570092,Yes,No,Fiber optic,No,No,Yes,One year,No,Mailed check,$30.02,$17.53,2018-08-12,2.0,No
CUST-10256,FEMALE,0,Yes,Yes,21.274908512195385,Yes,Yes,dsl,No,No,No internet service,month-to-month,Yes,Bank transfer (automatic),60.8,1293.16,13/08/2018,4.0,Yes
CUST-10257,Female,1,No,No,16.702657087992748,Yes,No,No,Yes,Yes,Yes,Month-to-month,Yes,Mailed check,68.53,1154.92,2018-08-14,4.0,No
CUST-10258,Female,1,Yes,No,49.59834463529847,,Yes,DSL,,No,No,Month-to-month,Yes,Mailed check,80.62,3983.45,2018-08-15,4.0,No
CUST-10259,Male,0,No,Yes,2.1057788653719944,Yes,Yes,DSL,Yes,No internet service,Yes,Two year,Yes,Credit card (automatic),20.41,47.75,2018-08-15,3.0,Yes
CUST-10260,Female,0,Yes,No,27.461148811161806,Yes,No phone service,DSL,No,No,No internet service,Month-to-month,Yes,Electronic check,51.01,1409.81,2018-08-16,4.0,No
CUST-10261,,0,No,Yes,27.354651589543558,Yes,No,DSL,Yes,No,No,One year,Yes,Bank transfer (automatic),18.0,476.1,"Aug 17, 2018",3.0,No
CUST-10262,Male,0,No,No,26.54108821478222,Yes,No phone service,Fiber optic,Yes,Yes,No,Two year,Yes,Mailed check,29.23,780.28,2018/08/18 14:29,3.0,Yes
CUST-10263,Female,0,Yes,No,68.47430680169981,Yes,,Fiber optic,No internet service,Yes,No internet service,Month-to-month,No,Mailed check,86.16,$5888.61,"Aug 19, 2018",2.0,Yes
CUST-10264,Female,0,  Yes,No,41.570404389214275,Yes,No,DSL,No,Yes,Yes,Two year,Yes,Mailed check,93.53,3886.32,2018-08-20,4.0,No
CUST-10265,Female,No,No,No,1.0290967666105126,,Yes,Fiber optic,No internet service,No,Yes,Month-to-month,Yes,Electronic check,30.44,28.64,2018-08-21,4.0,No
CUST-10266,Female,0,Yes,Yes,15.286163447484594,Yes,Yes,Fiber optic,Yes,No,Yes,Two year,,Mailed check,54.96,829.57,2018-08-22,2.0,Yes
CUST-10267,Female,0,No,No,12.178076567557754,Yes,No,DSL,Yes,No,No,Month-to-month,No,Mailed check,65.47,798.2,2018-08-22,3.0,No
CUST-10268,Male,0,No,Yes,8.910649633340647,Yes,No,Fiber optic,Yes,No,No,One year,Yes,Mailed check,97.04,861.97,2018-08-23,3.0,Yes
CUST-10269,Male,0,Yes,No,14.406488840776523,Yes,Yes,No,No,No internet service,No internet service,One year,Yes,Bank transfer (automatic),110.57,5575.38,2018-08-24,4.0,Yes
CUST-10270,Female,0,Yes,No,11.635766409963438,Yes,No,Fiber optic,No internet service,No,No,Month-to-month,N,Mailed check,69.29,801.18,2018-08-25,4.0,Yes
CUST-10271,Female,0,Yes,No,13.589325240305197,Yes,Yes,Fiber optic,No,No internet service,Yes,One year,Yes,Credit card (automatic),56.88, ,2018-08-26,3.0,Yes
CUST-10272,Female,1,Yes,Yes,72.0,Yes,No,DSL,No,No,No internet service,month-to-month,No,Bank transfer (automatic),21.39,1557.27,INVALID_DATE,4.0,No
CUST-10273,FEMALE,0,No,No,2.2274299472013164,Yes,No,DSL,,No,Yes,Two year,No,Electronic check,67.94,160.49,28/08/2018,2.0,No
CUST-10274,Female,0,No,No,61.29625706633095,Yes,Yes,DSL,Yes,No internet service,No internet service,1-Year,Yes,Electronic check,120.0,7359.07,2018-08-29,2.0,Yes
CUST-10275,Female,0,Yes,Yes,15.705162942322623,Yes,No,No,No,Yes,Yes,Month-to-month,No,Electronic check,103.41,1620.64,"Aug 29, 2018",2.0,Yes
CUST-10276,Female,0,Yes,No,23.45954047592249,Yes,Yes,DSL,No,Yes,Yes,One year,,Credit card (automatic),69.95,1626.5,2018/08/30 20:56,1.0,No
CUST-10277,Female,0,Yes,No,42.55280869806271,No,Yes,DSL,Yes,No,No,Month-to-month,No,Credit card (automatic),73.8,3133.46,31/08/2018,4.0,No
CUST-10278,Female,0,yes,No,10.728260340342935,Yes,No,DSL,Yes,No,Yes,,Yes,Electronic check,44.04,465.98,2018-09-01,,Yes
CUST-10279,Female,0,Yes,No,13.50862516457159,Yes,No,No,Yes,Yes,Yes,Month-to-month,No,Bank transfer (automatic),53.99,745.11,2018-09-02,3.0,yes
CUST-10280,male,0,,No,12.643606555649374,Yes,No,DSL,No internet service,No,No,Month-to-month,Yes,electronic check,69.13,858.63,2018-09-03,5.0,No
CUST-10281,Male,1,No,Yes,11.269760589190845,Yes,No,DSL,No,No,Yes,Month-to-month,No,Credit card (automatic),69.22,776.33,2018-09-04,4.0,Yes
CUST-10282,Male,nan,Yes,No,62.336395445332286,Yes,Yes,Fiber optic,No internet service,No,Yes,Month-to-month,No,Mailed check,95.02,5928.13,2018/09/05 03:08,2.0,No
CUST-10283,Male,1,No,Yes,42.37636352352793,No,Yes,Fiber optic,No,No,Yes,Two year,Yes,Electronic check,93.56,3966.12,06/09/2018,1.0,Yes
CUST-10284,Female,0,No,yes,2.7698601632207183,Yes,No,DSL,No,No,No,Month-to-month,Yes,Electronic check,$80.32,219.46,2018-09-06,4.0,Yes
CUST-10285,Male,0,No,No,145.0,Yes,No,DSL,No,Yes,No,Two year,Yes,Bank transfer (automatic),156.27,5026.96,2018-09-07,4.0,No
CUST-10286,Female,No,,No,13.401316625557754,Yes,No,No,No internet service,Yes,Yes,Month-to-month,Yes,Credit card (automatic),35.86,484.89,2018-09-08,2.0,No
CUST-10287,Female,0,Yes,yes,2.4928757678694637,Yes,No phone service,dsl,Yes,Yes,No,Two year,Yes,Mailed check,38.06,92.77,09/09/2018,3.0,Yes
CUST-10288,Male,No,Yes,Yes,23.164806678145176,Yes,Yes,Fiber optic,No,No,No,One year,Yes,Electronic check,71.77,1678.36,2018-09-10,5.0,No
CUST-10289,Female,nan,No,No,3.7229926999735605,No,No,DSL,No,No,No,Month-to-month,Yes,Credit card (automatic),18.0,66.9,11/09/2018,2.0,Yes
CUST-10290,Male,1,Yes,No,17.734217724037325,Yes,No,DSL,No internet service,No,No,Month-to-month,No,Credit card (automatic),64.51,1161.67,2018-09-12,4.0,Yes
CUST-10291,Male,nan,Yes,Yes,0.17390728697462743,,No,Fiber optic,,No,Yes,Month-to-month,No,Electronic check,106.96,20.77,2018-09-13,2.0,Yes
CUST-10292,Female,0,Yes,No,9.136070305203463,Yes,Yes,Fiber optic,No,No,No,Month-to-month,No,Electronic check,84.7,769.45,13/09/2018,3.0,Yes
CUST-10293,Male,0,Yes,No,27.136646542216486,Yes,No,No,Yes,No,No internet service,Month-to-month,Yes,Bank transfer (automatic),54.18,1464.94,2018-09-14,3.0,No
CUST-10294,Male,0,No,No,15.881375565746126,Yes,Yes,Fiber optic,Yes,Yes,No,Month-to-month,Yes,Electronic check,43.75,674.36,15/09/2018,3.0,No
CUST-10295,Female,0,Yes,Yes,72.0,Yes,No,No,No internet service,No internet service,Yes,Month-to-month,Yes,Electronic check,88.87,6398.26,2018-09-16,2.0,Yes
CUST-10296,Female,0,No,yes,49.73513975581734,,Yes,No,No,No,Yes,One year,No,Electronic check,73.88,3666.71,INVALID_DATE,2.0,No
CUST-10297,Male,0,No,Yes,10.676069949174682,Yes,Yes,No,Yes,No,No internet service,Month-to-month,No,electronic check, 57.3 ,602.93,18/09/2018,4.0,Yes
CUST-10298,Female,nan,Yes,Yes,,No,No,Fiber optic,No internet service,No,No,One year,Yes,Credit card (automatic),47.03, ,2018-09-19,2.0,Yes
CUST-10299,Male,0,Yes,Yes,44.841095842393244,Yes,Yes,DSL,Yes,No,Yes,,No,Electronic check,66.99,3012.6,20/09/2018,4.0,No
CUST-10300,Male,1,No,Yes,58.12212194554729,Yes,Yes,Fiber optic,No,No,Yes,Month-to-month,No,Credit card (automatic),55.61, ,2018-09-20,5.0,No
CUST-10301,Female,1,Yes,Yes,41.23896085583797,No,No phone service,Fiber optic,No,Yes,No internet service,Month-to-month,Yes,Bank transfer (automatic),88.23,3642.44,2018-09-21,4.0,No
CUST-10302,Female,Yes,No,,3.2858027884507988,Yes,No,Fiber optic,Yes,No internet service,Yes,Month-to-month,Yes,Mailed check,101.94,340.66,2018-09-22,2.0,Yes
CUST-10303,Female,No,No,No,72.0,Yes,Yes,DSL,No,No,No,Month-to-month,Yes,Credit card (automatic),23.68,1698.76,2018-09-23,4.0,No
CUST-10304,Female,0,Yes,Yes,7.180648956699708,Yes,Yes,Fiber optic,Yes,Yes,No,Two year,Yes,Bank transfer (automatic),27.93,192.66,INVALID_DATE,4.0,No
CUST-10305,,nan,No,Yes,30.91433104127617,Yes,Yes,Fiber optic,No,Yes,No,Month-to-month,Yes,Credit card (automatic),105.14,3239.0,2018-09-25,2.0,No
CUST-10306,Female,1,No,No,57.272300745882575,Yes,Yes,Fiber optic,No,No,Yes,Month-to-month,Yes,Mailed check,69.67,3983.15,2018-09-26,3.0,No
CUST-10307,Male,0,Yes,No,6.450672898472044,Yes,Yes,DSL,Yes,No,Yes,Month-to-month,Yes,Mailed check,30.75,210.35,2018-09-27,2.0,No
CUST-10308,Female,0,No,Yes,57.33074484915787,Yes,Yes,Fiber optic,,No,No internet service,Two year,Yes,Electronic check,94.2, ,2018-09-27,3.0,Yes
CUST-10309,Male,1,No,Yes,8.887503096026578,Yes,Yes,DSL,No,No internet service,No,One year,Yes,Mailed check, 75.0 ,685.11,2018-09-28,4.0,Yes
CUST-10310,Male,0,Yes,Yes,72.0,Yes,No,No,Yes,No,No internet service,1-Year,Yes,Bank transfer (automatic),120.0,8634.04,2018-09-29,5.0,No
CUST-10311,Male,0,No,Yes,7.926135080800327,Yes,Yes,Fiber optic,Yes,No,No,Two year,Yes,Credit card (automatic),57.64,,2018-09-30,4.0,Yes
CUST-10312,Male,0,yes,Yes,72.0,Yes,No phone service,DSL,Yes,No,No internet service,Month-to-month,Yes,Bank transfer (automatic),97.96,7061.31,2018-10-01,3.0,No
CUST-10313,Fe-male,0,NO,No,1.3207556204846165,Yes,No,DSL,,,No internet service,Month-to-month,Yes,Electronic check,21.23,34.0,2018/10/02 07:08,0.0,Yes
CUST-10314,Female,0,No,Yes,29.648812727189515,Yes,Yes,Fiber optic,No,No,No,Month-to-month,No,Electronic check,106.58,3164.51,"Oct 03, 2018",3.0,No
CUST-10315,Female,1,Yes,No,18.228587441461464,Yes,No,DSL,No,No internet service,Yes,One year,No,Credit card (automatic),93.02,1711.14,"Oct 04, 2018",3.0,No
CUST-10316,Male,0,Yes,Yes,15.596453625177446,Yes,No phone service,,No internet service,Yes,No,One year,Yes,Mailed check,112.83,1763.61,2018-10-04,5.0,No
CUST-10317,Male,0,NO,yes,6.0708315395583545,Yes,No phone service,Fiber optic,No,No internet service,No,Month-to-month,Yes,Electronic check,98.02,604.83,2018-10-05,2.0,Yes
CUST-10318,Male,0,Yes,No,29.34723818876969,Yes,Yes,DSL,No,No,No,Month-to-month,No,Credit card (automatic),61.73,1807.37,2018-10-06,2.0,No
CUST-10319,Male,0,No,No,5.0813016762454986,Yes,yes,Fiber optic,No internet service,No internet service,No internet service,Month-to-month,No,Credit card (automatic),-29.57,152.64,INVALID_DATE,4.0,Yes
CUST-10320,Female,Yes,Yes,No,19.31622775232274,Yes,Yes,DSL,No,Yes,Yes,Two year,Yes,Credit card (automatic),46.64,909.91,2018-10-08,5.0,No
CUST-10321,Female,0,Yes,No,7.008446697222575,No,No,No,Yes,Yes,Yes,month-to-month,No,Electronic check,18.0,111.38,2018-10-09,1.0,Yes
CUST-10322,Female,0,Yes,No,72.0,Yes,No,DSL,No,Yes,No,Month-to-month,Yes,Mailed check,37.07,2665.7,10/10/2018,4.0,No
CUST-10323,Male,0,,No,0.6971774839676868,Yes,No,,No internet service,No,Yes,Month-to-month,No,Credit card (automatic),77.48,52.75,2018-10-11,3.0,Yes
CUST-10324,  Male ,0,Yes,No,5.347295018909086,Yes,No phone service,Fiber optic,No,No,No,Month-to-month,,Credit card (automatic),63.27,350.7,"Oct 11, 2018",4.0,Yes
CUST-10325,Female,1,No,No,6.659561958684502,Yes,No,No,No,No internet service,,Two year,Yes,,57.99,386.87,INVALID_DATE,2.0,Yes
CUST-10326,Female,1,Yes,yes,12.829229753640515,Yes,No,DSL,,No,No,1-Year,No,Mailed check,40.91,511.26,2018/10/13 16:33,,No
CUST-10327,Female,0,Yes,No,6.3580040144122565,Yes,No,Fiber optic,No,Yes,No internet service,Month-to-month,Yes,Credit card (automatic),18.0,106.55,2018-10-14,5.0,Yes
CUST-10328,Male,0,Yes,No,,Yes,No,Fiber optic,Yes,Yes,No,Month-to-month,Yes,Electronic check, 70.2 , ,2018-10-15,3.0,No
CUST-10329,Male,0,No,Yes,49.42484508291213,Yes,Yes,Fiber optic,Yes,Yes,No,Month-to-month,Yes,Electronic check,76.07,3756.26,2018-10-16,5.0,No
CUST-10330,Male,0,Yes,Yes,29.88036087175131,Yes,Yes,DSL,No,No internet service,No,One year,No,Mailed check,34.95,,2018-10-17,5.0,No
CUST-10331,Female,0,Yes,No,20.817841182388577,Yes,Yes,Fiber optic,Yes,No internet service,Yes,One year,Yes,Credit Card,48.7,1009.94,2018-10-18,3.0,No
CUST-10332,Male,0,Yes,Yes,2.237180884402923,Yes,Yes,DSL,No internet service,,No,One year,No,Electronic check,110.96,251.58,2018-10-18,0.0,Yes
CUST-10333,Male,0,Yes,No,28.419465306834503,Yes,No phone service,Fiber optic,No,No,Yes,1-Year,No,Electronic check,99.48,2833.62,2018-10-19,,No
CUST-10334,Male,0,NO,Yes,4.368449851669423,Yes,Yes,Fiber optic,No,Yes,,Month-to-month,Yes,Credit card (automatic),20.17,78.78,2018-10-20,2.0,No
CUST-10335,Male,1,yes,No,37.04393990655371,Yes,No,DSL,No,Yes,Yes,Two year,Yes,Electronic check,62.16,$2288.36,2018-10-21,1.0,No
CUST-10336,Female,nan,Yes,No,,Yes,Yes,DSL,No,No,Yes,Month-to-month,Yes,Electronic check,108.35, ,2018/10/22 10:53,3.0,Yes
CUST-10337,Female,0,No,No,12.95164027560902,Yes,Yes,Fiber optic,No,,No,Month-to-month,No,Bank transfer (automatic),58.21,759.2,23/10/2018,3.0,Yes
CUST-10338,Female,1,No,No,10.356157585088678,No,Yes,DSL,Yes,Yes,No,One year,No,Credit card (automatic),56.63,579.91,24/10/2018,1.0,No
CUST-10339,Male,0,Yes,No,46.98423611123721,Yes,no,dsl,No,Yes,Yes,month-to-month,Yes,Mailed check,97.48,4572.8,2018-10-25,2.0,Yes
CUST-10340,Female,0,No,No,3.247153149932986,Yes,Yes,DSL,No internet service,No,Yes,One year,No,Credit card (automatic),94.31,1071.86,2018-10-25,,No
CUST-10341,Female,1,yes,No,20.0134280665753,Yes,Yes,No,No,No,No internet service,Two year,Yes,Electronic check,92.76,1856.41,2018-10-26,4.0,Yes
CUST-10342,Male,1,Yes,Yes,3.6773517108008433,Yes,No,Fiber optic,No,Yes,No,Two year,Yes,Credit card (automatic),56.84,211.93,2018-10-27,5.0,No
CUST-10343,Male,No,Yes,No,29.28211394668866,Yes,Yes,Fiber optic,Yes,No internet service,Yes,Month-to-month,Yes,Credit card (automatic),84.59,2474.48,2018-10-28,,Yes
CUST-10344,Male,0,NO,No,56.51282696574868,Yes,No,DSL,No internet service,Yes,No,Two year,No,Mailed check,109.54,6198.78,"Oct 29, 2018",3.0,Yes
CUST-10345,Female,0,No,No,13.685648901556878,Yes,Yes,Fiber optic,No internet service,No internet service,Yes,Two year,,Credit card (automatic),63.2,856.84,2018-10-30,4.0,No
CUST-10346,Female,1,Yes,No,16.07066078423711,Yes,No,Fiber optic,No,Yes,Yes,One year,No,Electronic check,52.6,833.53,2018-10-31,2.0,No
CUST-10347,Male,0,Yes,No,62.95451900969856,Yes,No,Fiber optic,No,Yes,No internet service,One year,Yes,Electronic check,101.6,6390.06,"Nov 01, 2018",3.0,No
CUST-10348,Male,0,Yes,Yes,17.66488089516716,Yes,Yes,DSL,No,No,Yes,Two year,No,Credit card (automatic),120.0,2112.59,"Nov 01, 2018",2.0,Yes
CUST-10349,Female,0,No,Yes,16.047519855869744,Yes,No phone service,No,No,Yes,Yes,Two year,Yes,Electronic check,120.0,,2018-11-02,2.0,Yes
CUST-10350,Female,0,No,No,20.724723202239247,Yes,Yes,,No internet service,No,,Month-to-month,Yes,Electronic check,53.46, ,2018-11-03,1.0,No
CUST-10351,Female,0,,No,28.04883220582657,Yes,No,Fiber optic,Yes,No,No internet service,Two year,Yes,Mailed check,56.48,1593.22,2018-11-04,3.0,Yes
CUST-10352,Female,0,Yes,No,145.0,Yes,Yes,Fiber optic,No,No,Yes,Two year,Yes,Electronic check,33.83,4907.22,2018-11-05,0.0,No
CUST-10353,Male,1,No,Yes,41.303691294549466,Yes,Yes,Fiber optic,Yes,No,No,Month-to-month,No,Credit card (automatic),$68.24,2828.31,"Nov 06, 2018",2.0,Yes
CUST-10354,Male,0,No,No,13.723771235061172,Yes,Yes,DSL,No,No,No internet service,One year,Yes,Credit card (automatic),-32.48,437.55,07/11/2018,3.0,No
CUST-10355,Female,0,Yes,No,1.8023799885790126,Yes,No,DSL,No,Yes,Yes,Month-to-month,No,Mailed check,48.9,98.04,2018-11-08,4.0,Yes
CUST-10356,Male,0,Yes,No,37.023197348726264,Yes,No phone service,Fiber optic,Yes,,No,Month-to-month,Yes,Mailed check,85.73,3183.23,08/11/2018,3.0,No
CUST-10357,Female,0,  Yes,Yes,11.355083067588296,Yes,Yes,No,No,No internet service,No,One year,Yes,Bank transfer (automatic),76.4, ,2018-11-09,5.0,No
CUST-10358,  Male ,0,No,Yes,2.5384542463140103,Yes,No,DSL,No,Yes,No,Two year,Yes,Electronic check,18.0,41.23,2018-11-10,2.0,No
CUST-10359,Female,0,No,Yes,24.108441855592297,Yes,No,Fiber optic,No,No,No,Month-to-month,Yes,Electronic check,111.81,2686.79,2018-11-11,1.0,Yes
CUST-10360,Male,0,No,Yes,50.91260994413521,Yes,Yes,No,Yes,No,No,Two year,,Electronic check,32.09,1631.88,2018-11-12,3.0,No
CUST-10361,Female,0,Yes,Yes,52.489392410775594,Yes,No,DSL,No,Yes,Yes,One year,Yes,Mailed check,161.42,1875.37,"Nov 13, 2018",3.0,No
CUST-10362,Female,No,No,Yes,72.0,Yes,No,DSL,No,No,No internet service,Two year,Y,Bank transfer (automatic),27.53,1989.8,2018-11-14,2.0,No
CUST-10363,Female,0,No,No,48.54538744297297,Yes,No,No,,No,Yes,Two year,Yes,Credit card (automatic),44.86,2180.47,2018-11-15,2.0,Yes
CUST-10364,  Male ,0,No,No,0.05143714534924143,Yes,No,DSL,No internet service,Yes,No,Two year,Yes,Bank transfer (automatic),37.8,-10.2,2018-11-15,4.0,Yes
CUST-10365,Male,0,,,11.4821965128171,Yes,Yes,DSL,No,Yes,No,Two year,Yes,Bank transfer (automatic),38.53,450.8,INVALID_DATE,2.0,Yes
CUST-10366,Fe-male,0,No,Yes,40.961622067930634,Yes,No phone service,Fiber optic,Yes,No,No,Two year,No,Electronic check,18.0,733.81,"Nov 17, 2018",3.0,No
CUST-10367,male,1,Yes,No,10.946531214740444,No,yes,Fiber optic,No,No,No,Month-to-month,Yes,Credit card (automatic),68.6,759.73,"Nov 18, 2018",0.0,Yes
CUST-10368,Male,0,No,No,22.084068253654497,Yes,No,No,No,Yes,No,Month-to-month,N,Credit card (automatic),$71.66,1583.64,2018-11-19,4.0,No
CUST-10369,Male,0,Yes,Yes,22.37301908103295,No,No,Fiber optic,Yes,No,Yes,Month-to-month,Yes,Credit card (automatic),120.0,2681.37,2018-11-20,3.0,Yes
CUST-10370,Male,1,Yes,No,10.900083114323266,Yes,Yes,Fiber optic,Yes,No,No,Two year,Yes,Electronic check,79.29,850.19,2018-11-21,3.0,Yes
CUST-10371,Male,Yes,Yes,Yes,56.36054534388644,Yes,No phone service,Fiber optic,No,Yes,No internet service,Month-to-month,No,Bank transfer (automatic),49.8,2794.51,2018-11-22,3.0,No
CUST-10372,Male,1,Yes,yes,16.790995342099393,Yes,Yes,fiber optic,No internet service,No internet service,No internet service,Month-to-month,Yes,Bank transfer (automatic),28.68,492.71,2018-11-23,4.0,Yes
CUST-10373,Female,0,No,No,15.002046240561395,Yes,Yes,DSL,No internet service,No,No,Two year,Yes,Electronic check,61.81,919.06,2018-11-23,4.0,Yes
CUST-10374,Male,1,No,No,72.0,Yes,No phone service,DSL,Yes,No,Yes,One year,No,,78.16,5635.68,2018-11-24,4.0,No
CUST-10375,Male,0,No,No,16.32556017826752,Yes,Yes,dsl,No,No,Yes,Two year,Yes,Electronic check,49.6,818.88,2018-11-25,4.0,No
CUST-10376,Female,0,No,No,4.715987825451288,No,No,fiber optic,Yes,No,Yes,Month-to-month,Yes,Electronic check,66.53,318.31,2018-11-26,1.0,Yes
CUST-10377,Male,0,Yes,No,17.271209235409017,Yes,No,DSL,No,Yes,No,Month-to-month,Yes,Mailed check,120.0,2059.05,27/11/2018,1.0,Yes
CUST-10378,Female,0,No,No,40.37036604553472,No,No,DSL,No,No,Yes,Month-to-month,Yes,Mailed check,53.18,,2018-11-28,4.0,No
CUST-10379,Male,0,Yes,Yes,35.99897680344064,Yes,Yes,Fiber optic,No internet service,No,No internet service,Month-to-month,Yes,Credit card (automatic),18.0,641.39,2018-11-29,2.0,No
CUST-10380,Male,0,Yes,Yes,37.294006836022774,Yes,No,DSL,No,No,No internet service,Month-to-month,Yes,Mailed check,90.9,3392.75,2018-11-30,5.0,No
CUST-10381,Female,0,No,No,29.545990369893516,Yes,Yes,Fiber optic,Yes,No,Yes,Month-to-month,No,Mailed check,74.13,2199.8,INVALID_DATE,3.0,Yes
CUST-10382,Female,0,Yes,No,7.0397212196514065,Yes,Yes,DSL,No,No,No,Month-to-month,Yes,Bank transfer (automatic),18.0,104.39,2018-12-01,3.0,No
CUST-10383,Female,0,Yes,No,47.54666633321351,Yes,No phone service,DSL,No internet service,Yes,No internet service,One year,No,Electronic check,77.53,3687.74,2018-12-02,4.0,No
CUST-10384,Female,0,No,Yes,53.73791023540239,No,No,Fiber optic,Yes,No,Yes,Month-to-month,Yes,Credit card (automatic),34.76,1850.25,2018-12-03,4.0,No
CUST-10385,Female,Yes,No,No,5.180664103736447,Yes,Yes,fiber optic,No,No,No,Month-to-month,Yes,Credit card (automatic),77.94,408.4,2018-12-04,4.0,Yes
CUST-10386,Male,0,Yes,Yes,,Yes,Yes,Fiber optic,No,No internet service,No,One year,Yes,Mailed check,120.0, ,2018-12-05,4.0,Yes
CUST-10387,Male,0,NO,No,72.0,Yes,No,Fiber optic,No,No,Yes,Two year,No,electronic check,59.39,4278.78,2018-12-06,3.0,No
CUST-10388,Female,1,No,No,48.657855435166226,Yes,Yes,,No internet service,No,No,Two year,No,Bank transfer (automatic),97.2,4742.97,2018-12-07,5.0,Yes
CUST-10389,Female,1,No,No,53.69126080242049,Yes,No,Fiber optic,No,,,Month-to-month,Yes,Bank transfer (automatic),27.85,1495.59,2018-12-07,5.0,No
CUST-10390,,0,Yes,Yes,52.19673389932829,Yes,Yes,Fiber optic,No,Yes,Yes,1-Year,Yes,Credit card (automatic),19.12,1007.92,2018-12-08,3.0,No
CUST-10391,Male,0,No,No,18.724860917439926,Yes,Yes,Fiber optic,No,Yes,No,Two year,No,Bank transfer (automatic),120.0,2253.67,2018-12-09,4.0,Yes
CUST-10392,Male,1,No,No,24.950252630781357,Yes,Yes,DSL,No internet service,No,Yes,One year,No,Mailed check,73.93,1843.14,2018-12-10,5.0,No
CUST-10393,Female,0,No,No,18.91813572965029,Yes,Yes,Fiber optic,No internet service,Yes,No internet service,Month-to-month,No,Electronic check,83.8,1588.17,2018-12-11,4.0,Yes
CUST-10394,Male,0,No,No,1.2615346217309136,Yes,Yes,Fiber optic,No internet service,No,No internet service,Month-to-month,Yes,Bank transfer (automatic),99.26,137.36,"Dec 12, 2018",3.0,Yes
CUST-10395,FEMALE,0,Yes,No,32.843197590207645,Yes,Yes,DSL,Yes,Yes,Yes,One year,No,electronic check,48.87,1629.75,2018-12-13,4.0,No
CUST-10396,Female,0,Yes,No,16.892844381580275,Yes,Yes,DSL,No internet service,Yes,No internet service,One year,No,Mailed check,89.45,1517.84,2018-12-14,2.0,Yes
CUST-10397,Male,0,Yes,No,25.039150864015916,Yes,No,DSL,No,No,Yes,month-to-month,Yes,Mailed check,84.91,2135.32,2018-12-14,1.0,Yes
CUST-10398,Female,0,Yes,Yes,16.762578645643497,,Yes,Fiber optic,Yes,No,Yes,One year,Yes,Mailed check,25.86,438.33,2018-12-15,4.0,No
CUST-10399,Female,0,No,No,16.24565970262143,No,No,DSL,Yes,No internet service,No,,Yes,Bank transfer (automatic),110.09,1799.37,16/12/2018,3.0,Yes
CUST-10400,Male,0,Yes,No,4.523698999889642,Yes,No,DSL,No,No internet service,No,Two year,Yes,Electronic check,103.91,452.84,17/12/2018,2.0,Yes
CUST-10401,male,1,NO,Yes,7.84125969908993,,No,fiber optic,No,Yes,No,1-Year,N,Credit card (automatic),26.19,208.01,18/12/2018,3.0,No
CUST-10402,Female,0,NO,Yes,4.151723427261411,Yes,No,Fiber optic,No internet service,No,No,Month-to-month,No,Credit card (automatic),70.71,294.02,2018-12-19,2.0,Yes
CUST-10403,Female,0,Yes,No,5.225784977337368,Yes,No,DSL,No,Yes,Yes,Month-to-month,Yes,Bank transfer (automatic),-57.77,301.85,"Dec 20, 2018",5.0,No
CUST-10404,Male,0,Yes,Yes,145.0,Yes,Yes,Fiber optic,Yes,No,Yes,Two year,Yes,Electronic check,107.25,15554.29,2018-12-21,3.0,No
CUST-10405,male,0,No,,3.9885247593244673,No,No,DSL,No,No internet service,No,Two year,No,Bank transfer (automatic),22.38,91.41,2018-12-21,3.0,No
CUST-10406,Male,nan,NO,Yes,,Yes,Yes,Fiber optic,Yes,No,Yes,Month-to-month,Yes,Electronic check,120.0, ,2018-12-22,2.0,Yes
CUST-10407,Male,0,Yes,No,21.43289625785783,Yes,No,Fiber optic,No,Yes,Yes,Two year,Yes,Mailed check, 59.5 ,1276.77,2018-12-23,4.0,Yes
CUST-10408,male,0,Yes,No,-5.0,No,No,Fiber optic,No,No,Yes,One year,Yes,Electronic check,$86.85, ,2018-12-24,5.0,Yes
CUST-10409,Male,0,No,No,4.01292816826649,Yes,No,Fiber optic,No internet service,Yes,No internet service,Month-to-month,Yes,Bank transfer (automatic),106.32, ,2018/12/25 10:15,4.0,Yes
CUST-10410,Male,0,No,No,37.88419993562422,Yes,No,DSL,No,No,No internet service,One year,Yes,Electronic check,58.82,2219.74,2018-12-26,3.0,Yes
CUST-10411,  Male ,0,Yes,No,36.91347043166459,Yes,Yes,Fiber optic,No internet service,No,Yes,month-to-month,No,Credit card (automatic),61.25,2260.48,2018-12-27,4.0,No
CUST-10412,  Male ,1,No,No,6.501929342901079,Yes,Yes,DSL,No internet service,No,Yes,One year,Yes,Credit card (automatic),49.62,314.98,2018-12-28,2.0,No
CUST-10413,Female,No,Yes,Yes,8.174726978062857,Yes,No,DSL,No,No internet service,No,Two year,No,,38.14,314.53,2018-12-28,1.0,Yes
CUST-10414,Female,0,Yes,Yes,66.73020467261236,Yes,No,fiber optic,No,No,No internet service,Month-to-month,No,Electronic check,$72.86,4877.38,2018/12/29 19:25,3.0,No
CUST-10415,Male,0,Yes,Yes,41.92352445017658,Yes,Yes,Fiber optic,No,No internet service,Yes,Two year,No,Electronic check,60.64,2528.8,30/12/2018,2.0,Yes
CUST-10416,Male,1,Yes,No,28.719753873534337,Yes,No,dsl,Yes,No internet service,No internet service,month-to-month,Yes,Mailed check,49.42,1425.37,2018-12-31,2.0,Yes
CUST-10417,Male,1,Yes,Yes,2.0594873897263195,Yes,No phone service,DSL,No internet service,No,No,Month-to-month,Yes,Electronic check,51.17,111.62,2019-01-01,3.0,Yes
CUST-10418,Female,0,No,Yes,13.001728355530094,Yes,Yes,Fiber optic,No internet service,No,No internet service,Month-to-month,No,Electronic check,81.99,,"Jan 02, 2019",3.0,Yes
CUST-10419,Female,0,Yes,No,19.665483722523803,Yes,No phone service,DSL,Yes,Yes,Yes,One year,No,Bank transfer (automatic),40.77,805.71,2019-01-03,5.0,No
CUST-10420,Female,0,Yes,No,4.980724481242054,Yes,yes,Fiber optic,,No,,Two year,Yes,Bank transfer (automatic),57.29,280.42,2019-01-04,2.0,Yes
CUST-10421,Female,1,Yes,No,14.27082700335929,Yes,Yes,DSL,Yes,No,No,Month-to-month,Yes,Electronic check,$91.66,1297.59,2019-01-04,,Yes
CUST-10422,Male,1,  Yes,Yes,22.05260928136522,No,No,DSL,No internet service,Yes,No internet service,Month-to-month,Yes,Mailed check,72.12,1574.32,2019-01-05,3.0,Yes
CUST-10423,Female,0,Yes,Yes,9.517675416582003,Yes,No,DSL,No,No,No,Month-to-month,Yes,Bank transfer (automatic),33.21,319.65,2019/01/06 16:42,3.0,Yes
CUST-10424,Male,0,Yes,yes,36.44235870340061,Yes,Yes,Fiber optic,No internet service,No,No,Month-to-month,Yes,Electronic check,63.98,2336.93,07/01/2019,2.0,Yes
CUST-10425,Female,1,No,Yes,44.04948729909863,Yes,No,DSL,No,,No internet service,One year,Y,Credit card (automatic),77.81,3417.72,2019-01-08,3.0,No
CUST-10426,Male,1,,No,9.383631883449528,Yes,Yes,No,No,No,No,month-to-month,Yes,Electronic check,94.38,891.41,2019-01-09,99.0,No
CUST-10427,male,nan,Yes,No,43.78136886994022,Yes,Yes,DSL,Yes,No,No,Month-to-month,Yes,Electronic check,42.04,1840.59,2019-01-10,4.0,No
CUST-10428,Male,1,No,No,2.6242174839557206,Yes,No,DSL,Yes,No internet service,No,One year,Y,Electronic check,47.94,,2019-01-11,2.0,No
CUST-10429,Male,0,No,Yes,43.64371463151461,Yes,Yes,Fiber optic,Yes,No,No internet service,Two year,Yes,Electronic check,43.85,1917.4,2019-01-11,3.0,No
CUST-10430,Male,0,No,No,3.978239471705266,No,No,dsl,No internet service,Yes,No internet service,Month-to-month,No,Credit card (automatic),45.33,190.27,2019-01-12,3.0,Yes
CUST-10431,Female,0,Yes,No,2.077640850701592,Yes,No phone service,DSL,No,Yes,Yes,One year,Yes,Electronic check,76.85,163.08,"Jan 13, 2019",1.0,Yes
CUST-10432,Female,0,No,No,24.638283057456647,Yes,Yes,DSL,No,No internet service,No,Two year,Y,Bank transfer (automatic),82.53,,2019-01-14,5.0,No
CUST-10433,Male,0,Yes,No,15.324969044348684,No,Yes,Fiber optic,No internet service,Yes,No internet service,Month-to-month,Yes,Mailed check,96.23,1481.82,15/01/2019,3.0,No
CUST-10434,Male,1,No,Yes,57.23467877846167,Yes,Yes,DSL,No internet service,No,No,Month-to-month,N,Bank transfer (automatic),61.96,3537.73,2019-01-16,3.0,No
CUST-10435,Female,0,No,Yes,10.830784287795526,Yes,No,Fiber optic,Yes,No,No internet service,One year,Yes,Credit card (automatic),22.54,238.25,2019-01-17,2.0,Yes
CUST-10436,Male,1,Yes,No,8.123698429968716,Yes,Yes,DSL,No internet service,No internet service,No internet service,Month-to-month,Yes,Credit card (automatic),84.78,678.3,2019-01-18,2.0,Yes
CUST-10437,Female,0,No,No,16.670833777968653,Yes,No phone service,Fiber optic,Yes,No internet service,No,Month-to-month,Yes,Electronic check,69.47,,2019-01-18,5.0,No
CUST-10438,Female,No,Yes,No,14.608970731185618,Yes,Yes,DSL,No,No,No,2-Year,Yes,Credit card (automatic),66.5,961.58,INVALID_DATE,1.0,Yes
CUST-10439,Male,0,No,No,10.13393309981831,Yes,Yes,Fiber optic,No,No internet service,,One year,Yes,Mailed check,26.2,270.47,20/01/2019,3.0,No
CUST-10440,Male,0,No,No,28.399802522716904,Yes,Yes,Fiber optic,Yes,Yes,No internet service,Two year,N,Mailed check,58.82,1679.87,2019-01-21,4.0,No
CUST-10441,,0,Yes,No,34.20701587595489,Yes,Yes,Fiber optic,Yes,Yes,No internet service,Month-to-month,Yes,Bank transfer (automatic),28.89,975.01,2019-01-22,3.0,No
CUST-10442,Male,0,Yes,No,46.013127454382925,Yes,Yes,Fiber optic,No,No internet service,Yes,month-to-month,No,electronic check,79.16,,2019-01-23,3.0,Yes
CUST-10443,Male,1,NO,Yes,72.0,Yes,,No,No,No,Yes,Two year,Yes,Electronic check,233.11,3748.7,2019-01-24,3.0,No
CUST-10444,Female,1,Yes,No,7.443375478804112,Yes,yes,DSL,No internet service,Yes,No,Two year,No,Credit card (automatic),49.11,357.89,25/01/2019,,Yes
CUST-10445,  Male ,0,Yes,Yes,30.21864620890175,Yes,Yes,DSL,No,No,No,Month-to-month,Yes,Electronic check,18.59,555.03,2019-01-25,4.0,No
CUST-10446,,0,Yes,No,12.03123635792673,No,no,Fiber optic,No internet service,No internet service,Yes,Month-to-month,N,Mailed check,95.51,1156.18,2019-01-26,99.0,No
CUST-10447,Female,0,No,No,27.128562506357618,Yes,Yes,Fiber optic,No,No internet service,Yes,One year,Yes,Credit card (automatic),56.94,1554.73,2019-01-27,4.0,No
CUST-10448,Male,0,No,yes,15.509487676557951,Yes,Yes,DSL,,No internet service,Yes,Two year,Yes,Bank transfer (automatic),67.31,1037.13,28/01/2019,2.0,Yes
CUST-10449,Male,Yes,Yes,Yes,72.0,Yes,No phone service,Fiber optic,No,No,No internet service,Two year,Yes,Electronic check,42.64,3056.85,2019-01-29,2.0,No
CUST-10450,Female,1,Yes,no,31.32660961795512,Yes,No phone service,Fiber optic,No internet service,No internet service,No internet service,Month-to-month,No,Mailed check,18.0,557.88,2019-01-30,4.0,No
CUST-10451,Female,0,Yes,Yes,72.0,Yes,Yes,Fiber optic,Yes,No,No internet service,Two year,No,Credit card (automatic),$48.75,3514.45,2019-01-31,3.0,No
CUST-10452,Male,1,Yes,No,43.23900656423232,Yes,No,No,No,No,Yes,month-to-month,No,Mailed check,53.55,,2019-02-01,3.0,No
CUST-10453,male,0,Yes,Yes,55.968583616832724,Yes,Yes,Fiber optic,Yes,No,Yes,One year,Yes,Electronic check,73.48,4113.43,2019/02/01 23:40,0.0,Yes
CUST-10454,Male,Yes,No,No,-5.0,,No,DSL,No,No,No,Month-to-month,No,Mailed check,54.05, ,2019-02-02,1.0,Yes
CUST-10455,Female,0,Yes,No,14.751124429898226,Yes,No,Fiber optic,No,Yes,Yes,Two year,No,Credit card (automatic),43.15,631.66,2019-02-03,3.0,Yes
CUST-10456,Male,1,Yes,No,6.961668590676076,Yes,Yes,Fiber optic,No,No,No,One year,Yes,Bank transfer (automatic),19.6,146.22,2019-02-04,4.0,No
CUST-10457,Female,0,Yes,No,11.10105129077765,Yes,Yes,DSL,Yes,No,Yes,Two year,Yes,Bank transfer (automatic),66.15,726.92,2019-02-05,4.0,Yes
CUST-10458,Male,0,  Yes,Yes,0.4906509621569034,Yes,No,Fiber optic,No,Yes,Yes,Two year,No,Credit card (automatic),40.8,31.72,2019-02-06,3.0,Yes
CUST-10459,Male,1,NO,Yes,17.815753698909848,Yes,Yes,dsl,No,Yes,No,Month-to-month,Yes,Electronic check,104.32,1857.6,2019-02-07,3.0,Yes
CUST-10460,Male,0,No,No,16.879542994906423,Yes,Yes,DSL,Yes,No,Yes,One year,No,Bank transfer (automatic),69.2,1175.35,"Feb 08, 2019",1.0,Yes
CUST-10461,Female,0,Yes,No,17.879229801504994,Yes,No,DSL,No,Yes,Yes,Month-to-month,Yes,Mailed check,81.56,1448.7,2019-02-08,3.0,Yes
CUST-10462,Female,0,Yes,Yes,72.0,Yes,No,DSL,No,No,No,month-to-month,,Electronic check,57.24, ,09/02/2019,3.0,No
CUST-10463,Female,nan,Yes,No,58.18159504824307,Yes,No phone service,Fiber optic,Yes,Yes,Yes,Month-to-month,No,Electronic check,70.74,4131.38,2019/02/10 18:00,5.0,Yes
CUST-10464,Fe-male,0,Yes,No,4.2334677744354465,Yes,No phone service,fiber optic,No internet service,Yes,No,Month-to-month,No,Credit card (automatic),37.98,162.53,2019/02/11 15:02,2.0,Yes
CUST-10465,Male,1,No,Yes,11.046318133681812,Yes,No,Fiber optic,No,No,Yes,Two year,Yes,Electronic check,29.35,317.57,2019-02-12,4.0,Yes
CUST-10466,Male,1,No,Yes,13.237717052622061,Yes,No,DSL,No internet service,No internet service,No,Month-to-month,Yes,Electronic check,65.15,880.6,INVALID_DATE,4.0,Yes
CUST-10467,Female,0,No,Yes,10.730883207495152,Yes,No,Fiber optic,Yes,Yes,,One year,No,Electronic check,81.81,876.18,2019-02-14,4.0,Yes
CUST-10468,Male,Yes,No,No,38.446700785287966,Yes,Yes,Fiber optic,No internet service,Yes,No,Month-to-month,No,Electronic check,18.0,$685.74,2019-02-15,3.0,No
CUST-10469,Fe-male,0,Yes,No,17.817997590230572,,Yes,Fiber optic,Yes,No internet service,No,One year,No,Mailed check,49.73,884.96,"Feb 16, 2019",3.0,Yes
CUST-10470,Male,0,No,,20.372767867755094,Yes,Yes,DSL,No,No,No internet service,One year,Yes,Credit card (automatic),119.96,2431.37,2019-02-16,4.0,Yes
CUST-10471,Fe-male,0,Yes,No,46.017958427296485,Yes,No,Fiber optic,Yes,No internet service,Yes,Month-to-month,Yes,Electronic check,79.08,3647.88,2019-02-17,,No
CUST-10472,Male,1,Yes,Yes,39.348644286219155,No,Yes,Fiber optic,No internet service,Yes,Yes,2-Year,Yes,Electronic check,110.83,4353.95,18/02/2019,3.0,Yes
CUST-10473,male,1,No,No,3.4033748136991084,Yes,Yes,DSL,No,Yes,Yes,Month-to-month,Yes,Bank transfer (automatic),45.68,144.94,2019-02-19,5.0,Yes
CUST-10474,Female,0,Yes,No,30.03515653682865,,Yes,Fiber optic,Yes,Yes,No,Month-to-month,No,Bank transfer (automatic),50.96,1533.35,"Feb 20, 2019",3.0,Yes
CUST-10475,,0,Yes,Yes,13.720842131337783,Yes,Yes,,Yes,Yes,No,Month-to-month,No,Bank transfer (automatic),93.7, ,"Feb 21, 2019",5.0,No
CUST-10476,Male,1,Yes,yes,8.37743016708452,Yes,Yes,Fiber optic,No,No internet service,Yes,One year,Yes,Electronic check,$83.41,707.67,2019-02-22,2.0,Yes
CUST-10477,Female,0,No,No,1.231514545434865,Yes,Yes,dsl,Yes,,No internet service,Month-to-month,No,Credit card (automatic),61.87, ,2019-02-23,4.0,Yes
CUST-10478,Fe-male,1,No,No,16.03118459005789,Yes,Yes,DSL,No,No internet service,Yes,Month-to-month,No,Mailed check,26.82,422.8,23/02/2019,4.0,No
CUST-10479,Female,nan,Yes,No,10.54037318039955,Yes,No,Fiber optic,No,No internet service,No internet service,month-to-month,No,Bank transfer (automatic),99.41,1029.34,2019-02-24,4.0,No
CUST-10480,Female,0,No,Yes,6.952835912437406,Yes,No,DSL,No internet service,No internet service,No internet service,Month-to-month,Yes,Electronic check,120.0,822.03,2019-02-25,4.0,Yes
CUST-10481,Female,0,Yes,Yes,28.47282683431243,Yes,No phone service,DSL,No internet service,No,,Month-to-month,Yes,Electronic check,18.0,506.52,2019-02-26,3.0,
CUST-10482,Female,1,Yes,No,35.21858455106081,Yes,No phone service,Fiber optic,No,No internet service,No internet service,Month-to-month,No,Credit card (automatic),106.81,,2019-02-27,3.0,Yes
CUST-10483,Female,1,No,Yes,6.738210860239598,Yes,No,Fiber optic,Yes,Yes,Yes,Month-to-month,Yes,Electronic check,50.65,347.01,2019-02-28,2.0,Yes
CUST-10484,Female,0,No,No,1.2170836290504468,No,Yes,No,No,No,No,Month-to-month,No,Electronic check,54.7,51.95,2019-03-01,3.0,Yes
CUST-10485,male,No,,No,45.332136892976365,No,No,Fiber optic,No,No,Yes,Month-to-month,No,Bank transfer (automatic),72.79,3297.6,2019-03-02,3.0,No
CUST-10486,Male,0,Yes,No,-5.0,,yes,Fiber optic,No,No internet service,No internet service,Month-to-month,No,Bank transfer (automatic),28.53, ,2019-03-02,2.0,No
CUST-10487,Male,0,No,No,66.39378639618076,Yes,Yes,No,No,No,Yes,Month-to-month,,Bank transfer (automatic),63.59,4206.27,2019-03-03,4.0,No
CUST-10488,  Male ,1,No,No,23.708162455291426,Yes,No,Fiber optic,,No internet service,Yes,Month-to-month,No,Bank transfer (automatic),18.0,412.14,2019-03-04,4.0,No
CUST-10489,male,0,No,No,9.321163556484956,Yes,No,DSL,No internet service,No,No internet service,One year,Yes,Mailed check,78.98,743.06,"Mar 05, 2019",2.0,Yes
CUST-10490,Female,0,Yes,No,6.791926662256818,Yes,No,DSL,Yes,No,Yes,One year,Yes,Mailed check,120.0,831.7,2019-03-06,4.0,Yes
CUST-10491,Female,1,No,Yes,0.21711504898347517,Yes,,Fiber optic,Yes,,Yes,Month-to-month,Yes,Credit card (automatic),45.51,17.37,2019-03-07,2.0,Yes
CUST-10492,Male,0,No,Yes,6.443900795783247,Yes,Yes,Fiber optic,No internet service,Yes,No,month-to-month,Yes,Bank transfer (automatic), 59.6 ,378.84,"Mar 08, 2019",2.0,Yes
CUST-10493,Male,0,Yes,No,3.5564367006322386,No,No phone service,DSL,No internet service,No internet service,No,Two year,Yes,Bank transfer (automatic),61.12,216.35,2019-03-09,4.0,Yes
CUST-10494,Female,0,No,Yes,22.732282441816206,Yes,no,DSL,Yes,No,No,1-Year,Yes,Electronic check,94.29,2128.11,2019-03-09,3.0,No
CUST-10495,Male,0,Yes,Yes,4.372230567854921,No,Yes,DSL,No,No,No,Month-to-month,Yes,Credit card (automatic),76.87,,2019-03-10,3.0,Yes
CUST-10496,Female,0,No,Yes,,Yes,No,Fiber optic,No,No internet service,No internet service,One year,Yes,Electronic check,92.31, ,11/03/2019,2.0,Yes
CUST-10497,Male,0,No,No,,Yes,Yes,DSL,No,No,Yes,Month-to-month,No,Bank transfer (automatic),49.51, ,2019-03-12,4.0,No
CUST-10498,,0,No,No,8.493150625802798,Yes,Yes,DSL,Yes,No,No,Two year,No,Mailed check,77.71,,2019-03-13,2.0,Yes
CUST-10499,,0,No,Yes,0.8566676301797511,Yes,No,Fiber optic,No internet service,No,No,Month-to-month,Y,Bank transfer (automatic),18.0,$21.66,2019-03-14,2.0,Yes
CUST-10500,Female,0,No,No,0.9111728893259676,No,Yes,Fiber optic,No,Yes,No,Month-to-month,Yes,Mailed check,84.72,71.2,15/03/2019,3.0,Yes
CUST-10501,Female,1,Yes,No,0.6408154279940075,Yes,No,DSL,Yes,No,No,Month-to-month,Yes,Bank transfer (automatic), 28.2 ,10.1,2019-03-16,4.0,No
CUST-10502,Male,0,Yes,Yes,32.249103303254294,Yes,No,Fiber optic,No,No,Yes,One year,Yes,Electronic check,54.87,1767.89,16/03/2019,2.0,No
CUST-10503,Female,0,No,yes,,Yes,No phone service,DSL,No,No internet service,Yes,One year,Yes,Mailed check,87.06, ,2019-03-17,1.0,no
CUST-10504,Female,0,Yes,No,38.18658884876543,Yes,yes,No,No internet service,Yes,Yes,Month-to-month,Yes,Credit card (automatic),18.62,696.51,18/03/2019,1.0,Yes
CUST-10505,Male,1,Yes,No,,Yes,Yes,DSL,Yes,No,Yes,Month-to-month,Yes,Electronic check,97.38, ,2019-03-19,3.0,Yes
CUST-10506,FEMALE,1,No,No,14.479272110201068,Yes,No,,,No internet service,Yes,month-to-month,Yes,Electronic check,60.97,869.3,2019-03-20,2.0,No
CUST-10507,Female,0,Yes,Yes,17.262002936202986,Yes,No,dsl,Yes,No internet service,No,Two year,No,Mailed check,108.29,1858.29,"Mar 21, 2019",2.0,Yes
CUST-10508,  Male ,0,Yes,No,29.961184159774135,Yes,No,No,No,No,Yes,One year,No,Credit Card,37.61,1106.49,"Mar 22, 2019",,No
CUST-10509,Female,0,No,Yes,7.66849777648028,Yes,Yes,DSL,No,No,No internet service,One year,No,Electronic check,18.0,132.88,2019/03/23 01:29,2.0,Yes
CUST-10510,Female,0,Yes,No,3.1113313587733225,Yes,No phone service,Fiber optic,No,Yes,No internet service,Month-to-month,Yes,Electronic check,63.83,189.6,2019-03-23,3.0,Yes
CUST-10511,Male,0,yes,No,19.489436596858535,Yes,Yes,DSL,No,No,No,Month-to-month,Yes,Bank transfer (automatic),82.31,1614.26,2019-03-24,,Yes
CUST-10512,FEMALE,0,No,No,9.503440814935376,Yes,no,No,No internet service,Yes,No,Month-to-month,Yes,Electronic check,84.83,796.34,"Mar 25, 2019",1.0,Yes
CUST-10513,Female,0,No,Yes,14.022652677713682,Yes,Yes,No,No,No internet service,No internet service,Month-to-month,Y,Mailed check,30.64,434.78,2019-03-26,4.0,No
CUST-10514,Male,0,Yes,No,24.987270373448567,Yes,No,dsl,No,No,No,Two year,No,Credit card (automatic),18.0,442.19,"Mar 27, 2019",3.0,No
CUST-10515,Male,0,No,No,16.35521138052415,Yes,No,Fiber optic,Yes,No,,Month-to-month,Yes,Electronic check,55.33,906.3,2019-03-28,5.0,Yes
CUST-10516,Male,1,No,No,23.239632594851308,Yes,No,Fiber optic,Yes,No,Yes,Month-to-month,Yes,Bank transfer (automatic),80.19,$1876.29,2019-03-29,5.0,No
CUST-10517,Female,0,No,No,18.856828003385658,No,Yes,Fiber optic,Yes,No,No internet service,Month-to-month,No,Mailed check,78.67,1472.52,2019-03-30,3.0,No
CUST-10518,,0,Yes,No,32.31097847123232,Yes,Yes,Fiber optic,No internet service,No,No,Month-to-month,Yes,Credit card (automatic),111.86,3628.71,2019-03-30,2.0,Yes
CUST-10519,Male,1,No,No,29.375038772733188,Yes,Yes,Fiber optic,No internet service,No internet service,Yes,Two year,No,Credit Card,53.5,1578.34,2019-03-31,3.0,Yes
CUST-10520,Female,0,No,No,18.335453305342334,Yes,No,Fiber optic,,Yes,,Month-to-month,No,Mailed check,18.0,333.27,2019-04-01,99.0,No
CUST-10521,Male,0,No,No,27.264290058672778,Yes,Yes,No,Yes,No,,Month-to-month,Yes,Bank transfer (automatic),100.6,2743.76,2019-04-02,2.0,Yes
CUST-10522,Fe-male,0,No,No,49.63162190538417,Yes,No,Fiber optic,No,Yes,No,One year,Yes,Credit card (automatic),70.56,3500.96,2019-04-03,,Yes
CUST-10523,Female,0,Yes,No,13.58667824886729,Yes,No,No,Yes,Yes,No internet service,Month-to-month,No,Electronic check,73.17,1003.04,"Apr 04, 2019",4.0,No
CUST-10524,Female,0,No,Yes,,Yes,Yes,No,No internet service,No,Yes,Month-to-month,Yes,Electronic check,87.71, ,2019-04-05,2.0,Yes
CUST-10525,Female,0,Yes,No,34.679154774084466,Yes,No phone service,Fiber optic,No,Yes,No,One year,No,electronic check,102.61,3557.55,2019-04-06,4.0,No
CUST-10526,Male,Yes,No,No,20.966392656117836,Yes,Yes,Fiber optic,Yes,Yes,Yes,Month-to-month,Yes,Mailed check,64.01,1339.19,2019-04-06,1.0,Yes
CUST-10527,Male,0,Yes,Yes,1.7676921265105818,Yes,Yes,Fiber optic,No,No internet service,Yes,One year,Yes,Electronic check,,182.43,2019-04-07,3.0,No
CUST-10528,Male,0,Yes,No,53.43988253828488,No,Yes,Fiber optic,No,No,No internet service,Two year,No,Credit card (automatic),81.26,4335.08,2019-04-08,3.0,No
CUST-10529,Female,0,Yes,No,0.7504045305361327,,No phone service,DSL,No,Yes,Yes,Month-to-month,Yes,Bank transfer (automatic),45.03,51.32,2019-04-09,3.0,No
CUST-10530,Female,0,No,No,33.11760652290054,No,No,Fiber optic,No,Yes,Yes,Month-to-month,Yes,Electronic check,57.7,1913.97,2019-04-10,3.0,No
CUST-10531,,0,Yes,No,34.13050873068373,Yes,No,,No,Yes,No,month-to-month,Yes,Electronic check,83.2,2837.68,"Apr 11, 2019",3.0,No
CUST-10532,,1,No,Yes,72.0,Yes,No,DSL,,No,Yes,Month-to-month,No,Electronic check,43.44,3125.1,2019-04-12,4.0,Yes
CUST-10533,Female,0,No,Yes,1.3357152189177413,Yes,yes,Fiber optic,No,No,No,,No,Credit card (automatic),91.29,118.67,2019-04-13,4.0,Yes
CUST-10534,Female,0,Yes,No,21.80312630257978,Yes,Yes,No,No,No,Yes,Month-to-month,Yes,Credit card (automatic),69.45,1518.51,2019-04-13,,Yes
CUST-10535,  Male ,0,Yes,Yes,13.400102490199483,Yes,No,Fiber optic,No internet service,Yes,No internet service,One year,No,Electronic check,76.15,1021.65,2019-04-14,4.0,Yes
CUST-10536,Female,0,Yes,Yes,9.634145324670229,Yes,Yes,Fiber optic,No,No,Yes,One year,Yes,Credit card (automatic),107.92,1038.36,2019-04-15,4.0,No
CUST-10537,Male,nan,No,No,2.2718593685149595,,Yes,Fiber optic,Yes,No,No,Two year,Yes,Mailed check,75.4,182.62,2019-04-16,3.0,Yes
CUST-10538,Female,0,No,No,19.84874181076287,Yes,No,Fiber optic,No internet service,No,Yes,Month-to-month,No,Bank transfer (automatic),66.84,1340.01,2019-04-17,1.0,Yes
CUST-10539,Male,0,No,,15.650001805571463,Yes,No,DSL,Yes,No internet service,No,Month-to-month,No,Mailed check,62.22,963.41,"Apr 18, 2019",1.0,Yes
CUST-10540,  Male ,0,Yes,,2.6504129388688473,Yes,No,dsl,Yes,No,Yes,Month-to-month,Yes,Mailed check,60.66,158.39,"Apr 19, 2019",3.0,No
CUST-10541,Female,nan,No,Yes,22.752296450309053,,yes,Fiber optic,Yes,Yes,No,month-to-month,Yes,Electronic check,74.07,1680.9,2019-04-20,4.0,No
CUST-10542,Male,0,No,Yes,32.14156466147681,Yes,No,Fiber optic,Yes,No internet service,Yes,Month-to-month,Yes,Electronic check,105.6,3388.69,2019-04-20,4.0,Yes
CUST-10543,Female,0,No,No,34.98988714640631,Yes,Yes,Fiber optic,Yes,Yes,No internet service,Two year,No,Electronic check,46.35,1617.15,21/04/2019,0.0,no
CUST-10544,Female,1,No,No,56.58754610178502,Yes,No,DSL,Yes,No,Yes,Month-to-month,Yes,Electronic check,44.08,2484.34,22/04/2019,3.0,No
CUST-10545,Male,1,Yes,Yes,12.6416663170324,Yes,Yes,fiber optic,No,No,No internet service,Month-to-month,Yes,Credit Card,$103.25,1312.33,23/04/2019,4.0,Yes
CUST-10546,Male,0,Yes,No,72.0,Yes,No phone service,No,Yes,No,Yes,Month-to-month,Yes,electronic check,47.72,3433.15,2019-04-24,5.0,No
CUST-10547,Female,0,Yes,Yes,48.135992360693564,Yes,,DSL,Yes,No internet service,Yes,One year,Yes,Credit card (automatic),71.18,3426.92,25/04/2019,3.0,No
CUST-10548,Female,0,Yes,No,8.440551254023895,Yes,Yes,,No,Yes,Yes,Two year,No,Electronic check,46.95,,"Apr 26, 2019",3.0,No
CUST-10549,Female,0,Yes,Yes,4.164005381444466,Yes,No,Fiber optic,Yes,No,Yes,Month-to-month,Yes,Mailed check,18.0,52.54,2019-04-27,5.0,No
CUST-10550,Female,0,Yes,Yes,13.718855571063827,Yes,Yes,Fiber optic,Yes,Yes,No,Two year,Yes,Mailed check,70.65,979.28,27/04/2019,3.0,Yes
CUST-10551,Female,0,Yes,Yes,12.335883712474871,Yes,Yes,Fiber optic,No,No,,Month-to-month,Yes,Mailed check,98.16,1218.01,28/04/2019,4.0,No
CUST-10552,Female,0,yes,no,20.57664064938324,No,Yes,DSL,No,No,Yes,One year,Yes,Electronic check,62.84,1284.57,2019-04-29,5.0,No
CUST-10553,Female,0,No,No,21.014296872007,,No,Fiber optic,No,No,No,Two year,Yes,Bank transfer (automatic),20.25,426.29,30/04/2019,3.0,No
CUST-10554,Female,0,No,No,33.26981519987989,Yes,No,DSL,No,Yes,No,Month-to-month,Yes,Electronic check,67.97,2266.36,01/05/2019,1.0,No
CUST-10555,Male,No,No,No,17.115007622316078,No,Yes,Fiber optic,No,Yes,Yes,Month-to-month,Yes,Credit card (automatic),42.02,711.49,"May 02, 2019",4.0,No
CUST-10556,Male,0,Yes,No,2.65760193103314,Yes,Yes,Fiber optic,No,No,Yes,Month-to-month,No,Bank transfer (automatic),18.0,32.19,2019/05/03 06:01,4.0,Yes
CUST-10557,Male,0,No,Yes,46.89556770577573,Yes,No,No,No internet service,No internet service,No internet service,Month-to-month,No,Mailed check,62.27,2918.05,2019-05-04,1.0,No
CUST-10558,Female,0,Yes,No,8.897341338988845,Yes,Yes,Fiber optic,No,No internet service,Yes,Two year,Yes,Bank transfer (automatic),80.23,719.96,2019-05-05,3.0,Yes
CUST-10559,Female,No,No,No,72.0,Yes,No phone service,DSL,No,,No internet service,1-Year,Yes,Electronic check,100.03,7203.23,2019-05-05,3.0,No
CUST-10560,Female,0,Yes,No,3.009711086713449,Yes,Yes,No,Yes,No,Yes,Two year,Yes,Electronic check,117.41,347.31,2019/05/06 18:09,5.0,Yes
CUST-10561,Male,0,,Yes,72.0,Yes,No,Fiber optic,No,Yes,No,Two year,Yes,Electronic check,84.23,6070.94,2019-05-07,2.0,No
CUST-10562,Male,0,Yes,yes,2.2901561702080793,Yes,No,Fiber optic,Yes,No,No,Month-to-month,No,Credit card (automatic),92.71,235.91,2019-05-08,3.0,Yes
CUST-10563,Male,0,Yes,Yes,6.305071296238198,Yes,No,DSL,No,No,Yes,Month-to-month,N,Electronic check,26.16,180.58,2019-05-09,4.0,No
CUST-10564,Male,0,yes,no,1.144792755229472,Yes,No,No,No,Yes,Yes,Two year,No,Bank transfer (automatic),113.35,134.35,2019-05-10,3.0,Yes
CUST-10565,Female,0,Yes,Yes,29.30792505946641,Yes,Yes,No,No,No,Yes,One year,Yes,Electronic check,102.72,3014.39,2019-05-11,0.0,No
CUST-10566,Male,0,No,No,45.57872514859149,Yes,Yes,No,No internet service,Yes,Yes,One year,No,Electronic check,53.69,2444.74,12/05/2019,99.0,No
CUST-10567,Male,No,No,No,13.662883077909177,,No,fiber optic,No internet service,No,No internet service,Two year,Yes,Electronic check,85.15,1164.67,2019-05-12,1.0,Yes
CUST-10568,male,0,No,No,63.32079885131799,Yes,No,DSL,Yes,Yes,Yes,Month-to-month,No,Bank transfer (automatic),82.13,5179.63,13/05/2019,2.0,No
CUST-10569,Male,0,  Yes,No,21.415867890320143,No,Yes,No,Yes,Yes,No,Month-to-month,Yes,Mailed check,108.81,,2019-05-14,1.0,Yes
CUST-10570,Female,1,  Yes,No,23.862517404490273,Yes,No,Fiber optic,No internet service,No,Yes,Two year,Yes,Bank transfer (automatic),60.17,1440.79,2019-05-15,3.0,Yes
CUST-10571,Female,0,Yes,No,44.808920472132385,Yes,No,DSL,No,No,No internet service,Month-to-month,Yes,Electronic check,42.31,1903.15,2019-05-16,4.0,No
CUST-10572,Male,0,No,No,,Yes,Yes,Fiber optic,No,No,No,Two year,Yes,Electronic check,50.0, ,"May 17, 2019",3.0,Yes
CUST-10573,Female,0,No,No,10.496812635474983,Yes,Yes,Fiber optic,No,No,Yes,Month-to-month,No,Bank transfer (automatic),91.6,965.47,2019-05-18,1.0,Yes
CUST-10574,Female,0,No,No,56.73477910927903,Yes,Yes,DSL,No,Yes,,Month-to-month,No,Electronic check,18.0,$1019.23,2019-05-19,2.0,No
CUST-10575,  Male ,0,Yes,Yes,55.49440247830617,Yes,No phone service,DSL,,No internet service,Yes,Month-to-month,No,Electronic check,18.0,992.81,2019-05-19,2.0,No
CUST-10576,Male,Yes,No,No,72.0,Yes,Yes,DSL,No,Yes,No,Two year,,Electronic check,91.53,6588.83,2019/05/20 18:40,3.0,No
CUST-10577,FEMALE,0,,No,55.707343861484176,Yes,,Fiber optic,No,No,No,One year,Yes,Credit card (automatic),72.94,,2019-05-21,4.0,Yes
CUST-10578,Female,0,No,No,3.26990333010062,Yes,No,DSL,No,No,Yes,Month-to-month,Yes,Bank transfer (automatic),65.25,201.94,22/05/2019,3.0,No
CUST-10579,Male,Yes,Yes,No,41.65694288815352,Yes,yes,DSL,No internet service,No internet service,No internet service,Month-to-month,Yes,Electronic check,25.53,1065.02,2019-05-23,2.0,Yes
CUST-10580,Female,1,Yes,No,12.65661632720352,Yes,Yes,Fiber optic,No,No,No internet service,One year,No,Bank transfer (automatic),18.0,226.15,2019-05-24,4.0,No
CUST-10581,,0,Yes,Yes,72.0,Yes,No,dsl,No,Yes,No internet service,Month-to-month,Yes,Bank transfer (automatic),45.66,3267.61,2019-05-25,5.0,No
CUST-10582,Female,0,No,Yes,15.340590391622033,Yes,No,Fiber optic,,No,,Month-to-month,Yes,Mailed check,75.55,1132.95,2019-05-26,2.0,Yes
CUST-10583,Male,0,No,Yes,19.369652795088623,Yes,Yes,DSL,No,No,No,Month-to-month,Yes,Electronic check,47.13, ,2019-05-26,3.0,No
CUST-10584,Female,1,Yes,No,18.10905108496502,No,No,fiber optic,No,No,Yes,Month-to-month,,Bank transfer (automatic),91.7,$1652.18,2019-05-27,1.0,Yes
CUST-10585,Male,0,Yes,No,9.317284912191187,No,No,Fiber optic,No,Yes,No internet service,One year,No,Bank transfer (automatic),$36.08,318.52,2019-05-28,2.0,Yes
CUST-10586,Male,0,Yes,no,1.8716501193378408,Yes,No phone service,Fiber optic,No,No,No,Month-to-month,Yes,Electronic check,49.12,86.53,"May 29, 2019",4.0,Yes
CUST-10587,Male,0,No,No,54.24039447922834,Yes,No,Fiber optic,Yes,Yes,Yes,Month-to-month,No,Bank transfer (automatic),85.8,4646.61,INVALID_DATE,3.0,Yes
CUST-10588,Male,0,yes,Yes,38.949774746445534,Yes,No,Fiber optic,No,No,No,Month-to-month,Yes,Mailed check,53.39,,2019-05-31,4.0,No
CUST-10589,Male,0,No,No,3.6065468617504326,Yes,Yes,DSL,No,No,No internet service,Month-to-month,Yes,Credit card (automatic),54.88,194.29,2019-06-01,0.0,yes
CUST-10590,Male,0,Yes,No,-5.0,,No,Fiber optic,No,Yes,Yes,,No,Electronic check,45.4, ,2019-06-02,4.0,Yes
CUST-10591,Female,No,No,No,23.594149962386638,,,Fiber optic,No internet service,No internet service,No internet service,Month-to-month,Yes,Electronic check,39.83,924.38,2019-06-02,3.0,Yes
CUST-10592,Male,0,Yes,No,12.628382091509003,Yes,No,Fiber optic,No,No,No,One year,Yes,Bank transfer (automatic),75.33,954.08,2019-06-03,3.0,Yes
CUST-10593,Male,1,  Yes,,7.033392700183123,Yes,No,Fiber optic,,No,Yes,Month-to-month,No,Mailed check,-79.21,555.48,2019-06-04,2.0,Yes
CUST-10594,male,0,Yes,No,47.14025927385639,No,No,Fiber optic,No,Yes,No internet service,Two year,No,Mailed check,71.51,3384.08,2019-06-05,4.0,No
CUST-10595,Female,0,No,No,28.91041277486616,Yes,No,Fiber optic,Yes,No,,Two year,,Credit card (automatic),46.21,1338.25,2019-06-06,1.0,No
CUST-10596,Female,nan,Yes,Yes,19.043948234710403,Yes,No phone service,Fiber optic,No,No,Yes,Month-to-month,Yes,Bank transfer (automatic),58.66,1110.79,2019-06-07,1.0,Yes
CUST-10597,Male,0,No,Yes,22.572067873100373,Yes,Yes,dsl,No,No internet service,Yes,Two year,Yes,Bank transfer (automatic),112.58,2537.83,08/06/2019,1.0,Yes
CUST-10598,Male,0,No,No,2.2915918806339426,Yes,Yes,Fiber optic,No,Yes,No,Month-to-month,Yes,Electronic check, 22.1 ,53.92,2019/06/09 01:22,2.0,Yes
CUST-10599,Male,0,No,No,15.415236769971383,Yes,No,No,Yes,Yes,No internet service,Month-to-month,No,Bank transfer (automatic),120.0,1860.81,09/06/2019,4.0,Yes
CUST-10600,Male,0,Yes,No,-5.0,Yes,No,No,No,No internet service,Yes,Month-to-month,Yes,Mailed check,67.69, ,2019-06-10,5.0,Yes
CUST-10601,Male,1,Yes,,5.608282745788491,Yes,No phone service,Fiber optic,No,,Yes,Month-to-month,Yes,Electronic check,59.3,325.08,11/06/2019,,No
CUST-10602,Male,1,Yes,No,25.983653225792533,Yes,Yes,Fiber optic,No,Yes,No,Month-to-month,Yes,Electronic check,93.3,2434.18,2019-06-12,4.0,Yes
CUST-10603,Male,0,No,Yes,58.128028067322965,Yes,Yes,DSL,No internet service,No,No,Month-to-month,No,Electronic check,18.0,,13/06/2019,2.0,No
CUST-10604,Male,0,Yes,No,12.410551766332352,Yes,No phone service,fiber optic,No internet service,Yes,Yes,Month-to-month,Yes,Mailed check,106.11,1333.03,"Jun 14, 2019",2.0,Yes
CUST-10605,Female,0,No,No,5.589056706894745,Yes,No,DSL,No,No,No internet service,One year,Yes,Mailed check,120.0,672.82,2019-06-15,2.0,Yes
CUST-10606,Male,1,No,Yes,25.109960130269958,Yes,no,Fiber optic,No,No internet service,No internet service,Month-to-month,Yes,,97.34,2457.58,2019-06-16,1.0,Yes
CUST-10607,Male,0,No,No,49.18545356531008,,No,DSL,No,Yes,No internet service,Month-to-month,Yes,Credit card (automatic),18.0,884.47,2019-06-16,3.0,No
CUST-10608,Female,0,Yes,No,33.11020982842064,Yes,Yes,Fiber optic,No internet service,Yes,Yes,Month-to-month,Yes,Credit card (automatic),87.63,2914.59,2019-06-17,5.0,Yes
CUST-10609,Female,0,Yes,No,48.73695525193132,Yes,No,Fiber optic,No internet service,Yes,No internet service,Month-to-month,Yes,Mailed check,114.08,5552.44,2019-06-18,4.0,Yes
CUST-10610,Male,0,Yes,No,18.457604483796867,No,Yes,No,No,Yes,No,Month-to-month,No,Credit card (automatic),110.98,2054.66,19/06/2019,4.0,Yes
CUST-10611,Female,0,No,No,33.451863423436706,No,yes,Fiber optic,Yes,Yes,Yes,Month-to-month,Yes,Electronic check,22.46,742.7,2019-06-20,3.0,No
CUST-10612,Female,1,No,,3.6215510777861484,Yes,,,Yes,No internet service,No,One year,Yes,Bank transfer (automatic),95.19,349.72,2019-06-21,3.0,Yes
CUST-10613,Male,0,Yes,No,10.275167879710114,Yes,Yes,Fiber optic,No,No,Yes,Month-to-month,Yes,Mailed check,118.57,1223.24,2019-06-22,5.0,Yes
CUST-10614,Female,0,Yes,No,11.845380484211482,Yes,No,DSL,No,No,No,Two year,Y,Electronic check,65.58,772.03,2019-06-23,4.0,No
CUST-10615,FEMALE,0,No,Yes,17.183946492492726,Yes,No,DSL,No,No internet service,No,Month-to-month,Yes,Electronic check,21.12,355.69,23/06/2019,3.0,No
CUST-10616,Male,1,No,No,63.50763545465407,Yes,No,Fiber optic,No,No,No internet service,Month-to-month,No,Bank transfer (automatic),89.56,5699.85,2019-06-24,3.0,Yes
CUST-10617,Male,0,Yes,Yes,49.771915170758994,,,DSL,No,No,Yes,Month-to-month,No,Electronic check,96.32,4783.23,2019-06-25,1.0,Yes
CUST-10618,Female,0,No,Yes,3.4674566070926263,Yes,Yes,Fiber optic,No internet service,Yes,No,,Yes,Bank transfer (automatic),60.52,196.6,26/06/2019,4.0,Yes
CUST-10619,Female,0,Yes,No,4.55271037183079,Yes,No,DSL,No,No,Yes,One year,Yes,Credit card (automatic),28.98,134.98,2019-06-27,2.0,Yes
CUST-10620,Male,0,Yes,Yes,10.622573768806655,Yes,No phone service,Fiber optic,Yes,Yes,No internet service,Month-to-month,No,Electronic check,94.16, ,2019-06-28,3.0,Yes
CUST-10621,Male,0,No,No,8.244925358495939,Yes,Yes,Fiber optic,No,No internet service,No,Month-to-month,No,Mailed check,41.64,351.9,29/06/2019,4.0,No
CUST-10622,Male,0,No,Yes,22.894012673431973,No,,Fiber optic,No,Yes,Yes,Month-to-month,No,Bank transfer (automatic),76.62,1749.65,2019-06-30,4.0,No
CUST-10623,Female,0,No,No,55.93771621673369,Yes,Yes,DSL,No internet service,No,Yes,Month-to-month,No,Electronic check,111.44,6240.04,30/06/2019,1.0,No
CUST-10624,Female,1,Yes,Yes,72.0,Yes,No,DSL,No,No,No,One year,Yes,Credit card (automatic),18.0,1286.46,2019-07-01,1.0,No
CUST-10625,Male,0,No,Yes,25.444071019565932,Yes,No phone service,Fiber optic,No,No,No,One year,No,Credit card (automatic),91.93,2336.5,2019-07-02,4.0,Yes
CUST-10626,Female,0,Yes,Yes,43.70741163931975,Yes,No,DSL,No,Yes,No,Month-to-month,Yes,Electronic check,58.5,2547.97,"Jul 03, 2019",3.0,No
CUST-10627,Female,0,Yes,yes,17.876790006560682,No,Yes,Fiber optic,No,Yes,Yes,Month-to-month,Yes,Electronic check,59.28,1052.52,2019-07-04,2.0,Yes
CUST-10628,Male,No,No,No,5.6065628181572125,Yes,,Fiber optic,No,No internet service,No,Two year,No,Credit Card,80.13,448.74,2019-07-05,,Yes
CUST-10629,Male,1,Yes,Yes,17.850833171152892,Yes,no,DSL,Yes,Yes,Yes,One year,Yes,electronic check,41.56,754.01,2019-07-06,4.0,Yes
CUST-10630,Female,1,No,No,19.436799246092406,Yes,Yes,Fiber optic,No,Yes,No,Two year,Yes,Mailed check,29.45, ,2019-07-07,3.0,No
CUST-10631,male,1,No,No,32.557698558854014,Yes,Yes,Fiber optic,Yes,No,No internet service,Month-to-month,Yes,Electronic check,18.0,,2019-07-07,4.0,No
CUST-10632,Female,Yes,Yes,,5.959472576487543,Yes,Yes,DSL,No,No internet service,No,One year,Yes,Bank transfer (automatic),101.65,$618.03,2019-07-08,2.0,Yes
CUST-10633,Female,0,Yes,No,11.024570792795082,Yes,Yes,Fiber optic,No,No,Yes,Month-to-month,No,Electronic check,53.55,586.54,2019-07-09,99.0,No
CUST-10634,Male,0,Yes,No,10.862397771928704,Yes,Yes,Fiber optic,Yes,No,,Month-to-month,Yes,Credit card (automatic),,891.58,2019-07-10,,No
CUST-10635,Male,0,Yes,Yes,72.0,Yes,No,Fiber optic,No,No,Yes,One year,No,Credit card (automatic),50.15,3601.97,"Jul 11, 2019",4.0,No
CUST-10636,Female,1,No,No,14.08531193790791,Yes,Yes,No,No,Yes,No,Two year,Yes,Bank transfer (automatic),29.85,426.33,2019-07-12,4.0,No
CUST-10637,Male,1,No,no,33.76513636800287,,No,DSL,No,No,No,Month-to-month,Yes,Electronic check,84.27,2857.8,13/07/2019,4.0,No
CUST-10638,Male,0,Yes,No,33.34908395421233,Yes,No,Fiber optic,Yes,No internet service,Yes,Two year,Yes,Bank transfer (automatic),74.54,2475.39,2019-07-14,4.0,Yes
CUST-10639,Male,0,Yes,Yes,7.407010595493156,Yes,Yes,Fiber optic,No,,Yes,One year,Yes,Electronic check,57.59,428.07,"Jul 14, 2019",3.0,Yes
CUST-10640,Male,0,No,Yes,20.35986397572926,No,Yes,DSL,Yes,Yes,Yes,Month-to-month,Yes,Electronic check,73.76,1479.41,2019-07-15,3.0,No
CUST-10641,Male,Yes,No,No,53.93226622584216,Yes,Yes,Fiber optic,Yes,No,No internet service,Two year,No,Mailed check,35.89,1943.78,2019-07-16,2.0,No
CUST-10642,Male,0,Yes,No,15.473608699553479,Yes,No phone service,Fiber optic,No,No,No internet service,One year,Yes,Mailed check,96.52,1479.99,2019-07-17,3.0,No
CUST-10643,Male,0,Yes,No,69.66146103486864,Yes,Yes,Fiber optic,Yes,Yes,No,One year,Yes,Credit card (automatic),103.47,7197.77,2019-07-18,3.0,No
CUST-10644,Male,0,No,no,5.793159492458639,Yes,Yes,Fiber optic,,No,Yes,Month-to-month,Yes,Credit card (automatic),87.48, ,2019-07-19,2.0,Yes
CUST-10645,male,0,Yes,Yes,1.8492691101384755,Yes,No,No,Yes,Yes,No internet service,Month-to-month,Yes,Mailed check,53.54,93.41,2019-07-20,4.0,No
CUST-10646,Female,1,Yes,No,53.293921536919186,Yes,Yes,dsl,No internet service,No,No,Two year,Yes,Mailed check,66.48,3542.55,2019-07-21,3.0,No
CUST-10647,Female,0,No,yes,45.162709745831165,Yes,No,Fiber optic,No internet service,Yes,No,Month-to-month,No,Mailed check,111.77,5032.37,21/07/2019,3.0,Yes
CUST-10648,Female,1,No,No,72.0,,No,No,,No,No,Month-to-month,Yes,Mailed check,103.13,7418.87,2019/07/22 21:00,2.0,Yes
CUST-10649,Female,0,No,Yes,27.300977458763434,Yes,Yes,DSL,No,No,Yes,Two year,Yes,Credit card (automatic),120.0,3277.99,2019-07-23,3.0,Yes
CUST-10650,Male,0,No,No,66.23230166549928,Yes,No,Fiber optic,No internet service,No,No,Two year,No,Mailed check,41.28,2714.61,2019-07-24,4.0,No
CUST-10651,Female,0,No,No,42.100057804630474,Yes,No,DSL,No internet service,No,No,Month-to-month,Yes,Credit card (automatic),38.59,1628.37,2019-07-25,3.0,No
CUST-10652,Female,1,Yes,Yes,44.65526202120354,Yes,No phone service,DSL,Yes,Yes,No,Month-to-month,Yes,Bank transfer (automatic),68.73,$3055.87,2019-07-26,3.0,No
CUST-10653,Female,0,Yes,yes,20.207417101628845,Yes,No,Fiber optic,No,No,No internet service,One year,No,Electronic check,$76.91,1547.8,2019-07-27,4.0,No
CUST-10654,Male,0,Yes,No,11.564567037320739,No,No,Fiber optic,Yes,No internet service,Yes,Month-to-month,No,Electronic check,,712.88,28/07/2019,3.0,No
CUST-10655,Male,0,Yes,Yes,65.43821119969667,Yes,No,Fiber optic,No,Yes,No,Month-to-month,Yes,Mailed check,53.01,3483.12,2019-07-29,3.0,No
CUST-10656,Male,Yes,No,No,13.580164239387653,Yes,No phone service,Fiber optic,No,No,Yes,Month-to-month,No,Mailed check,102.72,1399.56,29/07/2019,1.0,Yes
CUST-10657,Male,0,No,No,18.575171631317872,Yes,No,Fiber optic,Yes,No,No,One year,Yes,Mailed check,61.98,1152.06,2019-07-30,3.0,Yes
CUST-10658,Female,1,NO,No,14.179126657795445,Yes,No,Fiber optic,No internet service,No,Yes,Month-to-month,No,Electronic check,28.24, ,31/07/2019,4.0,
CUST-10659,Female,0,No,No,19.967799984861024,Yes,No phone service,DSL,Yes,No,Yes,One year,No,Credit Card,31.71,616.29,2019-08-01,3.0,No
CUST-10660,Male,0,Yes,no,15.25996094496427,Yes,Yes,Fiber optic,No internet service,No,No internet service,One year,Yes,Electronic check,72.11,1092.84,2019-08-02,2.0,Yes
CUST-10661,,0,Yes,Yes,,,Yes,Fiber optic,Yes,Yes,Yes,Month-to-month,Yes,Bank transfer (automatic),120.0, ,03/08/2019,2.0,Yes
CUST-10662,Female,0,No,No,51.299498253934416,Yes,No,Fiber optic,No,No,No,Month-to-month,Yes,Electronic check,35.42,1815.23,2019-08-04,2.0,Yes
CUST-10663,Male,0,No,No,14.104693034453327,,Yes,DSL,Yes,No,,Month-to-month,Yes,Mailed check,55.25,778.2,2019-08-05,1.0,Yes
CUST-10664,Male,0,No,No,21.3365991751141,,,DSL,Yes,Yes,No,Month-to-month,Yes,Electronic check,120.0,2569.42,2019-08-05,3.0,Yes
CUST-10665,Male,0,No,No,3.5970940803968023,,no,Fiber optic,No,No,Yes,Month-to-month,No,Mailed check,50.17,188.37,2019-08-06,2.0,Yes
CUST-10666,Male,Yes,No,Yes,0.08144639361590911,Yes,No phone service,Fiber optic,No,No,Yes,One year,Yes,Mailed check,78.36,17.25,2019-08-07,4.0,Yes
CUST-10667,Male,0,No,No,6.7541240054387846,No,Yes,Fiber optic,No,No,No internet service,Month-to-month,Yes,Bank transfer (automatic),120.0,,2019-08-08,99.0,No
CUST-10668,Male,1,Yes,No,29.265063010006166,Yes,No,DSL,No internet service,Yes,Yes,One year,No,Bank transfer (automatic),36.16,1058.67,2019-08-09,1.0,No
CUST-10669,Male,0,No,Yes,2.507182784648397,Yes,No phone service,Fiber optic,Yes,,No,One year,No,Bank transfer (automatic),55.42,133.61,2019-08-10,5.0,No
CUST-10670,Male,0,No,No,57.495830831739084,Yes,No,No,No internet service,No,No internet service,Month-to-month,Yes,Credit card (automatic),50.17,2880.64,2019/08/11 03:43,4.0,No
CUST-10671,male,0,Yes,No,5.810407497245992,No,No,No,Yes,No,No,Month-to-month,No,Credit card (automatic),19.16,124.56,12/08/2019,5.0,Yes
CUST-10672,Male,0,No,No,5.493650830626713,Yes,Yes,Fiber optic,Yes,Yes,No internet service,Two year,No,Bank transfer (automatic),111.78,612.74,2019-08-12,2.0,Yes
CUST-10673,Female,0,Yes,Yes,,Yes,Yes,DSL,Yes,No,Yes,Two year,Yes,Electronic check,47.14, ,13/08/2019,5.0,No
CUST-10674,Male,0,NO,No,0.3379290688632807,Yes,Yes,Fiber optic,,No internet service,No,,Yes,electronic check, 38.4 ,21.83,2019-08-14,0.0,Yes
CUST-10675,,0,Yes,Yes,35.461363328983424,Yes,No,DSL,Yes,No,No,Month-to-month,No,Credit card (automatic),51.37,1814.84,2019-08-15,5.0,No
CUST-10676,Male,0,No,Yes,49.91322791534289,Yes,No,DSL,No internet service,No,Yes,Two year,No,Bank transfer (automatic),92.56,4630.75,2019-08-16,4.0,Yes
CUST-10677,Male,0,Yes,No,,Yes,No,DSL,,No,Yes,Month-to-month,Yes,Mailed check,68.09, ,"Aug 17, 2019",1.0,Yes
CUST-10678,Fe-male,1,No,Yes,-5.0,Yes,No,No,No,No,No,Month-to-month,Yes,Electronic check,40.95, ,18/08/2019,2.0,No
CUST-10679,Female,0,Yes,Yes,8.060678851282926,No,,Fiber optic,No,Yes,No,Month-to-month,No,Credit card (automatic),$76.97,613.9,19/08/2019,5.0,No
CUST-10680,Female,0,Yes,Yes,15.506969134079585,Yes,Yes,Fiber optic,No internet service,No,No,Month-to-month,Y,Credit card (automatic),89.08,1370.89,2019-08-19,2.0,Yes
CUST-10681,Male,0,No,Yes,72.0,,yes,Fiber optic,No,No,No internet service,One year,No,Bank transfer (automatic),63.99,4602.89,2019-08-20,3.0,No
CUST-10682,Male,0,No,Yes,6.819762943861868,Yes,Yes,DSL,Yes,Yes,No,Month-to-month,N,Bank transfer (automatic),57.66,362.53,2019-08-21,1.0,Yes
CUST-10683,Female,0,Yes,,31.570749996696865,Yes,No,Fiber optic,No,No,No internet service,Two year,No,Electronic check,95.18,2998.23,22/08/2019,4.0,Yes
CUST-10684,FEMALE,0,Yes,Yes,,Yes,No,Fiber optic,No internet service,No internet service,No,One year,No,Mailed check,59.32, ,23/08/2019,3.0,Yes
CUST-10685,Female,0,No,Yes,8.486506706810108,Yes,No,Fiber optic,No internet service,No,Yes,Two year,No,Bank transfer (automatic),112.95,932.68,2019-08-24,99.0,No
CUST-10686,Female,0,No,Yes,14.60763639675515,Yes,No,No,Yes,No,No,Month-to-month,No,Electronic check,41.97,609.68,2019-08-25,5.0,No
CUST-10687,Male,0,No,yes,1.7728579468674481,Yes,Yes,DSL,Yes,No internet service,No,One year,Yes,Bank transfer (automatic),41.27,86.37,2019-08-26,3.0,No
CUST-10688,Female,1,Yes,No,38.46950905800536,Yes,No,No,No internet service,Yes,No internet service,Month-to-month,No,Credit card (automatic),37.59,1441.26,2019-08-26,4.0,No
CUST-10689,Male,1,No,No,6.690982876026629,Yes,No,Fiber optic,Yes,Yes,Yes,One year,Yes,Mailed check,57.53,386.5,2019-08-27,3.0,No
CUST-10690,Male,0,Yes,No,31.019614444247896,Yes,Yes,Fiber optic,No,Yes,No,Two year,Yes,Electronic check,64.78,1994.07,"Aug 28, 2019",2.0,Yes
CUST-10691,Male,1,Yes,No,1.6991117587347038,Yes,Yes,Fiber optic,Yes,Yes,Yes,Month-to-month,Yes,Credit card (automatic),24.93,49.07,2019/08/29 13:23,5.0,No
CUST-10692,Female,No,No,No,72.0,Yes,No,fiber optic,No internet service,Yes,Yes,Month-to-month,Yes,Electronic check,67.6,4861.97,30/08/2019,3.0,No
CUST-10693,Male,0,No,Yes,5.1468043238533925,Yes,Yes,DSL,No internet service,No,No,One year,Yes,Mailed check,81.66,410.97,2019-08-31,3.0,No
CUST-10694,Male,0,No,No,51.441103046778906,Yes,No phone service,Fiber optic,No,No,Yes,One year,,Bank transfer (automatic),20.74,1057.12,2019-09-01,1.0,No
CUST-10695,Female,0,Yes,No,39.79109909671558,,Yes,Fiber optic,Yes,No,No,Month-to-month,No,Credit card (automatic),49.06,1972.25,2019-09-02,4.0,No
CUST-10696,Male,Yes,Yes,No,72.0,Yes,No phone service,DSL,No,No,No internet service,Month-to-month,No,Credit card (automatic),81.72,5864.19,2019-09-02,3.0,No
CUST-10697,Female,0,Yes,Yes,,Yes,No phone service,DSL,No,No,,Month-to-month,,Bank transfer (automatic),32.02, ,03/09/2019,2.0,yes
CUST-10698,Male,0,,No,31.193755981714617,Yes,Yes,No,No,Yes,Yes,One year,Yes,Mailed check,,1727.53,"Sep 04, 2019",5.0,No
CUST-10699,Female,0,Yes,Yes,11.115938960208538,Yes,No,DSL,No,No,No,Month-to-month,Yes,Credit card (automatic),97.35,,"Sep 05, 2019",2.0,Yes
CUST-10700,Female,0,Yes,Yes,4.891015150917078,Yes,Yes,DSL,Yes,No,No internet service,One year,Yes,Bank transfer (automatic),118.56,561.28,2019-09-06,3.0,Yes
CUST-10701,Male,0,Yes,No,14.047832956405518,Yes,Yes,dsl,No,No internet service,Yes,One year,Yes,Bank transfer (automatic),77.9,1084.77,2019-09-07,4.0,Yes
CUST-10702,Male,0,No,yes,4.349303546778124,Yes,No,Fiber optic,No internet service,Yes,No,Two year,No,Mailed check,59.62,266.53,"Sep 08, 2019",5.0,No
CUST-10703,Male,0,Yes,No,,No,Yes,DSL,No,Yes,No internet service,Two year,Yes,Mailed check,49.66, ,"Sep 09, 2019",4.0,Yes
CUST-10704,Male,0,No,No,2.428766951075419,Yes,No,Fiber optic,No,No,Yes,Month-to-month,Yes,Mailed check,92.02,222.51,2019-09-09,5.0,Yes
CUST-10705,,1,Yes,Yes,21.352256146505503,Yes,No,Fiber optic,No,No,No internet service,Month-to-month,Yes,Mailed check,98.7,2115.26,2019-09-10,2.0,Yes
CUST-10706,Male,0,No,Yes,23.633772144239217,Yes,Yes,No,No internet service,Yes,No,Month-to-month,Yes,Mailed check,30.01,699.83,2019-09-11,0.0,No
CUST-10707,Female,1,Yes,Yes,18.53670176271695,Yes,Yes,Fiber optic,No,No,Yes,Month-to-month,Yes,,$92.01,1714.67,2019-09-12,1.0,Yes
CUST-10708,Male,0,No,No,26.04622782020774,Yes,No,No,Yes,Yes,No,Month-to-month,No,Mailed check,46.49,1205.39,2019-09-13,2.0,No
CUST-10709,Female,0,No,Yes,2.9640656130375493,Yes,Yes,DSL,Yes,,Yes,Two year,Yes,Electronic check,38.91,101.3,2019-09-14,1.0,Yes
CUST-10710,Female,0,Yes,Yes,19.433343002639102,Yes,Yes,Fiber optic,No internet service,Yes,Yes,Two year,Yes,Mailed check,60.09,1165.8,2019-09-15,0.0,No
CUST-10711,Female,0,NO,No,8.12572894182693,Yes,,DSL,No internet service,Yes,No,Month-to-month,Yes,Bank transfer (automatic),94.45,$762.21,2019-09-16,3.0,Yes
CUST-10712,Female,0,Yes,Yes,67.59238605286494,No,No,DSL,No,Yes,No,Month-to-month,No,Credit card (automatic),73.98,4995.86,INVALID_DATE,3.0,No
CUST-10713,Male,0,yes,No,34.458857172302075,Yes,No,Fiber optic,Yes,No,No,Month-to-month,Yes,Credit card (automatic),73.17,2518.46,2019-09-17,2.0,Yes
CUST-10714,Male,0,No,No,72.0,Yes,No,DSL,No,Yes,Yes,Two year,Yes,Credit card (automatic),75.27,5428.21,2019-09-18,2.0,No
CUST-10715,FEMALE,0,Yes,No,0.9187072510215739,Yes,No,Fiber optic,No internet service,No,No internet service,Two year,Yes,Credit card (automatic),78.73,74.7,2019-09-19,4.0,Yes
CUST-10716,Female,0,Yes,No,8.055816303131717,Yes,Yes,No,No,No internet service,No,Month-to-month,No,Credit card (automatic),,497.93,2019-09-20,1.0,Yes
CUST-10717,Fe-male,0,Yes,No,5.218514201881721,Yes,Yes,Fiber optic,Yes,Yes,No internet service,One year,No,Electronic check,83.66,439.68,2019-09-21,3.0,Yes
CUST-10718,Male,1,Yes,Yes,,Yes,No,DSL,No,No,No internet service,Month-to-month,Yes,Mailed check,44.91, ,2019-09-22,4.0,No
CUST-10719,Female,1,Yes,No,6.660041015457152,Yes,No,Fiber optic,No internet service,Yes,Yes,Month-to-month,No,Mailed check,84.23,551.83,2019-09-23,4.0,Yes
CUST-10720,FEMALE,0,Yes,No,27.254796686345806,Yes,No,No,Yes,No,Yes,Month-to-month,Yes,Mailed check,90.41,2443.61,2019-09-23,4.0,No
CUST-10721,Male,0,Yes,Yes,6.306718791060868,Yes,No,Fiber optic,No,No,No internet service,One year,Yes,Bank transfer (automatic),85.67,537.37,2019-09-24,2.0,No
CUST-10722,Male,0,No,Yes,17.0716360437227,Yes,Yes,Fiber optic,No,Yes,No internet service,Month-to-month,Yes,Mailed check,87.23,1491.91,2019-09-25,1.0,No
CUST-10723,Female,0,Yes,No,52.50321003310462,Yes,Yes,DSL,No,No,Yes,Month-to-month,Yes,Bank transfer (automatic),78.65,4129.87,2019/09/26 14:26,4.0,No
CUST-10724,Female,0,Yes,No,28.40110511572714,Yes,yes,DSL,No,Yes,No,Month-to-month,No,Mailed check,99.9,2836.68,2019-09-27,4.0,Yes
CUST-10725,Female,1,No,No,12.045933629559197,Yes,No,Fiber optic,No,No internet service,Yes,Month-to-month,No,Electronic check,18.0,220.55,2019-09-28,3.0,No
CUST-10726,Male,0,Yes,No,11.183090627030635,Yes,Yes,DSL,Yes,No,Yes,One year,Yes,Mailed check,90.31,1008.22,2019/09/29 05:31,4.0,Yes
CUST-10727,Female,0,Yes,Yes,14.59969233588923,Yes,Yes,No,Yes,No,No,Month-to-month,Yes,Credit card (automatic),120.0, ,2019-09-30,3.0,Yes
CUST-10728,Male,0,Yes,No,4.676386397522222,No,Yes,Fiber optic,No,No internet service,Yes,Two year,Yes,Bank transfer (automatic),46.04,207.62,2019-09-30,2.0,Yes
CUST-10729,Male,0,yes,No,24.122977016351136,Yes,Yes,Fiber optic,Yes,No internet service,,Month-to-month,No,Credit Card,42.69,1028.77,2019-10-01,3.0,No
CUST-10730,Male,0,No,Yes,10.86712862700675,Yes,No,Fiber optic,No,No,No internet service,Month-to-month,No,Credit card (automatic),103.29,1125.73,02/10/2019,2.0,Yes
CUST-10731,Female,0,Yes,No,45.91235119849378,No,No,No,No,No,No,Month-to-month,No,Mailed check,36.9,1694.75,2019-10-03,3.0,No
CUST-10732,Female,0,No,No,33.90851095005208,Yes,Yes,Fiber optic,Yes,No,Yes,Month-to-month,No,Electronic check, 44.7 ,1503.64,2019-10-04,2.0,No
CUST-10733,Female,0,No,No,22.630205079718973,Yes,Yes,No,No,No,Yes,Month-to-month,Yes,Bank transfer (automatic),69.8,1582.74,2019-10-05,2.0,Yes
CUST-10734,Male,0,No,Yes,10.86899343222736,Yes,Yes,,No,No,Yes,Month-to-month,No,Bank transfer (automatic),40.73,444.14,2019-10-06,5.0,No
CUST-10735,Female,0,No,No,5.655265157348339,Yes,No,fiber optic,Yes,No internet service,No,Two year,Yes,Mailed check,90.95,519.3,2019-10-07,1.0,Yes
CUST-10736,Male,0,No,No,35.922898123352965,No,no,No,No,Yes,Yes,One year,N,Electronic check,40.98,1476.15,"Oct 07, 2019",2.0,Yes
CUST-10737,Female,No,Yes,No,15.991877828818993,Yes,No phone service,Fiber optic,No internet service,No,No,Two year,Yes,Bank transfer (automatic),75.52,1212.4,2019-10-08,,No
CUST-10738,Male,0,Yes,No,,Yes,,Fiber optic,No,No,No,Month-to-month,No,Electronic check,73.23, ,2019-10-09,3.0,Yes
CUST-10739,Male,0,Yes,Yes,5.21111851645912,Yes,Yes,DSL,No,No internet service,No internet service,Month-to-month,Yes,Credit card (automatic),114.62,575.41,10/10/2019,3.0,Yes
CUST-10740,Female,0,No,No,4.3392910699103115,,Yes,DSL,Yes,Yes,No internet service,Month-to-month,Yes,Bank transfer (automatic),99.66,423.08,2019-10-11,5.0,No
CUST-10741,Male,0,No,No,36.03135892430548,Yes,Yes,DSL,Yes,No,No,Two year,No,Electronic check,48.81,1768.15,2019-10-12,3.0,Yes
CUST-10742,Female,0,No,Yes,6.2412068322087775,Yes,No phone service,DSL,Yes,No,No,2-Year,No,Electronic check,26.77,159.13,2019-10-13,2.0,Yes
CUST-10743,Female,0,,No,17.94969269882929,Yes,No phone service,Fiber optic,No internet service,Yes,Yes,Two year,No,Bank transfer (automatic),89.84,1622.6,2019-10-14,3.0,Yes
CUST-10744,Male,1,Yes,No,14.415660624845536,Yes,No,DSL,No,No,Yes,Month-to-month,No,Bank transfer (automatic),45.1, ,15/10/2019,4.0,Yes
CUST-10745,male,0,No,No,20.797789588024006,Yes,No,No,Yes,No,No internet service,Month-to-month,Yes,Bank transfer (automatic),54.63,3976.62,2019-10-15,5.0,No
CUST-10746,Male,0,No,Yes,50.323945676926776,Yes,Yes,No,No,Yes,No,Month-to-month,No,Bank transfer (automatic),32.91,1651.02,2019-10-16,2.0,no
CUST-10747,Female,0,  Yes,No,48.55299536896176,Yes,No,DSL,Yes,No,Yes,Month-to-month,No,Bank transfer (automatic),85.07,4125.84,2019-10-17,2.0,Yes
CUST-10748,male,0,,No,14.395089874020929,Yes,Yes,DSL,Yes,No internet service,No,Month-to-month,Yes,Mailed check,45.31,685.09,2019-10-18,3.0,No
CUST-10749,Female,0,No,No,0.37165284269657994,Yes,No,No,No,,No internet service,Month-to-month,No,Credit card (automatic),63.65,21.86,2019-10-19,3.0,Yes
CUST-10750,Male,0,Yes,yes,13.34158469778859,Yes,Yes,No,No,No,Yes,Month-to-month,N,Mailed check,64.11,862.51,2019-10-20,2.0,No
CUST-10751,FEMALE,0,No,,22.365496850510585,Yes,Yes,fiber optic,No,No,Yes,Month-to-month,No,Electronic check,70.21,1595.34,2019-10-21,5.0,No
CUST-10752,Female,0,Yes,Yes,19.581919661945044,Yes,No,,No,Yes,No internet service,Month-to-month,Yes,Mailed check,84.55,1659.35,2019-10-22,,Yes
CUST-10753,Male,0,No,No,25.287524992387713,Yes,No,dsl,No,,No,Two year,No,Electronic check,57.42,1469.63,2019-10-22,4.0,No
CUST-10754,Male,0,No,No,4.015810600142683,Yes,No,Fiber optic,No internet service,Yes,No,Month-to-month,Yes,Mailed check,42.46,179.57,2019-10-23,,Yes
CUST-10755,Female,0,Yes,No,,Yes,Yes,DSL,No internet service,No,Yes,Month-to-month,No,Bank transfer (automatic),18.0, ,2019-10-24,2.0,Yes
CUST-10756,Female,0,No,Yes,4.840556634359466,Yes,Yes,Fiber optic,No internet service,Yes,No internet service,One year,Yes,Electronic check,67.78,333.2,2019-10-25,4.0,Yes
CUST-10757,Female,0,Yes,,33.32141960224651,Yes,No,DSL,No internet service,No,No internet service,One year,No,Credit card (automatic),59.99,1986.67,2019-10-26,4.0,No
CUST-10758,male,0,Yes,No,9.93921586692303,Yes,Yes,No,No,Yes,No,Month-to-month,No,Bank transfer (automatic),43.39,427.75,2019-10-27,2.0,Yes
CUST-10759,Female,1,Yes,No,29.70033231471084,Yes,No phone service,Fiber optic,No,No,Yes,Two year,Yes,Electronic check,66.58,1981.07,2019-10-28,3.0,Yes
CUST-10760,Male,0,No,Yes,1.177177836858207,Yes,Yes,No,No,No,No,Month-to-month,No,Electronic check,90.38,99.84,29/10/2019,3.0,Yes
CUST-10761,Male,0,yes,Yes,12.576293490908185,Yes,No,DSL,No internet service,No,Yes,Month-to-month,Yes,Mailed check,98.06,1237.69,2019-10-29,4.0,No
CUST-10762,Male,0,yes,No,29.301526898680784,Yes,Yes,Fiber optic,No,Yes,Yes,Month-to-month,Yes,Electronic check,18.65,544.2,2019-10-30,5.0,No
CUST-10763,Female,0,Yes,Yes,6.1754096746237055,No,Yes,Fiber optic,Yes,No internet service,No,Month-to-month,Yes,Electronic check,53.87,323.68,2019-10-31,4.0,Yes
CUST-10764,Male,1,No,No,38.0675159901307,Yes,Yes,fiber optic,No internet service,Yes,Yes,One year,Yes,Electronic check,93.53,12461.69,2019-11-01,4.0,No
CUST-10765,Female,0,No,Yes,23.912685210673974,Yes,No,DSL,No internet service,No,No internet service,Month-to-month,N,Mailed check,112.58,2695.97,2019-11-02,2.0,Yes
CUST-10766,Female,0,Yes,No,21.25605204209591,No,No,No,No internet service,No,Yes,Month-to-month,Yes,Electronic check,40.18,844.64,03/11/2019,4.0,Yes
CUST-10767,Female,0,Yes,No,10.470183620167743,Yes,Yes,No,Yes,No internet service,No,Two year,No,Electronic check,106.05,1110.83,2019-11-04,4.0,No
CUST-10768,Male,0,Yes,No,15.807647548754066,Yes,No,Fiber optic,Yes,Yes,Yes,Month-to-month,Yes,Credit card (automatic),24.2,385.4,05/11/2019,2.0,No
CUST-10769,Female,0,No,No,21.832460272513934,Yes,No phone service,No,No,No,No,One year,No,Electronic check,99.15,2146.15,INVALID_DATE,0.0,Yes
CUST-10770,Male,0,No,No,15.348830261968708,Yes,Yes,Fiber optic,No,No,Yes,Month-to-month,No,Mailed check,56.25, ,"Nov 06, 2019",3.0,No
CUST-10771,Female,0,No,Yes,28.760791120109207,Yes,No,DSL,Yes,No internet service,No,Month-to-month,Yes,Electronic check,111.58,3195.29,2019-11-07,4.0,No
CUST-10772,Male,1,Yes,Yes,13.647021365006335,Yes,No phone service,DSL,No,Yes,No internet service,Month-to-month,N,Electronic check,50.78,,"Nov 08, 2019",3.0,yes
CUST-10773,Male,0,No,No,5.423737755641103,Yes,Yes,No,Yes,No,No internet service,Two year,Yes,Credit card (automatic),55.4,290.95,2019-11-09,5.0,Yes
CUST-10774,Female,1,Yes,No,5.777141863229144,Yes,No,Fiber optic,Yes,Yes,No,Two year,No,Electronic check,60.7,337.63,2019-11-10,2.0,Yes
CUST-10775,Male,1,Yes,No,0.13969622780408883,Yes,No,DSL,No,Yes,Yes,Month-to-month,Yes,Electronic check,$18.59,-8.03,2019-11-11,3.0,No
CUST-10776,Male,1,No,No,8.59305709955889,No,Yes,Fiber optic,No internet service,Yes,Yes,Month-to-month,Yes,Bank transfer (automatic),18.0,155.92,INVALID_DATE,1.0,No
CUST-10777,Female,0,Yes,No,33.16738243411661,Yes,Yes,Fiber optic,Yes,,No,month-to-month,No,Electronic check,80.0,,12/11/2019,2.0,Yes
CUST-10778,Female,0,No,No,37.936062504328085,Yes,No phone service,DSL,No,Yes,Yes,Two year,No,Mailed check,94.35,3582.63,2019-11-13,2.0,No
CUST-10779,Female,1,Yes,Yes,5.429585894037231,Yes,Yes,Fiber optic,Yes,No internet service,No,One year,Yes,Electronic check,82.93,438.77,2019-11-14,3.0,Yes
CUST-10780,Female,0,No,No,72.0,Yes,Yes,DSL,Yes,Yes,,Month-to-month,No,Electronic check,27.08,1962.77,2019-11-15,4.0,No
CUST-10781,Female,0,Yes,,16.75114443551838,Yes,No,DSL,No,No internet service,No internet service,Two year,Yes,Electronic check,79.11,1331.61,2019-11-16,3.0,Yes
CUST-10782,Male,0,No,No,59.727808032851684,Yes,No,Fiber optic,No,No,No internet service,Month-to-month,No,electronic check,157.47,2082.02,2019-11-17,3.0,No
CUST-10783,Male,0,Yes,No,29.442765716797346,Yes,No,Fiber optic,No internet service,Yes,No internet service,One year,Yes,Mailed check,76.93,2278.25,2019-11-18,5.0,No
CUST-10784,Male,0,Yes,No,30.76066698083492,Yes,Yes,DSL,No,No,No,Month-to-month,No,Bank transfer (automatic),98.64,3032.3,2019-11-19,4.0,No
CUST-10785,male,0,No,No,2.133093321638007,No,Yes,Fiber optic,No internet service,No,No,Two year,Yes,Bank transfer (automatic),75.72,167.3,19/11/2019,1.0,Yes
CUST-10786,Female,0,Yes,No,5.962799606160899,Yes,No,DSL,Yes,No,Yes,Month-to-month,Yes,Credit card (automatic),108.76,$646.42,2019-11-20,2.0,Yes
CUST-10787,Male,1,No,Yes,,Yes,Yes,DSL,Yes,No,,One year,N,Bank transfer (automatic),60.2, ,2019-11-21,1.0,Yes
CUST-10788,Female,1,,Yes,30.221533923527186,Yes,Yes,DSL,Yes,No,Yes,One year,Yes,Credit card (automatic),58.2,1757.13,2019-11-22,1.0,No
CUST-10789,  Male ,0,Yes,No,10.13430806246052,Yes,No,DSL,No internet service,No,No,Two year,Yes,Mailed check,66.72,686.14,23/11/2019,3.0,No
CUST-10790,Male,0,Yes,no,37.07599350250082,Yes,Yes,DSL,Yes,No internet service,Yes,One year,Yes,Mailed check,24.42,904.74,2019/11/24 07:36,4.0,No
CUST-10791,Female,0,No,No,9.933718884567641,Yes,No phone service,No,Yes,No,Yes,Two year,Yes,Credit card (automatic),52.61,517.73,"Nov 25, 2019",2.0,Yes
CUST-10792,Female,0,NO,Yes,41.06649324505621,No,Yes,Fiber optic,No,No internet service,No,Two year,Yes,Credit card (automatic),55.25,2262.05,2019-11-26,3.0,No
CUST-10793,Female,0,No,Yes,3.3615595223282724,Yes,Yes,DSL,Yes,No internet service,Yes,Month-to-month,Yes,Electronic check,56.18,186.1,2019-11-26,3.0,No
CUST-10794,Male,No,No,No,4.569645675566035,Yes,Yes,DSL,Yes,Yes,No,Month-to-month,Yes,Bank transfer (automatic),72.75,1163.53,2019-11-27,3.0,Yes
CUST-10795,Female,0,No,No,10.004266006412863,Yes,Yes,DSL,Yes,Yes,No,One year,No,Bank transfer (automatic),20.29,222.43,2019-11-28,5.0,No
CUST-10796,FEMALE,0,Yes,No,12.601734605280221,Yes,Yes,No,Yes,No,No,Two year,No,Electronic check,30.33,398.14,2019-11-29,,Yes
CUST-10797,Female,0,  Yes,No,10.290941500354133,Yes,Yes,Fiber optic,No,No,Yes,Month-to-month,N,Credit card (automatic),-98.66,1025.86,2019-11-30,4.0,Yes
CUST-10798,Female,0,NO,Yes,34.6182951933097,Yes,Yes,DSL,No,Yes,No,One year,No,Mailed check,18.0,644.42,"Dec 01, 2019",3.0,No
CUST-10799,FEMALE,1,Yes,No,2.4474935580129458,Yes,Yes,Fiber optic,Yes,Yes,No internet service,Month-to-month,Yes,Bank transfer (automatic),83.19,213.91,02/12/2019,4.0,No
CUST-10800,Female,0,Yes,No,10.383768216322402,Yes,Yes,Fiber optic,Yes,No,Yes,Month-to-month,Yes,Electronic check,53.49,550.87,2019-12-03,4.0,
CUST-10801,Male,nan,Yes,Yes,43.571485268918934,Yes,No,DSL,No internet service,No,No,One year,No,Electronic check,69.5,3032.31,2019-12-03,3.0,No
CUST-10802,Female,0,Yes,No,1.6591825653007015,Yes,Yes,Fiber optic,No,Yes,No,One year,No,Electronic check,111.44,183.1,2019-12-04,4.0,Yes
CUST-10803,Female,0,No,Yes,68.47805813582549,Yes,Yes,Fiber optic,No,No internet service,No internet service,One year,Yes,Electronic check,60.76,4146.3,2019-12-05,3.0,No
CUST-10804,Male,0,Yes,Yes,72.0,Yes,Yes,DSL,No,No,No,Two year,Yes,Mailed check,83.46,5999.45,"Dec 06, 2019",,No
CUST-10805,Female,0,Yes,Yes,2.225723536000261,Yes,,Fiber optic,Yes,No,Yes,Month-to-month,No,Credit card (automatic),66.46,147.01,2019-12-07,1.0,No
CUST-10806,FEMALE,0,Yes,Yes,8.262820845077451,Yes,No phone service,Fiber optic,,No,No internet service,Month-to-month,No,Bank transfer (automatic),61.42,504.65,2019-12-08,3.0,Yes
CUST-10807,FEMALE,0,,No,11.180479664775039,Yes,No,Fiber optic,No,Yes,No internet service,Two year,No,Electronic check,57.7, ,2019-12-09,3.0,Yes
CUST-10808,Female,0,No,No,35.94859048114144,Yes,No,Fiber optic,Yes,No,No,One year,Yes,Electronic check,85.73,3096.81,2019-12-10,4.0,Yes
CUST-10809,Male,0,Yes,No,21.747822223229818,Yes,Yes,Fiber optic,No,Yes,No,Month-to-month,No,Bank transfer (automatic),42.75,937.62,2019-12-10,2.0,No
CUST-10810,,1,Yes,No,24.81245579246786,Yes,Yes,Fiber optic,No,Yes,No,Two year,No,Mailed check,30.74,762.65,2019-12-11,3.0,No
CUST-10811,Female,0,,Yes,34.00305782143378,Yes,yes,Fiber optic,Yes,No,No,Two year,No,,66.93,2269.51,2019-12-12,4.0,No
CUST-10812,Male,1,No,Yes,3.0129459143208193,No,No,Fiber optic,No internet service,Yes,No,One year,No,Credit card (automatic),70.48,222.89,2019-12-13,4.0,Yes
CUST-10813,FEMALE,0,Yes,No,42.98439568246718,Yes,Yes,DSL,No internet service,No,No internet service,Two year,No,Credit card (automatic),18.0,785.96,2019-12-14,3.0,No
CUST-10814,Female,0,Yes,No,29.349195936570254,Yes,Yes,Fiber optic,Yes,No,No internet service,Month-to-month,No,Electronic check,64.39,1883.93,2019-12-15,3.0,Yes
CUST-10815,Female,0,Yes,Yes,20.668590897977396,Yes,Yes,Fiber optic,No,Yes,No,Month-to-month,Yes,Credit card (automatic),27.89,574.92,INVALID_DATE,4.0,No
CUST-10816,Female,0,Yes,No,52.916922135852346,Yes,No,Fiber optic,No internet service,Yes,No internet service,Two year,Yes,Electronic check,83.51,4406.78,2019-12-17,4.0,No
CUST-10817,Male,0,No,No,28.91986813674633,,Yes,No,Yes,No internet service,Yes,One year,No,Bank transfer (automatic),18.0,528.78,2019-12-17,5.0,Yes
CUST-10818,Male,1,yes,No,5.406498372472656,Yes,yes,No,No,Yes,Yes,Month-to-month,Yes,Mailed check,120.0,632.13,2019-12-18,4.0,No
CUST-10819,Male,1,No,No,13.480135632647375,Yes,,DSL,No,No,No,One year,No,Bank transfer (automatic),245.49,735.11,2019-12-19,2.0,No
CUST-10820,Female,0,No,Yes,16.35127993314424,Yes,Yes,No,No,No,No,One year,,Electronic check,38.75,635.51,2019-12-20,4.0,No
CUST-10821,Male,0,Yes,No,1.363216100818522,Yes,Yes,Fiber optic,No,No internet service,Yes,Month-to-month,,Mailed check,56.21,70.85,2019-12-21,1.0,Yes
CUST-10822,Male,1,No,Yes,72.0,Yes,No,Fiber optic,No,No internet service,No,One year,No,Electronic check,81.39,5853.53,"Dec 22, 2019",3.0,Yes
CUST-10823,Male,0,No,No,3.3030736947881634,Yes,No,No,,No,Yes,Month-to-month,Yes,Electronic check,91.41,307.55,"Dec 23, 2019",3.0,Yes
CUST-10824,Female,1,Yes,Yes,28.693103219574013,Yes,no,Fiber optic,No,Yes,No,Month-to-month,Yes,Bank transfer (automatic),56.47,1623.34,2019-12-24,5.0,No
CUST-10825,FEMALE,1,Yes,No,16.936501334091982,Yes,No,Fiber optic,No internet service,No,No internet service,One year,No,electronic check,21.54,370.99,2019-12-24,2.0,No
CUST-10826,Male,1,No,Yes,0.6231955139101062,Yes,No,No,Yes,Yes,No,Month-to-month,Yes,Credit card (automatic),28.33,3.84,2019-12-25,4.0,No
CUST-10827,Male,0,Yes,No,62.0857399820394,Yes,No,DSL,No,Yes,Yes,Month-to-month,,Mailed check,73.29,4564.14,2019-12-26,2.0,Yes
CUST-10828,Female,0,Yes,No,45.826583269610936,Yes,Yes,DSL,Yes,No,,Two year,Yes,Electronic check,94.32,4337.01,27/12/2019,0.0,Yes
CUST-10829,Female,0,No,No,17.829106486967767,,Yes,Fiber optic,No,No,No,One year,No,Electronic check,98.22,1752.84,2019-12-28,3.0,yes
CUST-10830,Male,0,,No,6.239810813186219,Yes,No,No,Yes,Yes,No internet service,Month-to-month,Yes,Electronic check,,431.99,2019-12-29,4.0,No
CUST-10831,Female,1,No,No,,Yes,Yes,No,No internet service,Yes,No,Month-to-month,Yes,Credit Card, 93.7 , ,2019-12-30,4.0,Yes
CUST-10832,Male,0,No,No,10.838446813358921,,Yes,DSL,No,No internet service,,Month-to-month,Y,Mailed check,120.0,1299.78,"Dec 31, 2019",3.0,Yes
CUST-10833,Male,0,Yes,No,7.078706395039102,Yes,No,No,Yes,No internet service,No internet service,One year,No,Credit card (automatic),100.41,722.93,2019-12-31,5.0,Yes
CUST-10834,Female,1,No,No,16.958878413558622,Yes,No,DSL,No,No,No,Month-to-month,Yes,Bank transfer (automatic),92.36,1559.75,01/01/2020,4.0,No
CUST-10835,Male,1,No,No,72.0,Yes,Yes,dsl,No internet service,No,Yes,Month-to-month,Yes,Bank transfer (automatic),40.5,2901.88,2020-01-02,3.0,No
CUST-10836,FEMALE,1,No,yes,20.533360520388776,No,Yes,Fiber optic,No,No internet service,No,Month-to-month,No,Credit card (automatic),93.58,1927.12,2020-01-03,3.0,No
CUST-10837,Male,1,Yes,No,52.959560277340046,,No,DSL,Yes,No,No,Month-to-month,Yes,Electronic check,78.54,4159.12,2020-01-04,5.0,No
CUST-10838,Female,0,No,No,25.256069916725707,Yes,No,DSL,No internet service,No,No,Month-to-month,No,Mailed check,84.22,2138.45,05/01/2020,1.0,no
CUST-10839,Female,0,No,No,15.47584082704638,Yes,No,DSL,No,No,Yes,Month-to-month,Yes,Credit card (automatic),102.53,1587.37,06/01/2020,3.0,Yes
CUST-10840,Male,0,Yes,No,46.27964948477688,Yes,No,DSL,No,Yes,No,1-Year,Yes,Bank transfer (automatic),75.46,3511.79,2020-01-07,5.0,No
CUST-10841,Female,0,Yes,No,15.299110794900923,Yes,No,Fiber optic,No,No,No,2-Year,Yes,Electronic check,61.62,963.28,2020-01-08,1.0,No
CUST-10842,Male,0,Yes,Yes,48.71336600067769,No,Yes,DSL,No,Yes,No internet service,Month-to-month,Yes,Electronic check,32.6,1583.68,2020-01-08,4.0,No
CUST-10843,Fe-male,0,Yes,No,8.27312593930741,No,Yes,dsl,No internet service,No,No internet service,Two year,Yes,Credit card (automatic),55.8,444.6,2020-01-09,3.0,Yes
CUST-10844,Male,0,No,no,3.309569138183684,Yes,Yes,Fiber optic,Yes,No,Yes,One year,,Electronic check,71.09,237.18,2020-01-10,2.0,Yes
CUST-10845,Male,1,Yes,No,46.396622673221984,Yes,No,Fiber optic,Yes,Yes,Yes,Month-to-month,Yes,Credit card (automatic),73.03,3376.04,2020-01-11,4.0,No
CUST-10846,Male,0,Yes,No,21.24752233968762,Yes,Yes,DSL,No internet service,No internet service,Yes,Month-to-month,Yes,Electronic check,72.02,1516.94,12/01/2020,4.0,Yes
CUST-10847,,0,No,Yes,52.77738818347758,Yes,No phone service,No,Yes,Yes,Yes,Month-to-month,Yes,Bank transfer (automatic),93.49,4942.77,2020-01-13,3.0,No
CUST-10848,Female,0,Yes,No,66.66810687317772,Yes,No,Fiber optic,No internet service,No,Yes,One year,No,Bank transfer (automatic),90.66,6047.35,2020-01-14,2.0,
CUST-10849,Female,0,No,No,1.3228791611311803,Yes,Yes,No,No,No,No internet service,One year,No,Bank transfer (automatic),62.84,,2020-01-15,3.0,Yes
CUST-10850,Male,0,Yes,No,16.682103979246776,Yes,Yes,fiber optic,No,No,No internet service,month-to-month,No,Mailed check,39.28, ,2020-01-15,,No
CUST-10851,Female,0,NO,Yes,11.278725824966035,Yes,No,DSL,Yes,No,No,Two year,Yes,Credit card (automatic),76.2,853.31,2020-01-16,1.0,No
CUST-10852,Male,1,No,No,23.594902458372697,Yes,Yes,DSL,No internet service,No,No,Two year,No,Bank transfer (automatic),120.0,2843.16,17/01/2020,2.0,Yes
CUST-10853,male,0,No,No,37.86951832969518,No,Yes,No,No,No internet service,No,Two year,No,Credit card (automatic),74.34,2802.95,18/01/2020,,No
CUST-10854,Male,0,Yes,Yes,7.903779541321446,No,Yes,No,No internet service,,No internet service,Two year,Yes,Electronic check,55.82,444.13,19/01/2020,5.0,Yes
CUST-10855,Male,0,No,No,19.529531956519556,Yes,Yes,Fiber optic,No,No,No internet service,Month-to-month,Yes,Electronic check,80.78,1588.29,2020-01-20,4.0,No
CUST-10856,Male,0,Yes,Yes,29.60399355397569,Yes,,Fiber optic,Yes,No internet service,Yes,Month-to-month,No,Electronic check,82.57,2443.87,2020-01-21,2.0,
CUST-10857,Female,0,Yes,No,3.464838732979824,Yes,Yes,Fiber optic,No,Yes,Yes,One year,Yes,Electronic check,82.24,268.81,2020-01-22,2.0,Yes
CUST-10858,Female,1,Yes,Yes,40.37684110548718,,Yes,DSL,No,No internet service,Yes,One year,Yes,Bank transfer (automatic),105.89,4290.32,2020-01-22,2.0,No
CUST-10859,Male,0,No,Yes,22.36038193432652,Yes,No phone service,DSL,No,No internet service,No,Month-to-month,Yes,Mailed check,76.28,1705.5,2020-01-23,4.0,Yes
CUST-10860,Female,1,Yes,No,71.67656511850168,Yes,No,Fiber optic,No internet service,No,No,Two year,Yes,Credit card (automatic),104.46,7481.09,2020-01-24,3.0,No
CUST-10861,Female,0,No,Yes,9.955246552164281,Yes,Yes,DSL,No,No,Yes,1-Year,Yes,Electronic check,71.61,701.06,2020-01-25,1.0,Yes
CUST-10862,Female,0,Yes,Yes,2.7468665345702212,Yes,Yes,Fiber optic,No,No,No internet service,One year,No,Mailed check,110.07,,2020-01-26,2.0,Yes
CUST-10863,Male,0,Yes,No,16.949636491768086,Yes,No,fiber optic,,Yes,No,Month-to-month,No,Credit card (automatic),100.9,$1712.01,2020-01-27,5.0,Yes
CUST-10864,Male,Yes,No,No,2.153224699577579,Yes,yes,No,Yes,No internet service,,Two year,No,Credit card (automatic),,198.5,2020-01-28,4.0,Yes
CUST-10865,Female,0,Yes,No,72.0,Yes,No,fiber optic,No internet service,No,Yes,Month-to-month,Yes,Credit card (automatic),88.38,6371.5,2020-01-29,4.0,No
CUST-10866,Male,0,No,No,0.9468743217536331,No,Yes,No,No,No,Yes,Month-to-month,No,Credit card (automatic),120.0,100.18,29/01/2020,1.0,Yes
CUST-10867,Male,0,Yes,No,33.60981867882626,Yes,No,Fiber optic,No,No,Yes,Two year,No,Bank transfer (automatic),97.0,3272.23,2020-01-30,5.0,Yes
CUST-10868,Female,0,No,No,17.871745757362493,Yes,No,No,No,No internet service,Yes,Two year,Yes,Credit card (automatic),39.22,675.8,2020-01-31,3.0,Yes
CUST-10869,  Male ,0,No,Yes,,Yes,Yes,No,No,No,No internet service,Month-to-month,No,Bank transfer (automatic),72.08, ,01/02/2020,3.0,Yes
CUST-10870,Male,0,Yes,Yes,1.6346367907565007,Yes,No,fiber optic,Yes,Yes,Yes,Two year,No,electronic check,56.76,90.13,2020-02-02,5.0,Yes
CUST-10871,Male,0,Yes,No,23.35926670172856,Yes,No,Fiber optic,,No,No,Month-to-month,Yes,Electronic check,120.0,2788.51,"Feb 03, 2020",1.0,Yes
CUST-10872,Female,0,No,No,21.12018753435254,Yes,Yes,DSL,No internet service,,Yes,One year,Yes,Credit card (automatic),102.24,$2156.05,2020-02-04,3.0,Yes
CUST-10873,Male,0,No,No,7.913558117220132,Yes,Yes,DSL,Yes,No,Yes,One year,Yes,Bank transfer (automatic),120.0,962.77,2020-02-05,4.0,Yes
CUST-10874,Male,1,Yes,No,57.849887920591826,No,Yes,DSL,,No internet service,No internet service,Month-to-month,,Electronic check,41.9,2419.04,2020-02-05,1.0,No
CUST-10875,Male,1,Yes,No,8.701528504008747,Yes,yes,dsl,No,No internet service,No internet service,Month-to-month,Yes,Electronic check,97.75,840.27,2020-02-06,3.0,No
CUST-10876,Female,1,No,Yes,14.3361089249345,Yes,No phone service,Fiber optic,No internet service,No,No,Two year,Yes,Credit card (automatic),23.76,352.24,"Feb 07, 2020",,No
CUST-10877,Female,0,No,Yes,18.83380020244162,Yes,Yes,No,Yes,No,,Month-to-month,Yes,Mailed check,18.0,340.6,2020-02-08,2.0,No
CUST-10878,Male,0,Yes,No,2.5348365905143586,Yes,Yes,Fiber optic,No,No,No,Month-to-month,No,,52.79,130.71,2020-02-09,3.0,No
CUST-10879,Male,0,No,No,64.57508712004052,Yes,,Fiber optic,No,No,No,Month-to-month,Yes,Electronic check,110.07,,2020-02-10,4.0,No
CUST-10880,Male,0,Yes,No,11.262281962296976,Yes,no,DSL,Yes,No,No internet service,Month-to-month,No,Mailed check,34.92,384.73,2020/02/11 04:31,3.0,Yes
CUST-10881,Female,0,No,Yes,2.0214945461928737,Yes,Yes,DSL,No,No internet service,Yes,Two year,No,Mailed check,64.2,,2020-02-12,3.0,No
CUST-10882,Male,0,Yes,No,11.756770889572149,Yes,Yes,Fiber optic,No,No internet service,Yes,Month-to-month,No,Mailed check,100.37,1183.44,2020-02-12,1.0,Yes
CUST-10883,Male,0,,No,22.003133468473006,Yes,No,Fiber optic,Yes,No,No,One year,No,Bank transfer (automatic),90.09,$1966.00,2020-02-13,2.0,Yes
CUST-10884,Female,0,No,Yes,17.299973839205286,Yes,No,DSL,No,No,No,Month-to-month,Yes,Bank transfer (automatic),-120.0,2077.51,2020-02-14,5.0,no
CUST-10885,Male,0,No,No,28.462629704816298,Yes,Yes,Fiber optic,,No,Yes,Two year,No,Electronic check,64.8,1853.46,2020-02-15,4.0,No
CUST-10886,Female,0,No,,1.3699821760525492,No,Yes,Fiber optic,No,No,Yes,One year,No,Electronic check,51.45,53.08,"Feb 16, 2020",3.0,Yes
CUST-10887,Male,0,No,No,8.03593054773319,Yes,Yes,No,Yes,No,No internet service,Month-to-month,No,Electronic check,31.87,271.51,2020-02-17,3.0,Yes
CUST-10888,Male,0,No,No,41.05279116041375,Yes,Yes,DSL,No,No internet service,No,,No,Credit card (automatic),53.66,2194.11,2020-02-18,3.0,No
CUST-10889,Male,0,Yes,Yes,1.998385412800728,Yes,No,Fiber optic,No,No,No,Month-to-month,No,Electronic check,31.59,48.18,2020-02-19,3.0,Yes
CUST-10890,Female,0,No,No,46.425085843614376,,Yes,DSL,No,Yes,No internet service,One year,Yes,Mailed check,18.0,831.61,2020-02-19,4.0,No
CUST-10891,Female,1,No,Yes,2.3135153013532435,Yes,No,No,No,No,No,,Yes,Mailed check,120.0,266.39,2020-02-20,1.0,Yes
CUST-10892,Female,0,No,no,43.16417940587307,Yes,No,Fiber optic,Yes,Yes,No,One year,Yes,Credit card (automatic),66.17,,2020-02-21,5.0,No
CUST-10893,Male,0,Yes,No,10.74047372874535,Yes,No,Fiber optic,No,No,No internet service,Two year,Yes,Electronic check,120.0,1287.03,2020-02-22,3.0,Yes
CUST-10894,Female,1,No,No,22.734933777694224,No,Yes,No,No internet service,Yes,No internet service,Month-to-month,No,Electronic check,39.52,907.39,2020-02-23,5.0,Yes
CUST-10895,Male,nan,Yes,No,3.982111624952142,Yes,No phone service,DSL,No internet service,No internet service,No,Month-to-month,Yes,Bank transfer (automatic),51.84,197.42,2020-02-24,3.0,No
CUST-10896,Male,1,No,No,1.6430280316033674,Yes,Yes,DSL,No,Yes,No,Month-to-month,Yes,electronic check,41.44,69.31,"Feb 25, 2020",4.0,No
CUST-10897,male,1,Yes,No,5.8384185680420115,Yes,No,No,Yes,No,No,,No,Bank transfer (automatic),45.48,271.22,2020-02-26,4.0,No
CUST-10898,Male,0,NO,No,3.283157498645049,Yes,No,Fiber optic,No,Yes,No,2-Year,No,Electronic check,90.91,294.76,2020-02-26,3.0,Yes
CUST-10899,Male,0,No,no,,Yes,Yes,DSL,Yes,,Yes,Month-to-month,No,Mailed check,81.69, ,2020/02/27 20:08,4.0,No
CUST-10900,Male,0,No,No,17.336052941685164,No,Yes,Fiber optic,No,No,No,Month-to-month,No,Credit Card,90.96,1592.55,2020-02-28,4.0,Yes
CUST-10901,Male,0,No,yes,21.325847733013408,Yes,No,DSL,Yes,No internet service,Yes,Month-to-month,No,Mailed check,104.97,2235.39,2020-02-29,3.0,Yes
CUST-10902,Male,nan,Yes,No,37.44047724756974,Yes,No,DSL,Yes,No internet service,Yes,Month-to-month,No,Mailed check,97.92,3654.99,2020-03-01,3.0,No
CUST-10903,Female,0,Yes,No,25.627469495382,Yes,Yes,Fiber optic,No,No,No,Month-to-month,Yes,Mailed check,34.45,874.63,02/03/2020,3.0,No
CUST-10904,Male,1,Yes,No,22.522315575373376,Yes,No,No,No,No internet service,No internet service,Two year,,electronic check,48.99,1103.7,2020-03-03,3.0,Yes
CUST-10905,male,1,No,Yes,145.0,Yes,Yes,Fiber optic,No,Yes,Yes,Two year,Yes,Bank transfer (automatic),68.34,9915.96,2020-03-04,3.0,No
CUST-10906,Female,0,Yes,Yes,15.410158570926683,Yes,No,Fiber optic,No,No,Yes,Two year,No,Bank transfer (automatic),120.0,1838.8,2020-03-04,1.0,Yes
CUST-10907,Male,nan,No,Yes,12.847792127185206,Yes,No,No,No,Yes,No,One year,No,Electronic check,87.87,1140.33,2020-03-05,5.0,Yes
CUST-10908,Male,0,Yes,No,44.30907891912577,Yes,No,DSL,No,No internet service,No,Two year,No,Bank transfer (automatic),,2997.65,"Mar 06, 2020",4.0,No
CUST-10909,Male,0,Yes,No,,Yes,Yes,Fiber optic,No,No internet service,Yes,Two year,No,Mailed check,84.9, ,2020-03-07,3.0,No
CUST-10910,Female,0,Yes,No,0.13769661008193743,Yes,Yes,No,No,No internet service,Yes,Month-to-month,No,Electronic check,46.61,19.47,2020-03-08,1.0,No
CUST-10911,Male,0,yes,,25.286409314108564,No,No,DSL,No,Yes,No,Month-to-month,No,Credit card (automatic),72.57,1827.86,2020-03-09,4.0,No
CUST-10912,Female,0,No,No,5.429424643504108,Yes,Yes,Fiber optic,No,No,No internet service,Month-to-month,Yes,Mailed check,93.34,482.52,2020/03/10 05:33,1.0,Yes
CUST-10913,Male,0,Yes,No,52.9997317219603,Yes,Yes,dsl,No,No,Yes,One year,Yes,Electronic check,63.83, ,2020-03-11,4.0,No
CUST-10914,Female,1,No,Yes,47.02377652986874,Yes,Yes,,No,Yes,Yes,1-Year,Yes,Credit card (automatic),42.0,1995.69,2020-03-11,1.0,No
CUST-10915,Male,0,Yes,Yes,1.9159371936199339,Yes,No,DSL,No,Yes,No,One year,Yes,Electronic check,62.36,125.52,2020/03/12 20:39,4.0,Yes
CUST-10916,Male,0,,No,2.6996173480897534,Yes,No,DSL,No internet service,No,Yes,Two year,Yes,Credit card (automatic),55.11,157.04,2020-03-13,3.0,Yes
CUST-10917,  Male ,0,No,No,16.404880657785483,,Yes,DSL,No,,Yes,Month-to-month,No,Bank transfer (automatic),107.94,1377.22,INVALID_DATE,4.0,No
CUST-10918,Female,0,Yes,No,22.550816428913894,Yes,No,Fiber optic,No,No,No,Two year,Yes,Credit card (automatic),47.55,1102.31,2020-03-15,2.0,No
CUST-10919,Male,0,No,Yes,7.7149728254452015,Yes,No phone service,Fiber optic,No,No,No internet service,Two year,No,Credit card (automatic),22.92,192.82,INVALID_DATE,1.0,No
CUST-10920,Female,1,Yes,No,30.27825251262844,Yes,Yes,Fiber optic,Yes,No,Yes,One year,Yes,Bank transfer (automatic),27.6,837.66,2020-03-17,2.0,Yes
CUST-10921,Female,0,NO,Yes,21.687861062759005,Yes,No,No,No,No,No,month-to-month,Yes,Electronic check,30.47,643.75,18/03/2020,3.0,No
CUST-10922,male,1,Yes,Yes,9.426769053693778,Yes,No,DSL,No,No internet service,No,One year,Yes,Mailed check,93.3,860.78,18/03/2020,2.0,Yes
CUST-10923,Female,0,No,Yes,0.6167734551615145,Yes,No,No,Yes,No,No internet service,Month-to-month,No,Credit card (automatic),109.37,83.19,2020-03-19,1.0,Yes
CUST-10924,Male,1,Yes,Yes,33.28549600949158,Yes,Yes,DSL,No,Yes,Yes,Month-to-month,No,Electronic check,18.62,609.15,20/03/2020,3.0,No
CUST-10925,Male,0,No,No,5.802187414281855,Yes,No,DSL,No,No,No,One year,Yes,Credit card (automatic),112.11,652.01,2020-03-21,4.0,Yes
CUST-10926,Male,0,No,Yes,43.16701072742221,Yes,Yes,Fiber optic,,,No internet service,Two year,Yes,Electronic check,30.9,1330.93,2020-03-22,3.0,No
CUST-10927,Female,0,No,,13.085465977851776,Yes,Yes,DSL,No internet service,No,,Month-to-month,Yes,Electronic check,87.11,1133.82,2020-03-23,99.0,No
CUST-10928,Female,0,No,No,20.65358870891226,Yes,Yes,Fiber optic,No,No,No,One year,No,Electronic check,,1491.11,2020-03-24,3.0,No
CUST-10929,Male,0,No,Yes,49.51594983409369,Yes,No,No,No,Yes,Yes,Two year,No,Electronic check,83.78,4154.28,2020-03-25,3.0,Yes
CUST-10930,Male,0,Yes,Yes,47.815972229701345,Yes,No,DSL,Yes,Yes,No,Month-to-month,No,,29.73,,2020-03-26,4.0,No
CUST-10931,Female,nan,Yes,No,11.146809537819678,Yes,Yes,Fiber optic,Yes,No internet service,Yes,Month-to-month,Yes,Credit card (automatic),18.0,198.35,2020-03-26,3.0,No
CUST-10932,,1,Yes,Yes,5.6236045619643145,Yes,No,DSL,No internet service,No,No,Month-to-month,Yes,Mailed check,40.61,216.01,2020-03-27,4.0,No
CUST-10933,Female,0,,No,35.81530372730184,No,Yes,DSL,Yes,No,No,Month-to-month,Yes,Bank transfer (automatic),77.51,2768.34,28/03/2020,0.0,Yes
CUST-10934,Male,1,Yes,no,13.620898507699678,Yes,No,Fiber optic,Yes,No,No internet service,Month-to-month,Yes,Bank transfer (automatic),120.0,,"Mar 29, 2020",3.0,Yes
CUST-10935,Male,0,No,Yes,5.117884656915236,Yes,No,No,No internet service,,No,Month-to-month,Yes,Credit card (automatic),33.81,184.58,2020-03-30,3.0,Yes
CUST-10936,Male,0,No,No,56.348341945584714,Yes,No,Fiber optic,No internet service,Yes,No,Month-to-month,Yes,Credit card (automatic),61.73, ,2020/03/31 06:20,4.0,No
CUST-10937,FEMALE,0,Yes,Yes,5.298638341488987,Yes,Yes,Fiber optic,No internet service,No internet service,No internet service,One year,Yes,Electronic check,$42.23,,2020/04/01 03:22,4.0,No
CUST-10938,Male,Yes,Yes,No,0.6275043759630727,Yes,No,No,No internet service,No,No internet service,One year,Yes,Mailed check,64.18,46.96,2020-04-02,3.0,Yes
CUST-10939,Female,Yes,Yes,No,0.4917224556419484,Yes,No,No,No,No internet service,No,One year,Yes,Bank transfer (automatic),18.0,-7.0,2020-04-02,1.0,No
CUST-10940,Male,0,Yes,Yes,23.368696989570253,Yes,Yes,DSL,Yes,,No,One year,No,Credit Card,109.64,2547.33,2020-04-03,,Yes
CUST-10941,Female,0,Yes,Yes,26.009963675632438,Yes,Yes,Fiber optic,No,No,No,1-Year,No,Bank transfer (automatic),65.42,1693.84,2020-04-04,3.0,No
CUST-10942,Female,0,Yes,No,8.94178895127489,,Yes,Fiber optic,No,Yes,Yes,Two year,No,Credit card (automatic),,831.49,2020-04-05,3.0,Yes
CUST-10943,Female,nan,No,No,9.256287398400376,Yes,Yes,Fiber optic,No,Yes,Yes,1-Year,Yes,Credit card (automatic),57.73,517.97,2020-04-06,,Yes
CUST-10944,Male,nan,NO,Yes,9.953974618447404,Yes,Yes,Fiber optic,No internet service,No,No,Month-to-month,No,Bank transfer (automatic),70.42,$717.39,2020-04-07,5.0,No
CUST-10945,Male,0,Yes,No,,Yes,No,DSL,No,Yes,Yes,Two year,No,Credit card (automatic),-98.57, ,2020-04-08,3.0,No
CUST-10946,Male,1,Yes,No,1.437409036408907,Yes,No phone service,Fiber optic,Yes,Yes,No,Two year,Yes,Mailed check,68.65,114.5,2020-04-09,3.0,No
CUST-10947,male,1,Yes,No,63.52117239585712,Yes,Yes,Fiber optic,Yes,Yes,No,Month-to-month,Yes,Mailed check,69.73,4441.86,09/04/2020,4.0,No
CUST-10948,Female,0,No,Yes,6.040768842269288,Yes,No,Fiber optic,Yes,No,No,Month-to-month,No,Credit card (automatic),40.88,258.48,2020-04-10,3.0,No
CUST-10949,Female,0,No,No,72.0,Yes,Yes,No,No internet service,Yes,Yes,One year,No,Electronic check,48.67,3512.43,"Apr 11, 2020",2.0,No
CUST-10950,Female,0,Yes,No,4.515980013732037,,No,No,No,No internet service,Yes,Month-to-month,Yes,Electronic check,34.32,167.65,2020-04-12,,Yes
CUST-10951,Female,0,Yes,Yes,35.43413768631337,Yes,No,Fiber optic,No,No internet service,Yes,Month-to-month,Yes,Bank transfer (automatic),42.56,1498.56,2020-04-13,3.0,No
CUST-10952,Male,0,No,No,6.068304371316605,No,No phone service,Fiber optic,No,No,Yes,One year,No,Mailed check,102.24,616.51,"Apr 14, 2020",4.0,Yes
CUST-10953,FEMALE,0,No,No,2.0232592648717405,Yes,Yes,Fiber optic,No,No,,One year,Yes,Credit card (automatic),118.96,234.23,2020-04-15,4.0,Yes
CUST-10954,Male,Yes,Yes,yes,49.89379868868023,Yes,Yes,Fiber optic,No,No,Yes,month-to-month,No,electronic check,27.28,1364.45,2020-04-16,4.0,No
CUST-10955,Male,0,No,Yes,46.97358776690653,Yes,No,fiber optic,No,No,Yes,One year,Yes,Mailed check,,3579.41,INVALID_DATE,5.0,No
CUST-10956,Female,0,Yes,No,12.4030572850501,Yes,No,Fiber optic,No internet service,No,Yes,One year,No,Bank transfer (automatic),55.17,,2020-04-17,3.0,Yes
CUST-10957,Male,0,Yes,No,29.087808341123463,Yes,Yes,DSL,,No,No,Month-to-month,Yes,Bank transfer (automatic),106.61,3114.61,2020-04-18,4.0,No
CUST-10958,Male,0,No,no,19.54402445417338,Yes,No,Fiber optic,,No,No,One year,Yes,Mailed check,68.75,,2020-04-19,4.0,Yes
CUST-10959,Female,0,No,No,46.0085805677385,Yes,Yes,Fiber optic,No,No,Yes,Month-to-month,N,Electronic check,64.48,2971.74,"Apr 20, 2020",0.0,Yes
CUST-10960,Male,0,Yes,no,9.082035626223488,Yes,Yes,Fiber optic,No internet service,No,No internet service,Two year,Yes,Credit card (automatic),42.36,393.18,2020-04-21,4.0,No
CUST-10961,Female,0,yes,No,17.79958622831448,Yes,yes,Fiber optic,No,No,No internet service,Month-to-month,Yes,Bank transfer (automatic),18.75,326.38,2020-04-22,5.0,No
CUST-10962,Male,0,Yes,Yes,15.943480577481246,Yes,Yes,DSL,No internet service,Yes,Yes,Month-to-month,No,Electronic check,87.53,1398.5,"Apr 23, 2020",1.0,Yes
CUST-10963,Male,0,No,No,10.483440144869558,Yes,No,DSL,No internet service,No,No,Month-to-month,Yes,Credit card (automatic),75.29,790.21,2020-04-23,2.0,Yes
CUST-10964,Male,0,No,,53.29418496442881,Yes,yes,DSL,No internet service,No,No,Two year,Yes,Bank transfer (automatic),76.02,4031.49,INVALID_DATE,2.0,No
CUST-10965,Male,1,No,Yes,4.353012336686522,Yes,Yes,Fiber optic,No internet service,No,Yes,1-Year,Yes,Electronic check,46.72,204.73,2020-04-25,2.0,No
CUST-10966,Female,0,No,No,3.886584608746044,Yes,Yes,DSL,No,No,No internet service,Month-to-month,No,Bank transfer (automatic),,223.46,2020-04-26,1.0,Yes
CUST-10967,Male,0,Yes,No,20.64406219959328,Yes,No phone service,No,Yes,No internet service,Yes,Month-to-month,No,Electronic check,88.43,1805.87,2020-04-27,2.0,Yes
CUST-10968,Female,1,yes,Yes,25.71520259189925,Yes,no,Fiber optic,No,Yes,No,One year,No,Electronic check,94.16,,2020-04-28,,No
CUST-10969,Female,0,No,Yes,5.1945632972912055,Yes,Yes,No,No internet service,No,No,Two year,Yes,Credit card (automatic),29.35,168.59,2020-04-29,2.0,Yes
CUST-10970,Female,0,No,Yes,11.89135557234728,Yes,Yes,DSL,Yes,No,No,Month-to-month,Yes,Credit card (automatic),45.7,543.34,2020-04-30,3.0,Yes
CUST-10971,FEMALE,1,Yes,Yes,70.30242394480635,Yes,No,DSL,No,No,No internet service,Month-to-month,Yes,Electronic check,23.0,1629.55,2020-04-30,4.0,No
CUST-10972,Female,0,No,No,6.7963706258542125,Yes,No,Fiber optic,No,No,Yes,Month-to-month,No,Credit card (automatic),,493.05,2020-05-01,1.0,Yes
CUST-10973,Male,0,No,Yes,26.488976468242715,Yes,yes,DSL,No,No internet service,Yes,One year,No,Electronic check,91.23,2417.97,2020/05/02 16:32,3.0,No
CUST-10974,Male,1,Yes,No,32.34356170204663,Yes,No,No,No internet service,Yes,No,Month-to-month,No,Electronic check,56.34,1836.2,2020-05-03,2.0,Yes
CUST-10975,Male,1,NO,No,14.266569866256203,Yes,No,DSL,No,No internet service,Yes,Month-to-month,N,Electronic check,44.81,646.3,2020-05-04,1.0,Yes
CUST-10976,Female,No,Yes,Yes,66.55211032456731,Yes,Yes,Fiber optic,No internet service,No internet service,Yes,Month-to-month,Yes,Electronic check,54.64,3648.56,2020-05-05,99.0,No
CUST-10977,Male,0,Yes,No,32.02312580499179,Yes,No,No,No,No,No,One year,Yes,Mailed check,120.0,3843.9,2020-05-06,5.0,Yes
CUST-10978,Female,0,No,No,14.696403256200252,No,No,Fiber optic,No internet service,No internet service,Yes,,No,Credit card (automatic),100.46,1473.86,07/05/2020,5.0,Yes
CUST-10979,Female,0,No,no,20.218205323355836,Yes,No,DSL,Yes,No,Yes,Two year,Yes,Electronic check, 86.6 ,1745.35,07/05/2020,5.0,Yes
CUST-10980,Male,0,No,Yes,28.311580356277535,Yes,No,DSL,Yes,No,Yes,One year,Yes,Mailed check,74.3,2093.85,2020/05/08 19:45,2.0,No
CUST-10981,Female,0,Yes,Yes,21.526904202062955,Yes,No,Fiber optic,No internet service,,Yes,Two year,No,Bank transfer (automatic),64.32,1386.6,09/05/2020,4.0,No
CUST-10982,Male,0,NO,yes,50.62724506168583,Yes,No,DSL,No,Yes,No,Month-to-month,Yes,Electronic check,37.5,1889.37,"May 10, 2020",4.0,No
CUST-10983,Male,Yes,Yes,yes,10.594497988899771,Yes,No,Fiber optic,No,Yes,Yes,One year,No,Bank transfer (automatic),32.85,352.97,2020-05-11,5.0,No
CUST-10984,Female,0,Yes,No,8.556281490416302,Yes,Yes,No,No,Yes,,Month-to-month,Yes,Mailed check,47.66,402.62,2020-05-12,2.0,yes
CUST-10985,Female,0,Yes,No,5.774244776654669,Yes,Yes,No,No,No,Yes,One year,No,Electronic check,36.09,206.53,2020-05-13,3.0,No
CUST-10986,Female,0,No,Yes,0.9243659721344608,Yes,No,DSL,No,Yes,No,1-Year,Yes,Bank transfer (automatic),46.47,,2020-05-14,2.0,Yes
CUST-10987,Male,0,yes,No,1.0551955071440045,No,No,DSL,Yes,No internet service,No internet service,Two year,No,Electronic check,61.64,72.23,2020-05-14,2.0,Yes
CUST-10988,Male,0,No,Yes,48.97549154538666,Yes,No,DSL,No,No,Yes,One year,Yes,Electronic check,63.94,3131.01,2020-05-15,4.0,No
CUST-10989,Female,0,No,Yes,145.0,Yes,Yes,Fiber optic,No,No internet service,No,Two year,No,Mailed check,46.09,6684.7,2020-05-16,2.0,No
CUST-10990,Female,0,Yes,No,25.92904359534299,Yes,yes,Fiber optic,No,Yes,No internet service,month-to-month,Yes,Mailed check,79.56,2066.47,2020-05-17,3.0,Yes
CUST-10991,Female,0,No,Yes,22.88603116213578,No,No,No,No,No,Yes,Month-to-month,Y,Bank transfer (automatic),59.03,1341.09,2020-05-18,4.0,Yes
CUST-10992,Male,0,Yes,No,45.40626685614211,Yes,No,Fiber optic,No internet service,Yes,,Two year,Yes,Mailed check,$71.14,3232.87,2020-05-19,2.0,Yes
CUST-10993,Female,0,No,yes,15.706558026899966,Yes,Yes,DSL,No,Yes,Yes,Month-to-month,N,Bank transfer (automatic),42.36,668.81,"May 20, 2020",2.0,No
CUST-10994,Male,0,Yes,Yes,49.04126525388853,Yes,Yes,Fiber optic,No internet service,No,Yes,Two year,No,Bank transfer (automatic),$85.49,4188.65,2020-05-21,99.0,No
CUST-10995,Male,0,No,,10.690087963021575,Yes,No,DSL,No,No internet service,No internet service,Month-to-month,No,Mailed check,48.65,515.91,2020-05-21,4.0,Yes
CUST-10996,FEMALE,0,No,,62.719129290309624,Yes,Yes,DSL,No,No,Yes,Month-to-month,Yes,Credit card (automatic),112.96,7086.07,2020-05-22,4.0,Yes
CUST-10997,Male,0,No,No,28.78814548863928,Yes,Yes,DSL,Yes,No,No,Two year,Yes,electronic check,57.95,1677.82,"May 23, 2020",5.0,No
CUST-10998,  Male ,0,No,Yes,7.135144060341506,Yes,yes,DSL,Yes,No,No internet service,Month-to-month,No,Bank transfer (automatic),61.86,461.62,2020/05/24 14:20,1.0,Yes
CUST-10999,Male,1,Yes,No,19.927387898863614,Yes,No,Fiber optic,No,Yes,No internet service,Month-to-month,No,Electronic check,82.51,1655.72,"May 25, 2020",1.0,Yes
CUST-11000,Male,0,No,No,18.27579517472824,Yes,,Fiber optic,No,No,No,One year,Yes,Mailed check, 89.1 ,5696.46,2020-05-26,2.0,Yes
CUST-11001,Female,1,Yes,No,3.5611833365659655,Yes,No,DSL,No internet service,Yes,,Two year,No,Electronic check,92.29,333.7,2020-05-27,3.0,Yes
CUST-11002,Female,nan,No,Yes,21.47122082302768,Yes,Yes,,No,No internet service,No,Month-to-month,No,Mailed check,117.97,2529.92,INVALID_DATE,3.0,Yes
CUST-11003,Female,0,No,,9.072564758487417,Yes,Yes,Fiber optic,No internet service,No,Yes,Two year,Yes,Electronic check,84.56,768.02,2020-05-28,1.0,Yes
CUST-11004,Female,1,Yes,Yes,1.290449805515493,Yes,No,DSL,,No,No,Two year,Yes,Bank transfer (automatic),62.69,88.83,2020-05-29,1.0,Yes
CUST-11005,Female,0,NO,No,71.26104638848595,Yes,Yes,DSL,Yes,No,No,One year,Yes,Electronic check,48.81,3458.2,2020-05-30,4.0,No
CUST-11006,Female,nan,No,Yes,24.619194114445083,,No,Fiber optic,No,Yes,No,One year,Yes,electronic check,60.69,,2020/05/31 14:36,3.0,No
CUST-11007,Female,0,Yes,No,50.277889205605035,Yes,No,dsl,No,No,No,Month-to-month,Yes,Electronic check,109.22,,2020-06-01,,Yes
CUST-11008,Male,1,No,No,27.052431194643063,Yes,No,Fiber optic,No,No internet service,No,Month-to-month,No,Bank transfer (automatic),23.09,645.01,2020/06/02 08:40,2.0,No
CUST-11009,Female,0,Yes,Yes,10.598044630082818,Yes,Yes,fiber optic,Yes,No internet service,No,Month-to-month,Yes,Credit card (automatic),40.13,$432.57,2020-06-03,4.0,No
CUST-11010,Male,0,No,Yes,17.252420456940996,Yes,No,Fiber optic,No internet service,Yes,No internet service,Month-to-month,Yes,Electronic check,58.13,1016.98,04/06/2020,4.0,No
CUST-11011,,0,No,No,27.029531150791293,Yes,Yes,Fiber optic,,Yes,No,Month-to-month,Yes,Credit card (automatic), 39.7 ,1085.79,2020-06-04,5.0,No
CUST-11012,  Male ,nan,  Yes,No,72.0,Yes,No,Fiber optic,No internet service,No,Yes,Month-to-month,,Mailed check,52.44,,2020-06-05,3.0,No
CUST-11013,Male,1,No,No,7.022080622975101,Yes,No,Fiber optic,No,,No,Two year,Yes,electronic check,118.89,836.81,2020-06-06,2.0,Yes
CUST-11014,Female,0,Yes,No,49.90219266030077,Yes,No,Fiber optic,No,No internet service,Yes,One year,N,Credit Card,55.76,2773.95,2020-06-07,2.0,
CUST-11015,FEMALE,Yes,No,Yes,61.87310920708075,Yes,Yes,No,No,No,No internet service,Two year,Yes,Electronic check,77.05,4768.36,2020-06-08,4.0,No
CUST-11016,Male,0,Yes,no,26.638141277489318,Yes,No,DSL,No,No internet service,Yes,Month-to-month,Yes,Credit card (automatic),18.0,496.64,INVALID_DATE,3.0,No
CUST-11017,Female,0,No,yes,64.26049019512811,Yes,No,Fiber optic,No,No internet service,Yes,Month-to-month,No,Electronic check,31.63,2025.77,2020-06-10,3.0,No
CUST-11018,FEMALE,0,No,No,,Yes,No,Fiber optic,Yes,Yes,Yes,One year,Yes,Electronic check,92.68, ,2020-06-11,1.0,Yes
CUST-11019,Male,0,Yes,No,72.0,Yes,No phone service,Fiber optic,No internet service,No internet service,Yes,Month-to-month,No,Electronic check,114.74,8278.46,2020-06-12,3.0,No
CUST-11020,Female,0,Yes,No,,Yes,Yes,DSL,No,Yes,No,Two year,No,Electronic check,71.34, ,"Jun 12, 2020",3.0,Yes
CUST-11021,Male,0,No,No,1.0299245111893671,Yes,Yes,Fiber optic,No,No,No,One year,Yes,Bank transfer (automatic),,50.99,13/06/2020,5.0,No
CUST-11022,FEMALE,0,No,Yes,56.970943681763416,Yes,No,Fiber optic,No internet service,Yes,No internet service,Month-to-month,No,Mailed check,,4560.57,2020-06-14,4.0,No
CUST-11023,,0,Yes,No,15.901565523188484,Yes,No phone service,Fiber optic,No,No,No,Month-to-month,No,Credit card (automatic),18.0,279.49,15/06/2020,3.0,No
CUST-11024,  Male ,0,Yes,No,14.80300440470188,Yes,Yes,No,Yes,No internet service,Yes,Month-to-month,No,Mailed check,71.57,1076.0,2020-06-16,4.0,Yes
CUST-11025,Female,0,Yes,Yes,20.05887485358755,No,No,Fiber optic,No internet service,No,No,Month-to-month,Yes,electronic check,33.32,662.44,2020-06-17,1.0,No
CUST-11026,Female,nan,No,No,3.883083093181564,Yes,Yes,Fiber optic,,Yes,No,Month-to-month,Yes,Electronic check,88.52,,2020-06-18,4.0,Yes
CUST-11027,Female,1,Yes,No,15.199344379449137,Yes,No,,No,Yes,No internet service,Month-to-month,No,Electronic check,18.0,270.51,19/06/2020,1.0,Yes
CUST-11028,Male,No,No,No,42.68663062007615,Yes,No,No,Yes,No,No,One year,Y,Bank transfer (automatic),45.85,1946.43,2020-06-19,4.0,Yes
CUST-11029,Female,0,Yes,No,0.3744855368468252,No,Yes,DSL,No internet service,No,Yes,Month-to-month,Yes,Credit card (automatic),63.47,27.47,2020-06-20,3.0,Yes
CUST-11030,Male,0,No,No,-5.0,Yes,Yes,DSL,Yes,No,No,Two year,Yes,Credit card (automatic),41.85, ,2020-06-21,3.0,No
CUST-11031,Female,1,Yes,Yes,0.05898249311677761,Yes,No,DSL,No,Yes,No,Month-to-month,Yes,Mailed check,53.44,-2.95,2020-06-22,3.0,No
CUST-11032,Male,0,No,No,12.896642031576395,Yes,No,Fiber optic,Yes,No,No,Month-to-month,No,Electronic check,91.83,1152.23,"Jun 23, 2020",1.0,Yes
CUST-11033,Male,0,Yes,No,31.27473242440317,Yes,No,No,No internet service,No internet service,No internet service,Month-to-month,Yes,Electronic check,63.97,1996.19,2020-06-24,3.0,No
CUST-11034,Male,0,No,No,,Yes,Yes,No,No,No,Yes,Month-to-month,Yes,Mailed check,-36.78, ,2020-06-25,99.0,No
CUST-11035,Female,0,Yes,No,69.69307828158409,Yes,Yes,No,No internet service,No,No,Month-to-month,No,Mailed check,$92.91,6477.76,26/06/2020,3.0,No
CUST-11036,Male,0,No,Yes,22.506757114377894,Yes,No,DSL,No,No internet service,Yes,Month-to-month,Yes,Mailed check,72.23,1623.6,2020-06-26,3.0,Yes
CUST-11037,Female,0,No,No,7.052888060539166,Yes,No,Fiber optic,No,No,Yes,Month-to-month,Yes,Bank transfer (automatic),73.47,518.07,27/06/2020,4.0,No
CUST-11038,Male,0,Yes,No,61.89529284346588,Yes,No,DSL,No internet service,No,No,Month-to-month,Yes,Bank transfer (automatic),37.92,$2365.42,"Jun 28, 2020",3.0,No
CUST-11039,Male,0,No,No,35.83342111141946,Yes,No,DSL,Yes,No,No,Two year,Yes,Bank transfer (automatic),18.0,652.12,2020-06-29,3.0,No
CUST-11040,Female,0,No,No,20.50373442104953,Yes,No,Fiber optic,No,Yes,No,Two year,Yes,Electronic check,37.52,759.55,2020-06-30,2.0,Yes
CUST-11041,Female,1,Yes,No,28.549074634476128,Yes,Yes,DSL,No,No,No,Month-to-month,Yes,Bank transfer (automatic),34.46,1002.63,2020-07-01,4.0,Yes
CUST-11042,Male,0,Yes,No,61.948636612254035,Yes,No,Fiber optic,No internet service,No internet service,No internet service,Month-to-month,Yes,Electronic check,46.3,,2020-07-02,4.0,No
CUST-11043,Female,0,Yes,No,29.90793336105244,Yes,No,Fiber optic,Yes,No,Yes,One year,No,Electronic check,39.44, ,"Jul 03, 2020",5.0,No
CUST-11044,male,0,No,No,11.027007258473033,Yes,Yes,No,No,No internet service,Yes,Two year,Yes,Credit card (automatic), 68.1 ,748.07,2020-07-03,1.0,Yes
CUST-11045,Female,0,No,No,29.960912012798047,Yes,No,DSL,No,No,No internet service,1-Year,No,Bank transfer (automatic),91.13,2728.55,04/07/2020,1.0,yes
CUST-11046,Male,0,Yes,No,0.9866829445460403,Yes,No phone service,No,No,No,No internet service,Month-to-month,Yes,Credit card (automatic),$96.98,108.41,05/07/2020,5.0,Yes
CUST-11047,Male,0,No,No,11.722497378571465,Yes,No,,Yes,No,No,Month-to-month,Yes,Electronic check,89.82,1061.02,2020-07-06,4.0,Yes
CUST-11048,Female,0,No,No,12.514078372838657,Yes,No,No,No,No,No internet service,Two year,No,Credit card (automatic),37.77,463.73,07/07/2020,0.0,Yes
CUST-11049,Male,0,yes,Yes,4.380659023090115,Yes,Yes,Fiber optic,No,No internet service,Yes,Two year,Yes,Electronic check,66.47,265.24,08/07/2020,3.0,Yes
CUST-11050,Female,1,No,No,0.5605469677266977,,Yes,Fiber optic,Yes,No,Yes,Month-to-month,Yes,Credit card (automatic),111.65,67.76,"Jul 09, 2020",3.0,Yes
CUST-11051,Female,0,NO,Yes,3.4357468370840083,Yes,No phone service,Fiber optic,No,No internet service,No internet service,One year,No,Mailed check,18.0,65.55,2020-07-10,3.0,Yes
CUST-11052,FEMALE,0,No,No,25.514744393001408,Yes,No,Fiber optic,No internet service,No,No internet service,Month-to-month,No,Electronic check,105.15,2691.55,2020-07-10,2.0,Yes
CUST-11053,Female,0,Yes,No,38.902751560407644,Yes,No,Fiber optic,Yes,No,Yes,Month-to-month,No,Electronic check,34.82,$1348.44,2020-07-11,3.0,Yes
CUST-11054,,0,No,No,72.0,Yes,Yes,Fiber optic,No,,Yes,Month-to-month,No,Electronic check,73.51,5295.57,"Jul 12, 2020",1.0,No
CUST-11055,Male,0,No,No,10.204893532753008,Yes,Yes,No,No,Yes,Yes,Month-to-month,Yes,Mailed check,77.08,787.07,2020-07-13,3.0,Yes
CUST-11056,Female,0,No,Yes,21.95375977315242,Yes,No,Fiber optic,Yes,No,Yes,Two year,Y,Credit card (automatic),70.4,1543.35,2020-07-14,5.0,No
CUST-11057,Male,0,No,No,66.4061823517498,Yes,No,DSL,Yes,Yes,No internet service,Two year,No,Mailed check,120.0,7968.19,2020-07-15,3.0,No
CUST-11058,Female,0,No,No,4.386523097809992,Yes,No,Fiber optic,No,No internet service,No,Two year,Yes,Bank transfer (automatic),55.68,232.28,2020-07-16,1.0,Yes
CUST-11059,Female,0,No,No,30.350213066876385,Yes,Yes,DSL,No internet service,No,No,Month-to-month,No,Credit card (automatic),18.0,554.0,2020-07-17,,Yes
CUST-11060,Female,0,Yes,Yes,33.75384644956345,Yes,Yes,Fiber optic,Yes,No internet service,No,Month-to-month,Yes,Bank transfer (automatic),75.39,2530.24,2020/07/17 22:21,2.0,Yes
CUST-11061,,1,Yes,No,2.2364526703855727,Yes,no,DSL,No internet service,No internet service,No internet service,Month-to-month,No,Mailed check,59.6,117.78,"Jul 18, 2020",3.0,
CUST-11062,Female,0,No,No,47.40185028605678,Yes,No phone service,Fiber optic,No,Yes,Yes,Month-to-month,Yes,,81.34,3840.92,2020-07-19,4.0,Yes
CUST-11063,Male,0,No,No,-5.0,Yes,Yes,No,No,Yes,No,One year,Yes,Electronic check,91.16, ,2020-07-20,2.0,Yes
CUST-11064,Male,0,Yes,No,0.8153671210325815,No,Yes,Fiber optic,No,No,No internet service,Month-to-month,Yes,Mailed check,63.69,66.73,2020-07-21,5.0,Yes
CUST-11065,Female,1,No,No,2.2920733145174927,Yes,no,DSL,,No,Yes,One year,Yes,Credit card (automatic),77.79,177.19,22/07/2020,3.0,Yes
CUST-11066,Male,0,No,No,,Yes,No,Fiber optic,Yes,Yes,No internet service,One year,Yes,Electronic check,69.03, ,23/07/2020,3.0,No
CUST-11067,Male,0,Yes,No,9.781983509024514,Yes,Yes,DSL,No,Yes,No,Month-to-month,Yes,Bank transfer (automatic),118.46,1164.21,INVALID_DATE,5.0,No
CUST-11068,Male,1,Yes,No,17.08559760453999,Yes,No phone service,Fiber optic,No,No,Yes,One year,No,Electronic check,53.58,928.17,2020-07-24,4.0,Yes
CUST-11069,Male,0,Yes,Yes,18.240726424371246,Yes,Yes,Fiber optic,Yes,Yes,Yes,Month-to-month,No,Electronic check,$44.09,797.14,2020-07-25,4.0,No
CUST-11070,Male,0,yes,No,7.476470937536085,Yes,No,No,Yes,No internet service,No,Two year,Yes,Electronic check,91.12,686.26,2020-07-26,3.0,Yes
CUST-11071,Male,0,Yes,No,58.22035416125627,Yes,Yes,DSL,Yes,No internet service,No,One year,No,electronic check,36.82,2152.62,27/07/2020,2.0,No
CUST-11072,Male,1,Yes,Yes,11.022762673589703,Yes,Yes,Fiber optic,No,No internet service,No,Month-to-month,Yes,Credit card (automatic),76.46,844.94,2020-07-28,3.0,Yes
CUST-11073,Male,nan,No,Yes,1.1188844170525074,Yes,No,No,Yes,Yes,Yes,Month-to-month,No,Electronic check,59.61,63.02,2020-07-29,1.0,Yes
CUST-11074,,0,Yes,No,8.567986599396981,Yes,Yes,fiber optic,No internet service,Yes,No,One year,Yes,Electronic check,61.66,533.29,30/07/2020,2.0,Yes
CUST-11075,Male,0,Yes,Yes,18.17726035405527,Yes,No,DSL,,No,Yes,Month-to-month,No,Mailed check,120.0,2174.34,31/07/2020,2.0,No
CUST-11076,Male,0,Yes,No,12.590961951211103,Yes,No,Fiber optic,Yes,,No,Two year,No,Bank transfer (automatic),101.72,1285.87,2020-07-31,1.0,Yes
CUST-11077,Female,0,No,Yes,7.679720924134552,Yes,No,DSL,No,No,Yes,Month-to-month,Yes,Credit card (automatic),95.35,714.38,"Aug 01, 2020",1.0,Yes
CUST-11078,Male,1,No,No,3.37882084640221,Yes,No,Fiber optic,Yes,No,No,One year,Yes,electronic check,80.62,276.51,2020-08-02,2.0,Yes
CUST-11079,  Male ,0,Yes,Yes,41.04402003054552,Yes,Yes,DSL,Yes,Yes,Yes,month-to-month,N,Credit card (automatic),43.95,1808.21,2020-08-03,4.0,Yes
CUST-11080,Female,0,Yes,Yes,72.0,Yes,No,No,No,No,Yes,One year,No,Bank transfer (automatic),72.54,5224.68,2020-08-04,2.0,No
CUST-11081,Male,1,NO,No,-5.0,Yes,Yes,DSL,No,No,Yes,Month-to-month,Yes,Electronic check,82.2, ,"Aug 05, 2020",3.0,Yes
CUST-11082,Male,0,Yes,No,145.0,Yes,Yes,Fiber optic,No internet service,Yes,Yes,Month-to-month,Yes,Electronic check,70.67,10240.47,2020-08-06,3.0,No
CUST-11083,Female,0,Yes,Yes,23.098389776142852,Yes,Yes,Fiber optic,No,No,Yes,Month-to-month,No,Bank transfer (automatic),67.54,1545.79,2020-08-07,4.0,no
CUST-11084,  Male ,0,Yes,No,30.417958751686236,Yes,Yes,dsl,No,No,No,One year,,Bank transfer (automatic),52.78,1584.44,2020-08-07,4.0,No
CUST-11085,Female,0,Yes,No,11.943095404211055,Yes,No,Fiber optic,Yes,No,No,Month-to-month,Yes,Credit card (automatic),72.9,883.67,08/08/2020,5.0,No
CUST-11086,Female,0,No,No,56.47528166317926,Yes,Yes,DSL,Yes,No,No,Month-to-month,No,Mailed check,48.93,2753.87,2020-08-09,4.0,No
CUST-11087,Male,1,Yes,No,19.70375084496697,Yes,No,DSL,No internet service,No internet service,No,month-to-month,Yes,Electronic check,85.8,1683.42,INVALID_DATE,1.0,Yes
CUST-11088,,0,No,No,14.365115572968964,Yes,Yes,DSL,Yes,No,Yes,Month-to-month,Y,Mailed check,18.0,245.18,11/08/2020,3.0,No
CUST-11089,Male,0,Yes,No,24.968654558802278,Yes,Yes,Fiber optic,,No,No internet service,One year,No,electronic check,105.46,2643.06,2020-08-12,4.0,Yes
CUST-11090,  Male ,No,Yes,No,72.0,No,Yes,Fiber optic,Yes,No internet service,Yes,One year,Yes,Credit card (automatic),,1820.7,13/08/2020,3.0,No
CUST-11091,Female,0,No,Yes,37.98153003603427,Yes,No,Fiber optic,No,No internet service,No,One year,Yes,Electronic check,32.68,1243.61,2020-08-14,3.0,Yes
CUST-11092,Female,0,Yes,No,,No,Yes,DSL,,No,No internet service,Month-to-month,No,Credit card (automatic),76.97, ,2020/08/14 23:23,4.0,Yes
CUST-11093,Female,0,No,No,9.694347631958482,Yes,Yes,Fiber optic,Yes,Yes,No,Month-to-month,No,Mailed check,80.9,771.36,2020-08-15,2.0,Yes
CUST-11094,Male,0,Yes,No,15.261756200268195,,Yes,Fiber optic,No,No internet service,Yes,Two year,No,Mailed check,$120.00,1834.23,2020-08-16,5.0,No
CUST-11095,Male,0,No,No,9.063177946974681,Yes,No phone service,dsl,No internet service,Yes,Yes,Month-to-month,No,Mailed check,73.59,659.41,2020-08-17,3.0,No
CUST-11096,Male,0,Yes,No,28.910356862756945,No,Yes,Fiber optic,Yes,No internet service,Yes,One year,Yes,Bank transfer (automatic),$63.49,1843.08,2020-08-18,4.0,No
CUST-11097,Male,0,No,No,42.00595237554712,Yes,No phone service,DSL,No,Yes,No,One year,No,Bank transfer (automatic),70.44,,2020-08-19,,Yes
CUST-11098,Female,0,Yes,No,31.543862512971813,Yes,Yes,Fiber optic,Yes,No internet service,No,Month-to-month,No,Bank transfer (automatic),,$3542.13,2020-08-20,4.0,Yes
CUST-11099,Male,0,No,No,72.0,Yes,Yes,DSL,Yes,No,No,Two year,No,Bank transfer (automatic),120.0,8633.02,2020-08-21,3.0,No
CUST-11100,Male,0,Yes,No,7.63696265920831,,No,Fiber optic,Yes,No internet service,Yes,One year,No,Electronic check,59.16,458.39,2020-08-21,5.0,No
CUST-11101,Fe-male,0,No,No,49.9045801297525,Yes,No phone service,Fiber optic,No internet service,No,No internet service,One year,No,Electronic check,80.98,4049.02,"Aug 22, 2020",3.0,Yes
CUST-11102,male,0,Yes,No,,Yes,Yes,DSL,Yes,,No,Two year,Yes,Credit card (automatic),62.47, ,2020-08-23,3.0,No
CUST-11103,FEMALE,0,No,Yes,10.792733259760979,Yes,No,DSL,Yes,Yes,Yes,Two year,No,Bank transfer (automatic),61.87,668.93,2020/08/24 14:45,5.0,No
CUST-11104,,0,Yes,No,31.793454937951985,Yes,No,DSL,No,Yes,Yes,Month-to-month,Yes,Mailed check,$120.00,3822.47,2020-08-25,1.0,Yes
CUST-11105,Male,0,Yes,No,2.6375914173322688,Yes,Yes,No,No,Yes,No,Two year,Yes,Electronic check,36.93,99.48,2020-08-26,3.0,Yes
CUST-11106,Male,1,No,No,37.37949313959331,Yes,Yes,DSL,No,No internet service,No,Month-to-month,Yes,Electronic check,18.0,667.13,2020-08-27,3.0,No
CUST-11107,Female,0,Yes,Yes,18.239847563474306,,Yes,Fiber optic,Yes,No,Yes,One year,No,Electronic check,74.22,1354.0,2020-08-28,4.0,Yes
CUST-11108,Female,Yes,Yes,No,8.297306826207588,No,No,DSL,No,No,Yes,Month-to-month,Yes,Electronic check,100.73,850.42,2020-08-28,1.0,No
CUST-11109,Male,No,yes,No,25.595194860803215,Yes,No phone service,Fiber optic,No,No,No internet service,Month-to-month,Yes,Mailed check,71.3,1833.96,"Aug 29, 2020",4.0,No
CUST-11110,Female,0,  Yes,No,24.62787358614333,Yes,Yes,Fiber optic,No,No internet service,Yes,Month-to-month,Yes,Credit card (automatic),79.77,1964.1,2020-08-30,3.0,Yes
CUST-11111,Male,0,Yes,No,5.641732654074715,Yes,Yes,No,Yes,No,Yes,Month-to-month,Yes,Electronic check,87.27,476.03,2020-08-31,1.0,Yes
CUST-11112,Male,0,yes,,0.7408559382816856,Yes,Yes,DSL,No,No,No internet service,Month-to-month,No,Credit card (automatic),68.03,,01/09/2020,,Yes
CUST-11113,Female,1,No,Yes,13.643870769651445,Yes,Yes,Fiber optic,No internet service,No,No,One year,Yes,Bank transfer (automatic),81.39,1128.79,2020-09-02,2.0,No
CUST-11114,Female,0,Yes,Yes,20.228052637478903,Yes,No,Fiber optic,No,No,No,Month-to-month,Yes,Electronic check,80.89,1617.77,2020-09-03,3.0,Yes
CUST-11115,Female,0,No,no,50.21680662969146,Yes,No,,Yes,Yes,No,Two year,Yes,Bank transfer (automatic),18.0,887.16,2020-09-04,2.0,No
CUST-11116,Male,0,No,no,63.218514071053896,Yes,Yes,DSL,Yes,Yes,No,Month-to-month,Yes,Electronic check,$68.12,4282.67,2020-09-05,4.0,No
CUST-11117,Female,1,,Yes,18.059609301426367,No,Yes,DSL,No,Yes,No,Month-to-month,Yes,Bank transfer (automatic), 18.0 ,323.47,2020-09-05,4.0,Yes
CUST-11118,Male,1,Yes,Yes,33.639005171722985,Yes,Yes,Fiber optic,,No,,Month-to-month,No,Electronic check,63.55,2142.97,"Sep 06, 2020",5.0,No
CUST-11119,Male,0,No,Yes,13.885802688412983,,Yes,DSL,Yes,No,Yes,Month-to-month,No,Mailed check,49.84,701.11,2020-09-07,3.0,No
CUST-11120,male,0,Yes,,32.89786836862953,Yes,Yes,DSL,No,No,Yes,Month-to-month,Yes,Bank transfer (automatic),95.72,3147.94,2020-09-08,3.0,Yes
CUST-11121,  Male ,0,Yes,Yes,5.49992499171961,Yes,Yes,Fiber optic,Yes,No internet service,Yes,,Yes,Electronic check,72.03,387.66,2020-09-09,4.0,Yes
CUST-11122,Female,0,Yes,No,11.129446670274222,Yes,No,Fiber optic,No,No,No,Month-to-month,No,Electronic check,78.9,888.73,2020-09-10,4.0,Yes
CUST-11123,Female,0,,No,24.13788209451395,Yes,,Fiber optic,No,No internet service,No,Two year,Yes,Mailed check,58.96,1413.52,2020-09-11,4.0,No
CUST-11124,Female,0,No,Yes,-5.0,Yes,Yes,Fiber optic,No internet service,No,Yes,Month-to-month,No,Mailed check,$96.27, ,2020-09-12,4.0,Yes
CUST-11125,Female,0,No,No,30.763078399489252,Yes,No,Fiber optic,Yes,Yes,Yes,Two year,No,Credit card (automatic),18.0,565.36,12/09/2020,1.0,No
CUST-11126,Male,0,No,Yes,145.0,Yes,Yes,Fiber optic,No internet service,No,Yes,Month-to-month,No,Electronic check,37.83,5469.25,"Sep 13, 2020",2.0,No
CUST-11127,Male,0,Yes,No,12.225505948934803,Yes,No,Fiber optic,No,,Yes,Two year,Y,Mailed check,103.29,1280.27,2020-09-14,4.0,Yes
CUST-11128,Male,1,Yes,Yes,14.258470114502774,Yes,Yes,Fiber optic,No internet service,Yes,No internet service,Month-to-month,Yes,Mailed check,51.63,735.78,2020-09-15,3.0,Yes
CUST-11129,Male,0,Yes,No,45.73691545736395,Yes,No,DSL,No,No,No,Month-to-month,Yes,Electronic check,18.0,831.29,"Sep 16, 2020",3.0,Yes
CUST-11130,Female,1,Yes,No,35.869646589848514,Yes,Yes,DSL,Yes,Yes,Yes,One year,No,Bank transfer (automatic),108.28,3897.67,INVALID_DATE,3.0,Yes
CUST-11131,Female,0,No,Yes,8.157296306919925,Yes,Yes,Fiber optic,No internet service,No,Yes,One year,N,Electronic check,-97.01,780.49,2020-09-18,3.0,Yes
CUST-11132,Male,0,No,Yes,9.396644597775287,Yes,Yes,Fiber optic,Yes,No,Yes,Month-to-month,No,Credit card (automatic),86.03,795.33,2020-09-19,3.0,Yes
CUST-11133,Male,0,Yes,No,27.262437346456103,Yes,Yes,No,No,No internet service,No,Month-to-month,No,Mailed check,67.53,1836.27,2020-09-19,3.0,Yes
CUST-11134,Female,0,Yes,Yes,19.878611698922867,No,Yes,Fiber optic,No internet service,No,No,Two year,No,Electronic check,114.52,2290.87,2020-09-20,4.0,Yes
CUST-11135,Male,0,Yes,No,4.248268013296149,Yes,No,DSL,Yes,No,,Month-to-month,Yes,Bank transfer (automatic),102.46,434.91,2020-09-21,2.0,Yes
CUST-11136,Female,Yes,Yes,No,8.903090537340475,Yes,No,DSL,No,No internet service,No,Month-to-month,Yes,Bank transfer (automatic),111.14,987.02,INVALID_DATE,4.0,Yes
CUST-11137,Female,0,yes,No,55.25802901829202,Yes,Yes,DSL,No internet service,No,No,One year,Yes,Mailed check,85.57,4720.61,2020-09-23,4.0,No
CUST-11138,Female,0,No,No,27.967472149954446,Yes,No,Fiber optic,,No,No internet service,One year,Yes,Electronic check,68.38,1900.61,2020-09-24,3.0,No
CUST-11139,Female,0,No,No,72.0,Yes,No,Fiber optic,No,No,No,Month-to-month,No,Electronic check, 52.7 ,3788.52,2020-09-25,3.0,No
CUST-11140,Female,0,No,No,34.96249448649497,Yes,No,Fiber optic,Yes,No internet service,Yes,One year,No,Mailed check,26.63,928.26,2020-09-26,1.0,Yes
CUST-11141,Male,1,Yes,No,68.32491697104115,Yes,No,Fiber optic,No,No internet service,No,Month-to-month,No,Electronic check,,5443.94,2020-09-26,2.0,no
CUST-11142,Female,0,Yes,Yes,5.846083571021219,Yes,Yes,No,No,No internet service,No,Month-to-month,No,Bank transfer (automatic),82.26,476.91,INVALID_DATE,1.0,Yes
CUST-11143,Female,0,No,Yes,35.42766905945247,Yes,Yes,,No,Yes,No,Month-to-month,Yes,Bank transfer (automatic),54.21,1933.24,2020-09-28,1.0,No
CUST-11144,Male,1,No,No,0.49019259092700773,Yes,No,Fiber optic,No internet service,No,Yes,Two year,No,Credit card (automatic),83.11,34.92,"Sep 29, 2020",4.0,Yes
CUST-11145,Female,0,Yes,No,26.66324104373028,Yes,Yes,No,Yes,No,Yes,Month-to-month,Yes,Bank transfer (automatic),54.73,1448.45,2020-09-30,0.0,Yes
CUST-11146,Female,0,No,No,15.204599911232474,No,No,Fiber optic,Yes,No,Yes,Month-to-month,No,Bank transfer (automatic),$90.72,1386.21,2020-10-01,1.0,Yes
CUST-11147,Female,0,No,Yes,10.219459028905597,Yes,Yes,No,No,No,Yes,One year,Yes,Bank transfer (automatic),38.24,386.62,2020/10/02 04:10,1.0,No
CUST-11148,Female,0,No,No,47.602463616482844,Yes,No,No,No internet service,Yes,No internet service,Month-to-month,No,,33.05,1569.61,2020-10-03,5.0,No
CUST-11149,Female,nan,yes,Yes,46.22361243758715,Yes,Yes,,No,Yes,No,One year,Yes,Electronic check,57.48,2649.4,03/10/2020,4.0,no
CUST-11150,Female,1,No,Yes,0.5412995581699703,Yes,No,Fiber optic,,No,No,,Yes,Electronic check,89.56,47.86,2020-10-04,3.0,Yes
CUST-11151,Female,0,No,No,22.568170258959142,Yes,No,No,No internet service,No internet service,No,,Yes,Electronic check,29.94,690.73,2020-10-05,,Yes
CUST-11152,Female,1,Yes,Yes,11.006410853257094,Yes,Yes,Fiber optic,No internet service,No internet service,No,Month-to-month,Yes,Mailed check,96.19,1071.47,2020-10-06,3.0,No
CUST-11153,Female,0,Yes,No,12.894575704383687,Yes,No phone service,DSL,No internet service,Yes,,One year,Yes,Electronic check,18.0,236.06,07/10/2020,4.0,No
CUST-11154,Female,0,Yes,No,,Yes,yes,Fiber optic,No internet service,No internet service,No,Two year,No,Electronic check,57.3, ,2020/10/08 07:24,4.0,No
CUST-11155,Female,0,Yes,No,8.899955836111804,Yes,Yes,No,No internet service,Yes,No,Month-to-month,No,Mailed check,100.38,192.46,2020-10-09,2.0,Yes
CUST-11156,Male,0,No,No,68.77345691953852,Yes,No,DSL,No,No,Yes,Month-to-month,No,electronic check,18.0,1242.83,2020-10-10,3.0,No
CUST-11157,male,0,No,Yes,4.7521076446642025,,Yes,Fiber optic,Yes,Yes,No internet service,Month-to-month,No,electronic check,75.69,376.84,2020-10-10,2.0,Yes
CUST-11158,Female,0,Yes,Yes,26.084376435089776,No,No,Fiber optic,Yes,No internet service,No internet service,Month-to-month,Yes,Credit card (automatic),59.37,1554.04,11/10/2020,3.0,No
CUST-11159,Male,1,No,No,26.761489156197282,Yes,No,Fiber optic,Yes,No,No internet service,,No,Mailed check,22.79,612.12,2020-10-12,1.0,Yes
CUST-11160,Female,0,Yes,No,6.974717905217928,Yes,,No,Yes,No,Yes,Two year,Yes,Credit card (automatic),49.2,,2020-10-13,3.0,No
CUST-11161,Male,0,Yes,No,9.424156515586478,Yes,No,No,Yes,No,Yes,Month-to-month,Yes,Credit card (automatic),77.95,737.0,2020-10-14,3.0,Yes
CUST-11162,Male,0,Yes,Yes,43.21414303483507,Yes,Yes,Fiber optic,No internet service,Yes,Yes,Two year,No,Credit card (automatic),53.66,2305.04,2020-10-15,2.0,No
CUST-11163,Female,0,Yes,No,34.43200040179684,No,No,DSL,No,No,No,Month-to-month,Yes,Bank transfer (automatic),58.74,2022.27,16/10/2020,1.0,No
CUST-11164,Male,0,Yes,No,9.579097053520492,Yes,Yes,Fiber optic,No,No,No,Two year,Yes,Electronic check,52.75,,2020-10-17,4.0,No
CUST-11165,Female,0,No,No,18.323433654791337,Yes,No,Fiber optic,No internet service,Yes,Yes,Month-to-month,No,Electronic check,47.23,873.03,2020-10-17,3.0,No
CUST-11166,Female,1,Yes,No,1.527949259905994,Yes,No,Fiber optic,No,No internet service,No,Month-to-month,No,Credit card (automatic),46.84,69.93,2020-10-18,4.0,Yes
CUST-11167,Female,0,,Yes,,Yes,,DSL,Yes,No,Yes,Month-to-month,No,Electronic check,45.96, ,2020-10-19,4.0,No
CUST-11168,Male,0,Yes,Yes,15.964391212205996,No,No,Fiber optic,No internet service,Yes,No internet service,One year,Yes,Electronic check,42.11,687.34,2020-10-20,2.0,Yes
CUST-11169,Male,0,Yes,No,,Yes,Yes,DSL,No,Yes,Yes,Month-to-month,No,Mailed check,34.18, ,"Oct 21, 2020",3.0,Yes
CUST-11170,Female,0,Yes,yes,44.48708706228079,Yes,Yes,Fiber optic,No,Yes,Yes,Month-to-month,No,Electronic check,53.31,2375.56,INVALID_DATE,4.0,No
CUST-11171,,0,No,Yes,30.380885518675907,Yes,Yes,DSL,No,No,No,,No,Credit card (automatic),45.5,,2020-10-23,3.0,Yes
CUST-11172,Female,1,Yes,No,69.02119910557713,Yes,Yes,Fiber optic,No,No,No,Two year,No,Electronic check,32.55,2236.82,2020-10-24,5.0,No
CUST-11173,Male,0,No,Yes,28.378309330042104,Yes,No,DSL,No internet service,Yes,Yes,One year,No,Electronic check,87.68,2494.35,2020-10-24,3.0,Yes
CUST-11174,Female,0,No,Yes,67.6829455130212,No,No phone service,,Yes,No,No internet service,Two year,Yes,,101.68,,25/10/2020,4.0,No
CUST-11175,Female,0,No,No,19.406069180102428,Yes,Yes,Fiber optic,,No,No,month-to-month,No,Electronic check,64.7,1238.58,2020-10-26,4.0,No
CUST-11176,Female,0,No,Yes,22.0040978143141,Yes,Yes,DSL,Yes,No,No internet service,One year,No,Credit card (automatic),66.69,1460.77,2020-10-27,2.0,No
CUST-11177,Male,0,Yes,No,72.0,Yes,No,Fiber optic,No,No internet service,No internet service,One year,Yes,Mailed check, 43.9 ,3160.93,2020-10-28,3.0,No
CUST-11178,Female,1,Yes,No,24.661994474318824,Yes,No,No,No internet service,Yes,No,Two year,No,Bank transfer (automatic),96.71,2404.58,29/10/2020,1.0,Yes
CUST-11179,Female,0,Yes,Yes,0.7504903721094043,,Yes,No,No internet service,No,No internet service,One year,Yes,Electronic check,116.85,88.3,2020-10-30,2.0,No
CUST-11180,Fe-male,1,No,Yes,30.87936218467763,Yes,,Fiber optic,Yes,No,No internet service,Month-to-month,Yes,Mailed check,59.79,1842.62,31/10/2020,2.0,No
CUST-11181,Male,0,Yes,No,56.611780781209035,Yes,no,DSL,Yes,Yes,No internet service,Month-to-month,Yes,Electronic check,49.06, ,2020-10-31,3.0,No
CUST-11182,Female,1,Yes,Yes,,Yes,Yes,Fiber optic,No,Yes,No internet service,Month-to-month,Yes,electronic check,$74.94, ,01/11/2020,5.0,No
CUST-11183,FEMALE,0,  Yes,No,21.04006348935348,Yes,No,Fiber optic,Yes,No,No internet service,month-to-month,Yes,Electronic check,68.57,1431.52,2020-11-02,2.0,Yes
CUST-11184,Male,0,Yes,No,26.702891669055006,Yes,Yes,Fiber optic,No,No internet service,No,One year,No,Electronic check,49.7,1312.27,2020-11-03,4.0,Yes
CUST-11185,FEMALE,0,No,No,,No,Yes,No,No internet service,No internet service,Yes,Two year,Yes,Credit card (automatic),78.84, ,2020-11-04,2.0,Yes
CUST-11186,Female,Yes,No,No,2.2809243376577926,,No,DSL,No,No,No internet service,Two year,Yes,Mailed check,92.84,228.77,2020-11-05,2.0,Yes
CUST-11187,Male,0,Yes,Yes,26.408358732723087,Yes,No,DSL,Yes,No,No,Month-to-month,,Bank transfer (automatic),41.13,1086.66,2020-11-06,5.0,No
CUST-11188,Male,0,Yes,Yes,7.9976221665346845,Yes,No,No,No,No,Yes,One year,Yes,Bank transfer (automatic),120.0,958.4,2020-11-07,1.0,Yes
CUST-11189,Female,0,Yes,Yes,24.525657136596575,Yes,Yes,Fiber optic,No internet service,Yes,Yes,Month-to-month,No,Electronic check,18.71,463.53,INVALID_DATE,2.0,No
CUST-11190,Male,1,No,No,22.452807224389115,Yes,No,DSL,No,Yes,No,Month-to-month,No,Electronic check,39.15,877.22,"Nov 08, 2020",2.0,No
CUST-11191,Female,0,No,No,3.998257991319199,Yes,No phone service,Fiber optic,No,No,No,Two year,No,Credit card (automatic),71.72,287.69,2020-11-09,2.0,Yes
CUST-11192,Male,1,No,Yes,5.5587028806019125,Yes,No,No,No,No,Yes,One year,No,Electronic check,120.0,678.62,2020-11-10,3.0,Yes
CUST-11193,Female,0,yes,Yes,23.325158662456474,Yes,No,DSL,Yes,Yes,Yes,Two year,N,Mailed check,47.82,1105.21,2020-11-11,1.0,No
CUST-11194,Male,0,No,No,3.2935101812358623,Yes,No,DSL,Yes,Yes,No,Month-to-month,No,Bank transfer (automatic),32.73,112.05,"Nov 12, 2020",3.0,No
CUST-11195,Female,0,Yes,No,7.395141568002138,Yes,Yes,DSL,No,Yes,Yes,Two year,Yes,Electronic check,81.18,,2020/11/13 05:44,3.0,Yes
CUST-11196,,No,Yes,no,43.27917795870331,Yes,No,No,No,No,No,Month-to-month,Yes,Bank transfer (automatic),57.24,2460.99,2020-11-14,4.0,Yes
CUST-11197,Fe-male,0,No,No,9.507502221474885,Yes,Yes,No,No,No,No internet service,One year,Yes,Mailed check,84.66,808.63,14/11/2020,5.0,No
CUST-11198,Female,Yes,Yes,No,16.06915568543098,Yes,Yes,Fiber optic,No,Yes,No,Month-to-month,No,Credit card (automatic),62.58,1000.8,2020-11-15,2.0,Yes
CUST-11199,Male,0,Yes,No,67.98238152340937,Yes,Yes,Fiber optic,No,Yes,Yes,One year,No,Electronic check,38.99,2650.15,2020-11-16,3.0,No
CUST-11200,Female,0,No,yes,6.184058866069552,Yes,Yes,DSL,Yes,Yes,Yes,Month-to-month,No,Electronic check,120.0,732.66,2020-11-17,3.0,Yes
CUST-11201,Male,0,Yes,No,11.848402161049485,Yes,No,DSL,No,Yes,No,Month-to-month,No,Credit card (automatic),18.0, ,2020-11-18,1.0,Yes
CUST-11202,Male,0,yes,No,22.381605888877612,Yes,No,No,No,No,No,One year,Yes,Mailed check,119.31,2661.77,2020-11-19,4.0,Yes
CUST-11203,Male,1,No,Yes,33.78915388630447,Yes,No,DSL,Yes,Yes,Yes,One year,Yes,Mailed check,92.7,3119.49,2020-11-20,4.0,No
CUST-11204,Female,Yes,Yes,Yes,55.662172081191315,No,,Fiber optic,Yes,No,Yes,One year,Yes,Credit card (automatic),42.33,2380.18,2020-11-21,1.0,No
CUST-11205,Female,0,yes,No,59.29641892842105,Yes,No,Fiber optic,No,No,No internet service,One year,No,Bank transfer (automatic),120.0,,"Nov 22, 2020",2.0,Yes
CUST-11206,Female,1,Yes,No,35.975299017124115,Yes,Yes,DSL,No,No,No internet service,month-to-month,Yes,Mailed check,23.56,873.73,2020-11-22,3.0,No
CUST-11207,Male,0,Yes,No,6.220784774854037,No,Yes,Fiber optic,Yes,Yes,No,month-to-month,Yes,Electronic check,94.94,589.53,2020-11-23,4.0,Yes
CUST-11208,Male,0,Yes,Yes,0.602934436145838,Yes,Yes,Fiber optic,Yes,Yes,Yes,Month-to-month,No,Credit card (automatic),18.0,14.21,24/11/2020,4.0,Yes
CUST-11209,,No,Yes,No,11.619393278383358,,Yes,Fiber optic,Yes,Yes,Yes,Month-to-month,Yes,Electronic check,30.32,366.55,INVALID_DATE,3.0,No
CUST-11210,Male,0,No,No,3.66301207168265,Yes,Yes,DSL,No internet service,,Yes,One year,No,Credit card (automatic),$30.25,102.99,2020-11-26,2.0,Yes
CUST-11211,Female,1,Yes,Yes,29.741087172166708,Yes,No,DSL,No,No internet service,Yes,Month-to-month,Yes,Electronic check,42.18,1266.95,2020-11-27,3.0,No
CUST-11212,Male,1,Yes,No,25.971370984562665,Yes,Yes,Fiber optic,No,Yes,No,Month-to-month,No,Credit card (automatic),65.05,1701.44,2020-11-28,4.0,No
CUST-11213,Female,0,Yes,No,1.0792248670753648,Yes,No,,No internet service,No,No,Month-to-month,Yes,Mailed check,39.92,28.42,"Nov 29, 2020",3.0,No
CUST-11214,Female,nan,No,No,43.476384620806186,Yes,Yes,DSL,No,Yes,Yes,Month-to-month,Yes,Electronic check,18.0,786.7,2020-11-29,1.0,No
CUST-11215,Male,0,No,No,6.864187916000779,Yes,Yes,,No,Yes,No internet service,One year,No,Mailed check,78.6,537.76,30/11/2020,1.0,Yes
CUST-11216,Male,0,Yes,No,13.58480930372929,Yes,No phone service,Fiber optic,No,No,No,Month-to-month,No,Electronic check,66.17,892.36,2020-12-01,3.0,Yes
CUST-11217,Female,0,Yes,No,26.458097711536944,Yes,Yes,No,No,Yes,No,Month-to-month,Yes,Electronic check,76.97,2037.36,2020-12-02,2.0,No
CUST-11218,Female,0,Yes,No,,Yes,No,DSL,Yes,No,,Two year,No,Electronic check,69.86, ,2020-12-03,4.0,Yes
CUST-11219,Male,0,Yes,No,13.970898992662221,Yes,Yes,DSL,No,No,No,Two year,N,Credit card (automatic),,1314.83,2020-12-04,2.0,Yes
CUST-11220,  Male ,0,No,No,1.6291350748491715,Yes,Yes,DSL,Yes,No,No internet service,Two year,Yes,Electronic check,62.44, ,2020-12-05,5.0,Yes
CUST-11221,Male,1,No,No,12.317626513545989,Yes,Yes,Fiber optic,Yes,,Yes,Month-to-month,No,Credit Card,95.08,1174.72,2020-12-06,4.0,Yes
CUST-11222,Male,Yes,Yes,Yes,34.74054507188571,Yes,No phone service,,Yes,No internet service,Yes,Month-to-month,Yes,Electronic check,41.43,1445.08,06/12/2020,3.0,No
CUST-11223,  Male ,0,Yes,No,59.21233757996526,Yes,No,DSL,No,No internet service,No,Month-to-month,Yes,Bank transfer (automatic),43.14,2542.79,2020/12/07 18:38,4.0,No
CUST-11224,Male,0,Yes,No,12.805865508195488,Yes,Yes,Fiber optic,No internet service,No,No,Month-to-month,Yes,Credit card (automatic),105.98,1355.78,2020-12-08,2.0,Yes
CUST-11225,Female,Yes,No,No,13.222291826930046,Yes,Yes,DSL,No,Yes,Yes,Month-to-month,Yes,Credit card (automatic),105.37,1383.54,09/12/2020,2.0,Yes
CUST-11226,Male,0,Yes,No,29.106441442552246,No,No,Fiber optic,No internet service,No,No,Two year,Yes,Electronic check,81.91,2372.78,"Dec 10, 2020",99.0,no
CUST-11227,Male,0,,Yes,68.65708822059871,Yes,No,DSL,No,,Yes,,Yes,Bank transfer (automatic),38.03,9137.82,2020-12-11,3.0,No
CUST-11228,,0,No,No,7.456625248034485,Yes,No,DSL,No,No,No,Two year,Yes,Electronic check,35.61,277.07,2020-12-12,1.0,No
CUST-11229,Male,0,Yes,Yes,13.921824962151693,Yes,yes,DSL,Yes,,No,Two year,No,Mailed check,104.54,1450.16,2020-12-13,3.0,Yes
CUST-11230,male,0,No,Yes,38.14809923234809,Yes,No,No,No internet service,Yes,No,One year,No,Bank transfer (automatic),102.88,3915.66,2020-12-13,2.0,No
CUST-11231,Male,No,No,No,22.579755091697088,Yes,No,DSL,Yes,No,No,Two year,No,Mailed check,62.79,1417.1,2020-12-14,2.0,No
CUST-11232,Male,0,No,Yes,2.812628323476878,,Yes,DSL,No,Yes,,month-to-month,Yes,Electronic check,120.0,,2020-12-15,1.0,Yes
CUST-11233,Male,0,Yes,No,23.715437517192925,Yes,No,DSL,No,No,Yes,One year,Y,Electronic check,78.47,1863.36,2020-12-16,2.0,Yes
CUST-11234,Female,0,Yes,No,4.961091481271487,Yes,Yes,dsl,No,No internet service,,Month-to-month,Yes,Electronic check,31.48,144.05,2020-12-17,4.0,No
CUST-11235,Male,0,No,,17.13097600317321,Yes,No phone service,Fiber optic,Yes,No,Yes,Month-to-month,Yes,Electronic check,56.43,962.79,2020-12-18,4.0,Yes
CUST-11236,Female,0,No,No,18.074795062510287,Yes,No phone service,Fiber optic,No,No internet service,No,One year,Yes,Credit card (automatic),64.86,1189.37,19/12/2020,3.0,Yes
CUST-11237,Female,1,No,Yes,50.13876186293106,Yes,No,Fiber optic,No internet service,No,No,Month-to-month,No,Electronic check,67.29,3373.53,2020-12-20,3.0,No
CUST-11238,Fe-male,1,No,Yes,14.899580784886727,Yes,No,DSL,No internet service,No,No internet service,Two year,Yes,Bank transfer (automatic),102.2,1518.18,2020-12-20,1.0,Yes
CUST-11239,Male,0,No,No,7.865518874741767,Yes,No,Fiber optic,No internet service,No internet service,No internet service,One year,Yes,Credit card (automatic),36.01,274.03,2020-12-21,1.0,Yes
CUST-11240,Female,1,No,No,-5.0,Yes,No,DSL,No,Yes,No internet service,One year,No,Bank transfer (automatic),24.75, ,INVALID_DATE,3.0,No
CUST-11241,Female,1,Yes,No,49.763385457074094,Yes,No,Fiber optic,No,No internet service,Yes,Month-to-month,Yes,Bank transfer (automatic),82.77,4109.24,2020-12-23,5.0,No
CUST-11242,Female,1,No,No,4.501157215681205,Yes,Yes,Fiber optic,Yes,Yes,No internet service,Month-to-month,Yes,Bank transfer (automatic),49.49,229.82,2020-12-24,1.0,Yes
CUST-11243,Female,0,No,Yes,13.317526100828701,Yes,No phone service,Fiber optic,No internet service,Yes,Yes,Month-to-month,No,Mailed check,120.0,1600.92,2020-12-25,3.0,Yes
CUST-11244,Female,0,No,No,4.973691014336648,No,yes,DSL,No,No,Yes,One year,Yes,Mailed check,93.0,464.25,2020-12-26,,Yes
CUST-11245,Female,0,No,No,35.61949303297608,Yes,Yes,DSL,No,No internet service,Yes,Month-to-month,No,Credit card (automatic),48.94,1749.82,2020-12-27,4.0,No
CUST-11246,Male,0,Yes,Yes,15.43590619976958,Yes,No,No,No internet service,No,No,2-Year,Yes,Credit Card,101.09,1570.24,2020/12/27 22:23,2.0,Yes
CUST-11247,Male,0,No,Yes,10.381055755354359,Yes,No phone service,Fiber optic,No,No,No,One year,Yes,Bank transfer (automatic),86.61,899.38,2020-12-28,2.0,Yes
CUST-11248,FEMALE,0,No,Yes,10.752162453265822,Yes,Yes,DSL,No,No internet service,Yes,One year,Yes,Electronic check,83.71,908.35,2020-12-29,0.0,Yes
CUST-11249,Female,0,Yes,Yes,45.88779351247355,Yes,No,DSL,Yes,Yes,Yes,Two year,No,Mailed check,61.03,2794.14,2020-12-30,2.0,No
CUST-11250,Female,1,No,No,19.36631103408576,Yes,No,No,No,No internet service,No,,Yes,Mailed check,77.31,1508.8,2020-12-31,3.0,Yes
CUST-11251,Female,1,Yes,Yes,30.369112915178547,Yes,No,Fiber optic,No internet service,No,,Month-to-month,No,Credit card (automatic),18.0,544.6,2021-01-01,3.0,No
CUST-11252,Male,0,Yes,Yes,54.56160731684315,Yes,Yes,,No,Yes,No,Two year,Y,Bank transfer (automatic),104.21,5704.51,02/01/2021,3.0,No
CUST-11253,Male,0,Yes,Yes,55.68372743013218,Yes,Yes,DSL,Yes,No,No,Month-to-month,No,Mailed check,18.0,1001.61,2021-01-03,2.0,No
CUST-11254,Female,0,Yes,no,9.558113924624674,Yes,No phone service,Fiber optic,Yes,Yes,No,Month-to-month,Yes,Bank transfer (automatic),51.44,480.51,2021-01-03,4.0,No
CUST-11255,Male,0,No,No,72.0,Yes,Yes,DSL,No,Yes,No internet service,Month-to-month,Yes,Electronic check,18.0,1298.96,2021-01-04,2.0,No
CUST-11256,Male,0,No,Yes,0.6045723741232822,Yes,Yes,Fiber optic,No,Yes,,One year,Yes,Credit card (automatic),49.67,28.7,2021-01-05,4.0,Yes
CUST-11257,Female,0,No,No,11.3506763524324,Yes,No,DSL,Yes,Yes,No,Month-to-month,Yes,Electronic check,62.48,695.62,06/01/2021,3.0,No
CUST-11258,Male,0,No,Yes,54.27437244759524,Yes,Yes,DSL,No,No,No,One year,N,Bank transfer (automatic),28.8,1582.01,2021-01-07,2.0,No
CUST-11259,Female,1,Yes,No,7.705989458131783,Yes,Yes,DSL,No,No,No internet service,One year,,Electronic check,18.0,136.86,08/01/2021,4.0,Yes
CUST-11260,Male,0,Yes,Yes,7.654580254332766,Yes,no,Fiber optic,No internet service,No,,One year,Yes,Electronic check,70.91,529.18,2021-01-09,99.0,No
CUST-11261,Female,1,No,No,8.650274394495064,Yes,No,Fiber optic,Yes,No,Yes,Month-to-month,Yes,Electronic check,120.0,1036.5,2021-01-10,5.0,Yes
CUST-11262,Male,0,Yes,No,22.741391006951048,Yes,,Fiber optic,No internet service,No internet service,No,Two year,No,Credit card (automatic),54.16,1225.41,2021/01/10 22:54,1.0,no
CUST-11263,Female,0,  Yes,No,13.844297565427219,Yes,Yes,No,No,Yes,No internet service,One year,No,Bank transfer (automatic),93.48,1289.31,2021-01-11,3.0,No
CUST-11264,Male,0,No,Yes,31.135503834968137,Yes,Yes,Fiber optic,No,No,No,Month-to-month,Yes,Mailed check,109.83,3423.64,2021-01-12,4.0,Yes
CUST-11265,Male,0,No,No,54.070662421101005,No,No,Fiber optic,,Yes,No,,Yes,Credit card (automatic),18.0,965.47,13/01/2021,3.0,No
CUST-11266,Male,0,,No,26.915271942859974,Yes,No phone service,,Yes,No,No,Month-to-month,Yes,Bank transfer (automatic),50.98,1381.97,2021-01-14,4.0,No
CUST-11267,Female,0,Yes,Yes,5.489822328096684,Yes,Yes,Fiber optic,No,No,Yes,One year,No,Bank transfer (automatic),26.41,138.37,2021-01-15,,Yes
CUST-11268,Female,0,Yes,No,64.75982804479904,Yes,Yes,DSL,No,No internet service,Yes,One year,Yes,Mailed check,40.51,2613.91,"Jan 16, 2021",3.0,No
CUST-11269,Male,0,No,Yes,7.372681186877482,Yes,No,,No,No internet service,,Month-to-month,No,Electronic check,115.76,,2021-01-17,4.0,Yes
CUST-11270,Female,0,Yes,Yes,3.897469891012401,Yes,No phone service,DSL,No,No,No,Month-to-month,Yes,Electronic check,71.41,296.68,2021-01-17,1.0,Yes
CUST-11271,Female,1,yes,Yes,,Yes,No phone service,Fiber optic,Yes,Yes,No internet service,Two year,No,Electronic check,88.36, ,2021-01-18,5.0,No
CUST-11272,Female,0,Yes,No,19.888814274202684,No,Yes,DSL,No,Yes,No internet service,Month-to-month,Yes,Bank transfer (automatic),63.38,1261.99,19/01/2021,4.0,Yes
CUST-11273,Male,1,No,No,,Yes,Yes,Fiber optic,No,No internet service,No,Month-to-month,Yes,Electronic check,28.38, ,2021-01-20,3.0,Yes
CUST-11274,Female,0,No,yes,3.585612269471293,No,No,Fiber optic,No internet service,No,No internet service,One year,Yes,Mailed check,85.04, ,2021-01-21,4.0,Yes
CUST-11275,Male,Yes,No,Yes,8.561243726271348,No,No,DSL,Yes,No internet service,Yes,One year,Yes,Mailed check,$102.28,874.51,INVALID_DATE,4.0,Yes
CUST-11276,Male,1,Yes,,7.939261278070454,Yes,Yes,Fiber optic,No,No,No,Two year,Yes,Electronic check,74.22,604.88,2021/01/23 05:21,3.0,No
CUST-11277,,0,Yes,Yes,22.24670579468605,Yes,No,Fiber optic,No,No internet service,No,Two year,No,electronic check,79.37,1757.99,2021-01-24,0.0,Yes
CUST-11278,Male,0,No,No,40.725076284173355,Yes,No phone service,DSL,Yes,No internet service,No,Month-to-month,Yes,Credit card (automatic),27.66,1136.18,2021-01-24,2.0,No
CUST-11279,Female,1,Yes,No,,Yes,No,Fiber optic,No,No,Yes,One year,Yes,Electronic check,85.91, ,25/01/2021,,Yes
CUST-11280,Female,0,No,Yes,7.307234703354419,Yes,No phone service,DSL,Yes,Yes,Yes,Two year,Yes,Credit card (automatic),105.08,758.24,2021-01-26,2.0,Yes
CUST-11281,Female,0,No,No,6.754772878379111,Yes,Yes,No,No,No,Yes,Month-to-month,No,Mailed check,76.84,531.01,2021-01-27,3.0,Yes
CUST-11282,Female,0,No,No,72.0,Yes,Yes,Fiber optic,No internet service,No internet service,No,1-Year,Yes,Credit card (automatic),18.0,1303.49,2021-01-28,2.0,No
CUST-11283,Male,1,No,No,0.19848832379512976,Yes,,No,No internet service,No internet service,,Two year,Yes,Electronic check,113.77,19.87,29/01/2021,2.0,Yes
CUST-11284,Male,1,Yes,No,50.83049646477993,Yes,No,DSL,No,Yes,No internet service,Month-to-month,No,Electronic check,36.36,1860.27,2021-01-30,4.0,no
CUST-11285,Female,0,No,No,5.347302186810632,Yes,Yes,DSL,No internet service,No,Yes,One year,Yes,Credit card (automatic),76.33,412.64,2021/01/31 02:39,1.0,Yes
CUST-11286,Male,0,No,No,70.62821743425958,Yes,Yes,DSL,No,No internet service,Yes,One year,Yes,Credit card (automatic), 93.3 ,6586.53,2021-01-31,0.0,
CUST-11287,Male,0,Yes,No,10.056418918861525,Yes,No,DSL,No,No,Yes,Month-to-month,Yes,Mailed check,97.09,967.72,2021-02-01,2.0,Yes
CUST-11288,Male,0,NO,Yes,13.930724647186455,,No,Fiber optic,,No internet service,No,Two year,Yes,Credit card (automatic),18.0,249.85,02/02/2021,2.0,No
CUST-11289,Male,nan,Yes,No,29.471865753700616,Yes,Yes,dsl,No,No internet service,No internet service,One year,No,Bank transfer (automatic),68.22,2026.38,2021-02-03,5.0,No
CUST-11290,Male,0,Yes,No,21.262295495055486,Yes,Yes,Fiber optic,No,No internet service,No internet service,One year,Yes,Electronic check,66.23,1407.15,2021-02-04,4.0,No
CUST-11291,Male,0,Yes,Yes,9.183279977307969,Yes,No,fiber optic,No,Yes,Yes,Month-to-month,Yes,Mailed check,107.87,1009.53,2021/02/05 08:50,4.0,Yes
CUST-11292,Female,0,NO,Yes,19.369374873672953,Yes,No,DSL,No internet service,Yes,Yes,Month-to-month,No,Electronic check,78.46,1514.76,2021-02-06,2.0,Yes
CUST-11293,Female,1,Yes,No,31.486916241803705,Yes,Yes,No,No,Yes,Yes,Month-to-month,Yes,Credit card (automatic),108.14,3414.02,2021-02-07,4.0,Yes
CUST-11294,Female,0,No,No,1.0381726205906798,Yes,yes,DSL,Yes,No internet service,Yes,Two year,No,,80.9,99.7,2021-02-07,3.0,Yes
CUST-11295,Male,0,No,No,0.27029975196935324,Yes,Yes,No,Yes,No,No internet service,One year,Yes,Bank transfer (automatic),62.48,13.37,2021-02-08,,Yes
CUST-11296,Male,0,Yes,Yes,14.702706935861734,Yes,No,DSL,Yes,Yes,No,Month-to-month,No,Bank transfer (automatic),70.52,1028.23,2021-02-09,4.0,No
CUST-11297,Male,0,Yes,No,3.393008488741258,No,No,fiber optic,No,No,No internet service,Month-to-month,No,Credit card (automatic),110.41,350.32,2021-02-10,4.0,Yes
CUST-11298,Female,0,No,Yes,26.20006371210251,Yes,No,DSL,No internet service,No,No,Month-to-month,No,Electronic check,25.79,,11/02/2021,4.0,No
CUST-11299,Female,0,Yes,No,5.780765447588783,Yes,Yes,DSL,No,No internet service,Yes,Two year,No,Mailed check,91.88,523.54,2021-02-12,3.0,Yes
CUST-11300,Male,0,No,No,13.611201875599258,Yes,Yes,Fiber optic,Yes,No,Yes,Two year,No,Mailed check,45.87,621.57,INVALID_DATE,4.0,No
CUST-11301,FEMALE,Yes,Yes,Yes,5.2856748508236375,,Yes,Fiber optic,No internet service,No,Yes,Month-to-month,No,Bank transfer (automatic),39.43,213.3,14/02/2021,3.0,Yes
CUST-11302,Male,1,No,No,19.08344524454315,Yes,No,Fiber optic,No,Yes,No internet service,Month-to-month,Yes,Credit card (automatic),95.4,1842.79,15/02/2021,1.0,Yes
CUST-11303,Female,nan,No,,2.960608622161873,Yes,Yes,dsl,No,No internet service,No internet service,Month-to-month,Yes,Electronic check,38.21,124.95,2021-02-15,3.0,Yes
CUST-11304,Female,0,Yes,No,0.5610720282695699,Yes,Yes,Fiber optic,No,Yes,No internet service,Month-to-month,Y,Mailed check,76.01,46.56,2021-02-16,3.0,Yes
CUST-11305,Female,No,Yes,No,1.2596448584368298,Yes,yes,Fiber optic,No internet service,No,Yes,Two year,No,Credit card (automatic),$50.03,66.99,2021-02-17,4.0,No
CUST-11306,Female,0,Yes,No,72.0,Yes,Yes,DSL,No,Yes,No internet service,Month-to-month,Yes,Electronic check,18.0,1278.06,2021-02-18,3.0,No
CUST-11307,Female,0,Yes,No,3.6836357585208996,Yes,Yes,Fiber optic,Yes,Yes,Yes,Month-to-month,Yes,Mailed check,,$305.59,2021-02-19,4.0,Yes
CUST-11308,Male,0,No,Yes,29.583376144082656,Yes,Yes,Fiber optic,No,Yes,Yes,One year,No,Electronic check,,2033.13,2021/02/20 06:23,5.0,No
CUST-11309,Female,0,No,Yes,1.6882388979045908,No,No,No,No,No,No,1-Year,Yes,Bank transfer (automatic),18.0,38.37,2021-02-21,3.0,Yes
CUST-11310,Male,0,Yes,Yes,2.7472543114071963,Yes,yes,Fiber optic,No,No,No,,Yes,Credit card (automatic),43.74,95.91,22/02/2021,2.0,Yes
CUST-11311,male,0,No,No,17.0654195796781,Yes,No phone service,Fiber optic,Yes,Yes,No internet service,1-Year,No,Electronic check,18.0,310.15,2021-02-22,1.0,No
CUST-11312,Female,0,No,No,15.00593541923449,Yes,Yes,DSL,Yes,No,No,One year,Yes,Credit card (automatic),86.65,1292.69,2021-02-23,2.0,Yes
CUST-11313,Female,0,Yes,No,,Yes,yes,DSL,No,No internet service,Yes,Two year,Yes,Mailed check,106.34, ,2021-02-24,1.0,Yes
CUST-11314,Female,0,Yes,No,69.53843512579087,Yes,No,Fiber optic,No,Yes,Yes,Two year,No,Electronic check,90.18,6272.08,2021-02-25,2.0,No
CUST-11315,Female,0,yes,No,36.29640997103564,Yes,Yes,DSL,No,Yes,Yes,Two year,Yes,Mailed check,94.37,3423.25,"Feb 26, 2021",4.0,No
CUST-11316,Female,0,No,No,22.117419864609605,Yes,Yes,DSL,No internet service,No,Yes,1-Year,No,Credit card (automatic),49.17,,"Feb 27, 2021",2.0,Yes
CUST-11317,Female,1,No,No,14.565520196319632,Yes,Yes,DSL,,No internet service,Yes,Month-to-month,Y,Electronic check,81.11,1200.52,2021-02-28,1.0,Yes
CUST-11318,Male,1,No,No,10.568011644729536,Yes,Yes,No,Yes,Yes,No,Month-to-month,No,Mailed check,64.43,682.95,"Mar 01, 2021",,Yes
CUST-11319,Male,0,Yes,No,70.53879746237821,Yes,Yes,DSL,No,,Yes,Month-to-month,,Bank transfer (automatic),70.26,4958.35,2021-03-01,,No
CUST-11320,Male,0,No,Yes,22.166143932629733,Yes,Yes,No,Yes,No,No internet service,One year,Yes,Mailed check,93.42,2073.55,2021-03-02,4.0,No
CUST-11321,Male,0,No,,,Yes,No,DSL,No,No,No,Two year,No,Electronic check,99.96, ,2021-03-03,1.0,yes
CUST-11322,Female,1,No,Yes,6.332083354200308,Yes,No,DSL,No,Yes,Yes,Two year,No,Mailed check,53.01,319.99,"Mar 04, 2021",4.0,Yes
CUST-11323,Male,0,Yes,Yes,1.1477601713637462,Yes,No,Fiber optic,Yes,No,No,Month-to-month,Yes,Credit card (automatic),-22.47,19.98,2021-03-05,3.0,No
CUST-11324,,0,Yes,No,69.69256099660005,Yes,Yes,Fiber optic,No,Yes,No,Month-to-month,Yes,electronic check,,4127.91,2021-03-06,2.0,No
CUST-11325,Male,0,Yes,No,9.0358033356652,Yes,No,Fiber optic,No internet service,No,No,,No,Electronic check,58.12,523.05,2021-03-07,3.0,Yes
CUST-11326,Male,0,NO,No,14.026859315802366,No,Yes,Fiber optic,Yes,Yes,Yes,Month-to-month,No,Bank transfer (automatic),-73.24,1037.71,INVALID_DATE,1.0,Yes
CUST-11327,Female,0,Yes,No,2.922260959357555,Yes,No,DSL,Yes,No,No internet service,Month-to-month,No,Electronic check,89.69,261.04,08/03/2021,,Yes
CUST-11328,Female,1,No,No,43.52498285311606,Yes,Yes,Fiber optic,No,No internet service,Yes,One year,No,Bank transfer (automatic),18.0,799.21,2021-03-09,4.0,Yes
CUST-11329,Female,0,Yes,Yes,0.6724985629448375,Yes,No phone service,Fiber optic,No,No,No internet service,Month-to-month,No,Electronic check,44.57,43.45,INVALID_DATE,2.0,Yes
CUST-11330,Female,0,Yes,No,43.097084212045324,Yes,Yes,DSL,No internet service,Yes,Yes,Month-to-month,No,Electronic check,35.78,1533.04,2021-03-11,3.0,No
CUST-11331,Female,1,No,No,3.627704517159658,No,Yes,No,No,No,No internet service,Month-to-month,Yes,Credit card (automatic),102.23,355.96,2021-03-12,3.0,Yes
CUST-11332,Male,1,No,No,52.23641929574905,Yes,no,Fiber optic,No,No,No,Month-to-month,Yes,Electronic check,58.45,3040.54,2021-03-13,5.0,No
CUST-11333,,0,No,No,31.403798169536856,Yes,Yes,Fiber optic,No internet service,Yes,No,One year,No,Electronic check,49.31,1533.46,2021-03-14,3.0,Yes
CUST-11334,,0,Yes,yes,4.3182896851449195,Yes,Yes,No,No,No,Yes,Month-to-month,Yes,electronic check,80.85,353.54,2021-03-15,1.0,Yes
CUST-11335,Female,0,No,Yes,20.02299507604192,No,Yes,No,No,Yes,Yes,Month-to-month,,,-46.91,942.8,2021-03-15,2.0,Yes
CUST-11336,Male,Yes,Yes,No,8.998100199070057,Yes,Yes,Fiber optic,No,No,No internet service,Month-to-month,No,Electronic check,64.24,581.75,2021/03/16 19:18,2.0,Yes
CUST-11337,Female,0,Yes,No,,Yes,No,DSL,No internet service,No internet service,No internet service,Two year,No,Bank transfer (automatic),119.12, ,2021-03-17,0.0,Yes
CUST-11338,Male,Yes,No,yes,47.04692204669044,Yes,Yes,No,Yes,Yes,No,Month-to-month,N,Bank transfer (automatic),118.29,,2021-03-18,5.0,No
CUST-11339,Male,0,Yes,Yes,12.401140919784673,Yes,Yes,DSL,Yes,Yes,Yes,Month-to-month,No,Mailed check,52.48,,2021-03-19,3.0,No
CUST-11340,Male,0,Yes,No,12.201634123081746,No,No,DSL,Yes,Yes,Yes,Month-to-month,Yes,Credit card (automatic),59.23,724.62,2021-03-20,1.0,Yes
CUST-11341,Female,0,No,No,4.468633227220081,Yes,Yes,DSL,No internet service,No internet service,No,Month-to-month,Yes,Credit card (automatic),46.13,223.47,INVALID_DATE,3.0,No
CUST-11342,Female,0,No,Yes,11.591824919175405,Yes,Yes,Fiber optic,No,No,Yes,Month-to-month,Yes,Credit card (automatic),18.0,214.97,2021-03-22,4.0,Yes
CUST-11343,Female,0,No,No,49.26566635853014,Yes,yes,No,No,Yes,Yes,One year,Yes,Electronic check,95.79,4708.1,22/03/2021,2.0,Yes
CUST-11344,Female,0,Yes,Yes,10.828504826636873,Yes,no,Fiber optic,,No,No,1-Year,Yes,Mailed check,120.0,1292.45,2021-03-23,3.0,Yes
CUST-11345,Male,0,Yes,No,72.0,Yes,No,fiber optic,No internet service,Yes,No,Two year,No,Mailed check,$51.40,3705.01,2021-03-24,2.0,No
CUST-11346,Male,nan,Yes,yes,70.18819228865073,Yes,No,DSL,,No,Yes,One year,Yes,Electronic check,40.2, ,2021-03-25,3.0,No
CUST-11347,Male,0,,No,3.756846958638013,Yes,No,DSL,Yes,No,Yes,Month-to-month,Yes,Electronic check,56.51,,2021-03-26,4.0,No
CUST-11348,,1,No,No,4.6842562480575465,Yes,No,Fiber optic,No internet service,,No,One year,Yes,Electronic check,67.25,329.61,2021-03-27,3.0,Yes
CUST-11349,Male,0,No,Yes,47.64955511850205,Yes,Yes,dsl,No,Yes,Yes,Month-to-month,Yes,Electronic check,30.63,1452.39,2021-03-28,3.0,No
CUST-11350,Female,0,Yes,yes,11.971984612793031,Yes,No,Fiber optic,Yes,No,No internet service,One year,Yes,Electronic check,50.95,608.28,2021-03-29,4.0,No
CUST-11351,Female,0,No,No,0.10520582710268833,Yes,Yes,DSL,No,No,Yes,Month-to-month,Yes,Electronic check,95.15,18.0,2021/03/29 22:47,4.0,Yes
CUST-11352,Male,0,Yes,Yes,7.680689348688437,No,Yes,DSL,No,No internet service,Yes,Two year,No,Electronic check,68.52,506.85,INVALID_DATE,2.0,Yes
CUST-11353,Female,Yes,No,No,21.849137123452174,Yes,Yes,DSL,Yes,No,No,month-to-month,Yes,Mailed check,102.81,2250.39,2021-03-31,3.0,Yes
CUST-11354,Female,0,yes,No,38.53858706098971,Yes,No,DSL,No,No,No,Month-to-month,Yes,Mailed check,75.64,2924.18,2021-04-01,5.0,Yes
CUST-11355,Female,0,NO,Yes,3.435951231096869,Yes,No,DSL,No internet service,No,Yes,Month-to-month,Yes,Electronic check,32.03,105.07,2021-04-02,3.0,No
CUST-11356,male,0,No,Yes,2.8114146229334707,Yes,No,No,No,No,No,One year,No,Credit card (automatic),$47.42,152.53,2021-04-03,4.0,Yes
CUST-11357,Male,0,Yes,Yes,61.25364059224508,Yes,No,Fiber optic,No,No internet service,Yes,Month-to-month,No,Bank transfer (automatic),72.15,4441.04,INVALID_DATE,3.0,No
CUST-11358,Male,0,yes,No,33.38156195564552,Yes,,Fiber optic,No,No internet service,No,month-to-month,N,Credit card (automatic),31.02,1044.75,2021-04-05,1.0,Yes
CUST-11359,Female,1,No,No,21.385456911337165,Yes,Yes,DSL,No internet service,No,Yes,Month-to-month,No,Credit card (automatic),27.13, ,2021-04-05,2.0,No
CUST-11360,FEMALE,1,Yes,No,35.187516246397074,Yes,No,DSL,Yes,No,No,Month-to-month,Yes,Electronic check,28.93,1014.63,2021-04-06,3.0,Yes
CUST-11361,Male,0,No,No,13.442665028172172,No,Yes,Fiber optic,No,No internet service,No,Two year,Yes,Mailed check,80.17,1080.12,07/04/2021,3.0,Yes
CUST-11362,Female,0,Yes,No,34.096861961282045,Yes,No,No,Yes,Yes,No,Month-to-month,Yes,Mailed check,53.71,1831.6,2021-04-08,5.0,No
CUST-11363,Female,0,No,No,11.15763488516371,,Yes,Fiber optic,No internet service,Yes,No internet service,Month-to-month,No,Mailed check,100.17,1102.3,"Apr 09, 2021",3.0,Yes
CUST-11364,Female,0,Yes,Yes,6.716136156418394,Yes,No,No,Yes,No,No,One year,Yes,Electronic check,37.81,269.6,2021-04-10,4.0,No
CUST-11365,Male,0,No,No,31.336463625483542,Yes,Yes,No,No,No,No,One year,No,Credit card (automatic),18.0,555.75,"Apr 11, 2021",4.0,Yes
CUST-11366,Female,0,Yes,No,13.059895715514271,Yes,No,DSL,No,No internet service,No,One year,Yes,Electronic check,60.78,786.0,INVALID_DATE,3.0,No
CUST-11367,male,0,Yes,No,72.0,Yes,No,DSL,No internet service,No,Yes,One year,Yes,,114.13,8202.71,12/04/2021,4.0,No
CUST-11368,Male,0,No,No,10.319788856692533,Yes,No,Fiber optic,Yes,No,No internet service,Month-to-month,Yes,Credit card (automatic),65.74,685.1,2021-04-13,4.0,No
CUST-11369,Male,0,No,No,61.141390456139405,Yes,No,Fiber optic,No,No,No internet service,Month-to-month,No,Bank transfer (automatic),23.54,1425.84,2021-04-14,3.0,No
CUST-11370,,0,No,No,64.86009213959157,Yes,Yes,DSL,Yes,No internet service,Yes,Month-to-month,Yes,Electronic check,18.0,1166.73,2021/04/15 14:24,1.0,Yes
CUST-11371,Male,0,Yes,Yes,6.645069862121451,Yes,No phone service,Fiber optic,No internet service,No,No internet service,2-Year,No,Mailed check,100.64,678.14,16/04/2021,,Yes
CUST-11372,Female,0,yes,No,38.41399535621494,Yes,Yes,Fiber optic,No,Yes,No,Month-to-month,Yes,Electronic check,40.48,1585.91,2021-04-17,4.0,Yes
CUST-11373,Female,1,No,Yes,13.620657270235201,Yes,Yes,No,No,No internet service,No,Month-to-month,Yes,Electronic check,110.95,1516.04,2021-04-18,4.0,Yes
CUST-11374,Male,0,Yes,yes,59.8861621097265,Yes,Yes,DSL,No,No,Yes,month-to-month,Yes,Credit card (automatic),379.45,5051.63,2021-04-19,4.0,Yes
CUST-11375,Female,0,Yes,Yes,14.353511436770685,Yes,Yes,DSL,No,Yes,No,,Yes,Mailed check,41.61,,2021-04-19,4.0,No
CUST-11376,Male,0,No,Yes,32.730358432232244,Yes,No,Fiber optic,Yes,No,No,Two year,Yes,Mailed check,99.71,3284.79,2021-04-20,3.0,Yes
CUST-11377,Female,0,No,No,15.100145055635632,Yes,Yes,Fiber optic,No,Yes,Yes,Month-to-month,Yes,Credit card (automatic),36.98,571.89,2021-04-21,,Yes
CUST-11378,Male,0,NO,No,6.204304171238577,Yes,no,Fiber optic,No internet service,,No,One year,Yes,Electronic check,21.28,114.11,2021-04-22,4.0,Yes
CUST-11379,Female,0,No,Yes,5.335957014328057,Yes,Yes,fiber optic,No,No,,Month-to-month,No,Bank transfer (automatic),38.7,218.27,2021-04-23,5.0,Yes
CUST-11380,Male,0,No,No,13.2992501413739,Yes,Yes,No,No internet service,,No,Two year,Yes,Bank transfer (automatic),87.76,1167.01,2021/04/24 08:43,3.0,Yes
CUST-11381,Male,1,No,No,33.80443482248111,Yes,Yes,Fiber optic,Yes,No,No,Month-to-month,Yes,Mailed check,98.84,3339.26,25/04/2021,5.0,No
CUST-11382,Fe-male,No,Yes,Yes,22.297212134404173,Yes,No,DSL,No internet service,,No,Month-to-month,No,Credit card (automatic),52.82,1170.47,2021-04-26,4.0,No
CUST-11383,Male,0,Yes,No,28.002505986591515,Yes,Yes,Fiber optic,No,Yes,Yes,Month-to-month,No,Credit card (automatic),18.0,507.39,"Apr 26, 2021",4.0,No
CUST-11384,Female,0,Yes,No,7.961768177871708,No,Yes,Fiber optic,No,Yes,No internet service,Month-to-month,Yes,Mailed check,18.0,147.47,"Apr 27, 2021",1.0,No
CUST-11385,Male,Yes,No,No,15.760573552655512,Yes,No phone service,No,No,Yes,No internet service,One year,No,Mailed check,32.67,515.47,2021-04-28,4.0,No
CUST-11386,Female,1,No,No,1.0898618042056234,Yes,Yes,fiber optic,No,No,No,Two year,No,Mailed check,25.88,21.72,2021-04-29,3.0,No
CUST-11387,Male,0,No,No,40.82838584218857,Yes,No,Fiber optic,No,Yes,Yes,One year,Yes,Bank transfer (automatic),72.66,2972.73,2021-04-30,4.0,Yes
CUST-11388,Fe-male,0,Yes,No,72.0,Yes,No,Fiber optic,No,No,Yes,Month-to-month,Yes,Bank transfer (automatic),120.0,8655.08,"May 01, 2021",3.0,Yes
CUST-11389,Female,0,No,Yes,12.53656701999995,Yes,Yes,DSL,No,No,Yes,Two year,Yes,Electronic check,88.57,1124.83,2021-05-02,1.0,Yes
CUST-11390,Male,1,Yes,Yes,0.2645807256920326,Yes,Yes,DSL,Yes,No,No,Month-to-month,Yes,Electronic check,30.85,2.64,2021-05-03,3.0,
CUST-11391,Male,0,Yes,No,4.465914660670772,Yes,Yes,DSL,No,No,Yes,Month-to-month,,Credit card (automatic),43.87,189.74,2021/05/04 00:05,3.0,No
CUST-11392,Male,0,No,,25.369631112312497,Yes,no,DSL,No,Yes,No,Month-to-month,Yes,Electronic check,49.72,1262.8,2021-05-04,4.0,Yes
CUST-11393,Female,0,No,No,22.726905326823623,Yes,No,Fiber optic,No,No internet service,No,Month-to-month,Yes,Bank transfer (automatic),76.38,1724.13,2021-05-05,3.0,Yes
CUST-11394,Male,1,,Yes,37.21274622375615,Yes,Yes,DSL,No,No,Yes,Month-to-month,N,Credit card (automatic),111.84,4166.62,"May 06, 2021",3.0,Yes
CUST-11395,Female,1,Yes,Yes,7.02898102989377,No,No,Fiber optic,No,No internet service,No,Month-to-month,No,Electronic check,50.68,350.54,2021-05-07,4.0,No
CUST-11396,Male,0,No,No,34.616760218615,Yes,No,Fiber optic,No,No,Yes,month-to-month,No,Bank transfer (automatic),110.86,,2021-05-08,4.0,Yes
CUST-11397,Male,1,Yes,No,27.952821106052113,Yes,No,Fiber optic,Yes,,No internet service,Two year,No,Electronic check,120.0,3347.18,2021/05/09 06:16,,Yes
CUST-11398,Female,0,Yes,Yes,9.355440894519308,Yes,Yes,Fiber optic,No internet service,No,Yes,Month-to-month,No,electronic check,54.2,517.27,2021-05-10,3.0,Yes
CUST-11399,Female,1,No,yes,18.924750931733463,Yes,No,DSL,Yes,,Yes,Month-to-month,No,Electronic check,53.43, ,2021-05-11,4.0,No
CUST-11400,Male,0,No,No,3.8236026658279565,Yes,Yes,fiber optic,No,Yes,Yes,Month-to-month,Yes,Mailed check, 53.9 ,219.16,2021-05-11,2.0,Yes
CUST-11401,Male,0,No,No,14.460255329432847,No,Yes,DSL,Yes,No,,Month-to-month,Yes,Bank transfer (automatic),$66.57,960.9,2021-05-12,4.0,No
CUST-11402,Male,1,Yes,No,51.126995471797315,Yes,No phone service,No,No,No internet service,No,Month-to-month,Yes,Credit card (automatic),53.95,2766.1,2021-05-13,4.0,No
CUST-11403,Female,0,No,No,13.12280138765308,Yes,Yes,DSL,No,Yes,No,Month-to-month,Yes,Electronic check,91.23,1183.13,2021-05-14,4.0,No
CUST-11404,Female,1,Yes,No,43.91704894737381,No,No,Fiber optic,No,No,Yes,One year,Yes,Mailed check,18.24,800.7,2021-05-15,1.0,No
CUST-11405,Female,0,No,No,21.413190584407204,Yes,No,DSL,No,No internet service,No,One year,No,Electronic check,48.66,1060.4,16/05/2021,,No
CUST-11406,Female,0,Yes,No,5.112975583355983,Yes,Yes,DSL,Yes,No,Yes,Month-to-month,Yes,Electronic check,74.58,369.58,2021-05-17,0.0,Yes
CUST-11407,Female,0,Yes,No,20.883311004280902,Yes,Yes,Fiber optic,Yes,Yes,,Two year,Yes,Credit card (automatic),90.8,1902.8,2021-05-18,3.0,Yes
CUST-11408,Female,0,No,No,16.92446437723198,Yes,Yes,Fiber optic,No,No,No internet service,Two year,No,Electronic check,,2033.55,2021-05-18,3.0,No
CUST-11409,Female,0,yes,,12.205529817840656,Yes,Yes,DSL,No internet service,Yes,No,Month-to-month,No,Credit card (automatic),26.03,311.86,2021-05-19,5.0,No
CUST-11410,Male,0,Yes,No,3.057924109703305,No,Yes,Fiber optic,No,No internet service,,Month-to-month,No,Credit card (automatic),45.14,138.52,"May 20, 2021",3.0,Yes
CUST-11411,Male,0,Yes,No,12.937643963787435,Yes,Yes,DSL,Yes,Yes,Yes,Two year,No,Credit card (automatic),18.0,233.35,2021-05-21,3.0,No
CUST-11412,Male,0,No,No,1.813089838889732,Yes,No phone service,Fiber optic,No,Yes,Yes,One year,N,Bank transfer (automatic),31.4,37.69,2021-05-22,4.0,Yes
CUST-11413,Male,nan,Yes,Yes,2.4958495072250937,Yes,No phone service,No,No,Yes,Yes,Month-to-month,No,Mailed check,18.0,36.5,2021-05-23,4.0,Yes
CUST-11414,Female,No,Yes,Yes,12.905073199344475,Yes,No,No,No,No,Yes,One year,No,Mailed check,49.06,628.71,2021-05-24,3.0,Yes
CUST-11415,FEMALE,0,Yes,No,8.745419496815064,Yes,No,Fiber optic,No internet service,,,Month-to-month,No,electronic check,57.85,520.16,2021-05-25,3.0,Yes
CUST-11416,Male,1,Yes,No,62.3412314083849,Yes,No,DSL,No,Yes,Yes,One year,No,Credit card (automatic),78.78,4933.8,2021-05-25,3.0,Yes
CUST-11417,Male,0,No,No,11.307205343544332,Yes,,DSL,Yes,Yes,No internet service,Month-to-month,No,Mailed check,55.74,616.27,26/05/2021,5.0,No
CUST-11418,Female,0,No,No,34.03755485247966,Yes,Yes,fiber optic,Yes,No,No internet service,Month-to-month,Yes,Credit card (automatic), 78.8 ,2690.12,27/05/2021,5.0,No
CUST-11419,FEMALE,1,No,No,18.133184996421473,Yes,Yes,DSL,No,No internet service,Yes,Two year,Yes,Credit card (automatic),68.12,1220.39,"May 28, 2021",4.0,No
CUST-11420,Male,Yes,,No,29.224446903297938,Yes,No,No,No,No,Yes,One year,No,Credit card (automatic),33.7,,"May 29, 2021",3.0,No
CUST-11421,Female,0,No,Yes,7.230284132940994,Yes,No,Fiber optic,Yes,No,Yes,Month-to-month,No,Bank transfer (automatic),18.0,149.57,2021-05-30,4.0,No
CUST-11422,Male,1,Yes,No,,Yes,No,,,No,Yes,Month-to-month,No,Credit card (automatic),82.21, ,31/05/2021,3.0,Yes
CUST-11423,Male,0,Yes,No,18.12506143954444,Yes,Yes,Fiber optic,No,Yes,No,Month-to-month,Yes,Credit card (automatic),114.1,2065.84,2021-06-01,4.0,Yes
CUST-11424,,nan,Yes,Yes,42.71462367700568,Yes,No,Fiber optic,No,No,No,Month-to-month,Yes,Electronic check,120.0,5129.85,2021-06-01,3.0,Yes
CUST-11425,Fe-male,0,Yes,No,10.900853781807912,Yes,No,Fiber optic,Yes,No,No,Month-to-month,Yes,electronic check,92.76,1002.33,2021-06-02,3.0,Yes
CUST-11426,Male,0,yes,No,2.534289012326492,Yes,Yes,dsl,No internet service,No internet service,No internet service,One year,No,Mailed check,108.43,263.04,2021-06-03,3.0,Yes
CUST-11427,  Male ,0,No,Yes,26.87937053701543,Yes,Yes,dsl,No internet service,No internet service,Yes,Month-to-month,No,Mailed check,78.54,2125.14,2021-06-04,4.0,Yes
CUST-11428,Female,0,Yes,Yes,0.1869578654953621,Yes,No,Fiber optic,Yes,No,Yes,One year,Yes,Credit card (automatic),-73.76,0.03,2021-06-05,5.0,Yes
CUST-11429,Female,0,No,,15.477965346232125,Yes,Yes,Fiber optic,No internet service,No,No internet service,Two year,No,Bank transfer (automatic),68.03,1076.34,2021/06/06 07:19,2.0,Yes
CUST-11430,Female,Yes,No,No,5.140468009548454,Yes,Yes,Fiber optic,No,No,Yes,Month-to-month,Yes,Credit card (automatic),61.53,,"Jun 07, 2021",3.0,Yes
CUST-11431,Female,0,yes,Yes,23.69241793726647,Yes,Yes,Fiber optic,No,Yes,Yes,One year,Yes,Mailed check,82.91,1967.41,2021-06-08,3.0,No
CUST-11432,Female,0,No,Yes,72.0,Yes,No,No,No internet service,No,No internet service,1-Year,Yes,Mailed check,49.08,3546.58,2021-06-08,3.0,no
CUST-11433,Female,0,No,No,14.984954195263748,Yes,No,Fiber optic,No,No,No internet service,Month-to-month,No,Electronic check,60.28,909.75,2021-06-09,,No
CUST-11434,Male,0,No,No,40.82389326530892,Yes,No,Fiber optic,No internet service,No internet service,No internet service,Two year,No,Mailed check,29.36,,2021-06-10,3.0,No
CUST-11435,Male,0,No,No,17.012112342188953,Yes,yes,Fiber optic,No internet service,Yes,Yes,One year,Yes,Bank transfer (automatic),78.95,1348.45,2021-06-11,4.0,Yes
CUST-11436,Male,0,No,Yes,16.436679904030136,Yes,No,Fiber optic,,No,No,One year,Yes,Electronic check,35.93,,12/06/2021,4.0,No
CUST-11437,Female,0,Yes,No,63.96787954308532,Yes,,No,Yes,No,Yes,Month-to-month,No,Mailed check,65.71,4193.97,2021-06-13,1.0,Yes
CUST-11438,Male,0,Yes,No,52.96715225272334,Yes,No,Fiber optic,No,Yes,,Two year,Yes,Electronic check,79.71,4234.67,2021-06-14,4.0,No
CUST-11439,Female,0,No,No,36.98033502520222,Yes,No,DSL,No,No,Yes,Month-to-month,,Credit card (automatic),,3031.95,INVALID_DATE,4.0,No
CUST-11440,Fe-male,1,Yes,No,8.432166594954401,Yes,No,Fiber optic,No,No internet service,Yes,Two year,No,Electronic check,87.85,754.2,2021-06-15,4.0,Yes
CUST-11441,Male,1,Yes,No,18.89943255117154,Yes,No phone service,DSL,No,No internet service,No internet service,Two year,Yes,Bank transfer (automatic),58.3,1093.22,2021-06-16,1.0,Yes
CUST-11442,Female,0,No,No,6.083288070241506,Yes,Yes,Fiber optic,Yes,No,,One year,Yes,Mailed check,79.28,476.32,2021-06-17,2.0,Yes
CUST-11443,Male,0,Yes,yes,14.084092135120688,Yes,Yes,No,No internet service,Yes,No,Month-to-month,Yes,Electronic check,50.1,719.86,2021-06-18,4.0,No
CUST-11444,Female,0,No,No,15.889476405932957,No,Yes,Fiber optic,,No internet service,Yes,Month-to-month,Yes,Credit card (automatic),18.0,,"Jun 19, 2021",3.0,No
CUST-11445,Male,0,No,No,42.7596233681205,Yes,Yes,No,No,No,No,Month-to-month,No,Mailed check,80.61,3425.08,2021-06-20,5.0,yes
CUST-11446,Female,0,NO,No,54.32729185323812,No,Yes,DSL,Yes,No,No internet service,Two year,Yes,Bank transfer (automatic),73.65,4001.06,2021-06-21,3.0,No
CUST-11447,Female,0,No,yes,12.85186023775482,Yes,,No,Yes,Yes,No,Month-to-month,No,Bank transfer (automatic),95.1,1219.56,2021-06-22,1.0,Yes
CUST-11448,  Male ,0,Yes,Yes,0.4287130435266088,Yes,No,Fiber optic,Yes,Yes,Yes,Month-to-month,No,Bank transfer (automatic),63.94,17.26,"Jun 22, 2021",4.0,Yes
CUST-11449,Female,0,No,No,47.4927382357231,Yes,Yes,DSL,No,Yes,Yes,Month-to-month,,Bank transfer (automatic),18.0,863.5,2021-06-23,3.0,Yes
CUST-11450,Female,0,No,Yes,,Yes,Yes,Fiber optic,No internet service,No,No internet service,Two year,Yes,Credit card (automatic),61.95, ,2021-06-24,3.0,No
CUST-11451,Female,1,,No,23.34117281440413,Yes,yes,fiber optic,Yes,Yes,No,Month-to-month,No,Bank transfer (automatic),-91.3,2132.82,"Jun 25, 2021",1.0,No
CUST-11452,Female,nan,Yes,Yes,0.6069111053059388,No,Yes,DSL,No,Yes,No,,No,Mailed check,,60.72,26/06/2021,2.0,Yes
CUST-11453,Female,0,Yes,No,12.24008209524596,Yes,,Fiber optic,No,No,Yes,Two year,Yes,Electronic check,60.3,746.84,27/06/2021,2.0,Yes
CUST-11454,Male,0,No,No,72.0,Yes,Yes,No,Yes,No,No,Two year,Yes,Credit card (automatic),18.0,1306.03,2021-06-28,3.0,No
CUST-11455,FEMALE,0,Yes,No,2.547155536034492,Yes,No,DSL,No,Yes,,Month-to-month,No,electronic check,33.92,82.68,2021-06-29,4.0,Yes
CUST-11456,Female,Yes,No,No,13.226760909828283,No,No,Fiber optic,No,Yes,Yes,Month-to-month,Yes,Mailed check,,,2021/06/29 23:11,2.0,Yes
CUST-11457,Female,0,Yes,No,8.80660035710121,Yes,Yes,Fiber optic,No internet service,Yes,No,Month-to-month,Yes,Electronic check,18.0,152.63,2021-06-30,4.0,No
CUST-11458,Male,0,Yes,No,56.51535437989408,Yes,Yes,Fiber optic,No,No,Yes,Month-to-month,No,Electronic check,55.15,3102.58,2021-07-01,5.0,No
CUST-11459,Female,0,Yes,No,48.84378181040653,Yes,No phone service,Fiber optic,No,Yes,Yes,One year,Yes,Bank transfer (automatic),65.85,3206.4,2021-07-02,4.0,No
CUST-11460,Male,0,Yes,Yes,6.513923369634627,Yes,No,DSL,No,No,No internet service,Month-to-month,Yes,Electronic check,99.2,654.58,2021-07-03,4.0,Yes
CUST-11461,Female,0,No,No,2.0321643833421987,Yes,No,Fiber optic,Yes,Yes,No internet service,Month-to-month,No,Credit card (automatic),83.13,154.36,2021-07-04,2.0,No
CUST-11462,Male,0,yes,No,23.67715098819179,Yes,Yes,DSL,Yes,Yes,No,One year,No,Credit card (automatic),93.58,2219.65,2021-07-05,1.0,Yes
CUST-11463,Female,0,Yes,Yes,9.840685745213227,Yes,No,DSL,No,No,Yes,Month-to-month,Yes,electronic check,73.76,721.91,2021-07-06,3.0,Yes
CUST-11464,,0,No,No,26.75997581125103,Yes,Yes,Fiber optic,Yes,Yes,Yes,Month-to-month,No,Electronic check,39.34,,2021-07-06,4.0,No
CUST-11465,Male,1,Yes,No,0.7835259433193889,Yes,No,Fiber optic,No,Yes,No internet service,Month-to-month,No,electronic check,46.29,35.62,2021-07-07,4.0,No
CUST-11466,,0,No,No,,Yes,No,DSL,No,No,Yes,One year,No,Credit card (automatic),36.72, ,2021-07-08,0.0,No
CUST-11467,Male,0,Yes,No,27.82916282330504,No,no,No,No,No,No internet service,One year,No,Electronic check,82.42,2280.66,2021-07-09,4.0,No
CUST-11468,Female,0,yes,No,5.729464188828619,No,No,No,Yes,No,Yes,One year,Yes,Mailed check,-43.88,271.57,2021-07-10,3.0,No
CUST-11469,Female,0,No,Yes,46.776689691284524,Yes,No,No,No,Yes,No internet service,Month-to-month,No,Bank transfer (automatic),52.88,2482.67,2021-07-11,4.0,No
CUST-11470,Female,nan,No,Yes,1.4490592932682462,Yes,No phone service,Fiber optic,No,No internet service,No internet service,Month-to-month,Yes,electronic check,65.37,75.1,2021-07-12,2.0,Yes
CUST-11471,Female,0,No,No,5.824457773894214,Yes,No,No,No,No internet service,Yes,Two year,,Electronic check,113.94,657.23,2021-07-13,4.0,Yes
CUST-11472,Female,0,No,Yes,72.0,Yes,Yes,No,No,No internet service,No internet service,One year,Yes,Electronic check,84.41,6077.13,2021-07-13,3.0,No
CUST-11473,Male,1,NO,Yes,13.62072489581885,Yes,No,Fiber optic,No,No,Yes,One year,Yes,Mailed check,41.51,568.72,2021-07-14,2.0,No
CUST-11474,Male,0,No,No,29.13378086162576,Yes,Yes,DSL,Yes,No internet service,Yes,One year,Yes,electronic check,69.26,2018.01,2021/07/15 17:46,2.0,No
CUST-11475,Female,1,yes,No,4.840892261910973,Yes,No phone service,DSL,Yes,Yes,No,Month-to-month,Yes,Credit Card,114.24,550.33,2021-07-16,,Yes
CUST-11476,Female,0,No,No,22.590528468662495,Yes,Yes,Fiber optic,Yes,Yes,No,Two year,Yes,Electronic check,83.16,1876.56,17/07/2021,4.0,Yes
CUST-11477,Female,0,Yes,No,31.080344601074472,Yes,Yes,fiber optic,Yes,Yes,Yes,Two year,No,Electronic check,18.0,545.73,2021-07-18,2.0,No
CUST-11478,Female,0,No,No,9.061744733156985,Yes,,Fiber optic,No internet service,No internet service,No,One year,No,Credit card (automatic),37.24,358.42,2021-07-19,2.0,No
CUST-11479,Male,0,Yes,No,42.37176525761615,Yes,Yes,Fiber optic,No,No,Yes,Two year,Yes,Bank transfer (automatic),34.94,1484.83,2021-07-20,3.0,No
CUST-11480,Female,1,No,No,22.196913283303367,Yes,No,DSL,No,No internet service,Yes,Month-to-month,Yes,Credit Card,107.92,2389.18,2021-07-20,1.0,Yes
CUST-11481,Male,1,No,No,11.828631963472057,Yes,No,DSL,No,Yes,No,One year,No,Credit card (automatic),102.39,1195.61,2021-07-21,1.0,Yes
CUST-11482,Female,0,No,No,,Yes,Yes,Fiber optic,Yes,No internet service,No,1-Year,Yes,Electronic check,45.95, ,2021-07-22,4.0,Yes
CUST-11483,Male,0,Yes,No,20.63562929296242,Yes,No,fiber optic,Yes,No internet service,No,Month-to-month,Yes,Credit card (automatic),,938.42,23/07/2021,4.0,Yes
CUST-11484,Male,1,Yes,Yes,4.343155891161265,Yes,No,Fiber optic,No internet service,No internet service,No,Month-to-month,Yes,Electronic check,66.04,294.21,2021-07-24,,Yes
CUST-11485,Male,Yes,No,No,12.369359384690549,Yes,No,No,No internet service,No,No internet service,Two year,Yes,Credit card (automatic),66.94,819.89,2021-07-25,1.0,Yes
CUST-11486,Male,0,NO,No,10.097444651270774,Yes,No,DSL,No,No internet service,No,Month-to-month,Yes,Bank transfer (automatic),35.83,361.6,2021-07-26,5.0,No
CUST-11487,Female,0,Yes,yes,12.295951064427204,Yes,Yes,Fiber optic,No,No internet service,Yes,Two year,No,electronic check,57.23,715.72,2021-07-27,3.0,No
CUST-11488,Male,0,Yes,No,34.362109139109876,Yes,No,Fiber optic,No,No,No,Month-to-month,Yes,electronic check,21.09,742.63,2021-07-28,3.0,No
CUST-11489,Male,0,No,No,15.811679374170208,Yes,No phone service,No,No,No,No,One year,No,Electronic check,102.87,1611.18,2021-07-28,2.0,Yes
CUST-11490,Male,0,No,Yes,67.64865284921318,Yes,Yes,DSL,Yes,No,No,Month-to-month,Yes,Electronic check,18.0,1202.8,2021-07-29,,No
CUST-11491,Male,0,Yes,Yes,8.344363403387252,Yes,No phone service,DSL,Yes,No,No,Month-to-month,Yes,Mailed check,$18.00,138.86,2021/07/30 15:19,,No
CUST-11492,Male,1,Yes,No,12.896324483875208,No,yes,DSL,No,No,Yes,Two year,Yes,Credit card (automatic),77.75,1013.29,2021-07-31,5.0,Yes
CUST-11493,Male,0,Yes,No,37.110248786958564,Yes,No,fiber optic,Yes,Yes,Yes,Two year,No,Credit card (automatic),27.59,1038.77,2021-08-01,1.0,Yes
CUST-11494,Female,0,NO,Yes,18.95309406523382,Yes,Yes,DSL,No,No,No,Month-to-month,Yes,electronic check,49.67,951.81,2021-08-02,5.0,No
CUST-11495,Female,0,Yes,No,19.00620693160233,No,No,DSL,No,Yes,Yes,Month-to-month,Yes,Bank transfer (automatic),66.6,1259.58,2021-08-03,4.0,Yes
CUST-11496,Female,0,Yes,Yes,1.3155708231147478,Yes,No phone service,Fiber optic,No,No,No,Two year,Yes,Electronic check,-84.96,125.01,04/08/2021,2.0,Yes
CUST-11497,Female,0,Yes,,12.203866742413338,Yes,No,Fiber optic,Yes,Yes,No,Two year,Yes,Electronic check,58.07,700.43,2021-08-04,2.0,Yes
CUST-11498,Male,0,Yes,Yes,7.577192717061318,Yes,No,No,No,No internet service,No,One year,Yes,Electronic check,118.08,899.02,2021-08-05,4.0,Yes
CUST-11499,Female,0,No,yes,72.0,Yes,Yes,fiber optic,No,Yes,No,One year,Yes,Bank transfer (automatic),,4652.28,"Aug 06, 2021",4.0,No
CUST-11500,Female,0,Yes,No,8.848381509588178,Yes,Yes,Fiber optic,Yes,No internet service,Yes,Month-to-month,Yes,Credit card (automatic),100.42,885.19,2021-08-07,5.0,Yes
CUST-11501,Female,1,Yes,No,51.802913944454446,Yes,No phone service,No,Yes,No internet service,,Two year,N,Mailed check,73.06,3777.22,2021-08-08,3.0,No
CUST-11502,Male,1,No,No,27.065602271355033,Yes,No,Fiber optic,No,No,No,Two year,Yes,Credit card (automatic),120.0,3251.28,INVALID_DATE,3.0,Yes
CUST-11503,Male,0,Yes,No,10.0057177822854,Yes,No,DSL,Yes,Yes,No,One year,No,Mailed check,96.45,973.11,2021-08-10,4.0,No
CUST-11504,Male,0,Yes,No,18.821805369097376,Yes,No,No,No internet service,Yes,Yes,One year,Yes,Electronic check,66.0,1243.09,11/08/2021,4.0,no
CUST-11505,Male,0,No,No,44.062472033337706,Yes,No,Fiber optic,No,No,Yes,One year,Yes,Mailed check,$83.56,3677.36,2021/08/11 21:46,2.0,No
CUST-11506,Female,0,No,No,51.56961973182831,Yes,,Fiber optic,No,Yes,No,Two year,N,Mailed check,56.88,2944.69,2021-08-12,4.0,No
CUST-11507,Female,0,No,No,4.19573750229707,No,No,Fiber optic,No,No,Yes,Two year,No,Credit card (automatic),56.57,,"Aug 13, 2021",3.0,No
CUST-11508,Female,0,No,No,9.956853534547948,Yes,Yes,Fiber optic,No,No internet service,Yes,Two year,No,Mailed check,25.6,265.38,2021-08-14,3.0,Yes
CUST-11509,Female,0,No,No,9.799293695986055,Yes,Yes,DSL,Yes,Yes,Yes,One year,No,Electronic check,40.45,378.46,"Aug 15, 2021",1.0,Yes
CUST-11510,Female,0,Yes,Yes,1.030902290407826,Yes,Yes,Fiber optic,Yes,No,No,One year,,Credit card (automatic),120.0,128.74,2021-08-16,3.0,Yes
CUST-11511,Female,0,No,No,21.885475386043908,Yes,No,No,No,,No,Two year,No,, 28.6 ,620.05,INVALID_DATE,1.0,No
CUST-11512,  Male ,0,No,Yes,46.3147510112582,Yes,Yes,Fiber optic,Yes,No internet service,No,Month-to-month,Yes,Bank transfer (automatic),45.04,2099.08,2021-08-18,5.0,No
CUST-11513,Male,0,No,Yes,11.533880777413582,Yes,Yes,DSL,Yes,No internet service,No internet service,Month-to-month,Yes,Electronic check,61.89,717.57,2021-08-18,4.0,Yes
CUST-11514,Male,0,No,Yes,32.333085779115734,Yes,No,fiber optic,Yes,No internet service,Yes,One year,No,Electronic check,62.89,2044.71,19/08/2021,,No
CUST-11515,Male,0,Yes,Yes,23.713353816914747,Yes,No,DSL,Yes,No,No,Two year,No,Electronic check,$76.21,1803.39,2021-08-20,2.0,Yes
CUST-11516,Female,0,No,Yes,,,yes,DSL,No,No internet service,Yes,Month-to-month,No,Electronic check,50.63, ,2021-08-21,4.0,No
CUST-11517,male,1,No,No,3.649343391899011,Yes,Yes,DSL,No internet service,No internet service,No,Month-to-month,Yes,Credit card (automatic),78.06,270.14,2021-08-22,99.0,No
CUST-11518,Male,0,,Yes,29.653092664241615,Yes,No,DSL,No,No,No,Month-to-month,Y,Electronic check,98.97,2941.58,2021-08-23,2.0,Yes
CUST-11519,FEMALE,0,Yes,No,46.27265254102946,Yes,Yes,Fiber optic,No,No,Yes,Month-to-month,Yes,Mailed check,102.7,$4744.64,2021-08-24,1.0,No
CUST-11520,Male,0,Yes,Yes,27.789576009966098,Yes,No,Fiber optic,No internet service,No,No,Month-to-month,No,Bank transfer (automatic),56.67,1574.78,"Aug 25, 2021",4.0,No
CUST-11521,FEMALE,0,Yes,No,0.4329656385083584,Yes,No,No,Yes,No,No internet service,One year,Yes,Credit card (automatic),83.04,36.86,2021-08-25,3.0,Yes
CUST-11522,Male,0,No,No,5.847440686433464,Yes,No,,Yes,Yes,Yes,Two year,N,Electronic check,30.32,169.52,2021-08-26,2.0,No
CUST-11523,Male,1,Yes,No,1.7282806335626533,Yes,No,No,No,No,No,One year,No,Mailed check,43.05,75.96,27/08/2021,,No
CUST-11524,Female,0,Yes,No,20.276841111475417,Yes,Yes,Fiber optic,No,No,No internet service,Month-to-month,No,Electronic check,29.49,607.33,2021-08-28,4.0,No
CUST-11525,Male,1,,No,145.0,Yes,Yes,Fiber optic,No,No,No,Two year,Y,Electronic check,63.33,9182.87,2021-08-29,3.0,No
CUST-11526,Male,0,Yes,No,2.8124352020930905,No,Yes,No,Yes,Yes,No,One year,No,Electronic check,-38.92,118.65,2021-08-30,1.0,Yes
CUST-11527,Male,0,No,Yes,43.73391440029726,Yes,No,Fiber optic,Yes,No internet service,No internet service,Month-to-month,Yes,Bank transfer (automatic),19.08,830.64,2021-08-31,2.0,No
CUST-11528,Female,1,Yes,,19.45981015433176,No,Yes,No,No,Yes,Yes,Month-to-month,No,Electronic check,53.12,1044.44,2021-09-01,2.0,No
CUST-11529,Female,0,No,No,28.10599261597322,,No,Fiber optic,No internet service,Yes,Yes,Two year,No,Mailed check,18.0,510.15,2021-09-01,3.0,Yes
CUST-11530,Male,0,No,No,72.0,Yes,No,Fiber optic,No,No,No,Two year,Yes,Electronic check,104.52,7515.57,2021-09-02,3.0,No
CUST-11531,Female,0,No,No,2.097377012002469,Yes,Yes,Fiber optic,Yes,No,No,One year,Yes,electronic check,47.97,104.66,2021-09-03,1.0,Yes
CUST-11532,Female,0,yes,No,55.557620432206726,Yes,No,Fiber optic,No,Yes,Yes,Month-to-month,Yes,Bank transfer (automatic),94.26, ,2021-09-04,0.0,Yes
CUST-11533,Male,nan,Yes,No,3.2350178726438177,Yes,No,Fiber optic,No,No,Yes,Two year,No,Credit card (automatic),49.94,149.84,2021-09-05,3.0,Yes
CUST-11534,Male,0,Yes,No,11.979807032755101,Yes,No,Fiber optic,Yes,No internet service,No,Month-to-month,No,Electronic check,28.85,342.11,INVALID_DATE,1.0,Yes
CUST-11535,Male,nan,Yes,No,45.762182078561736,Yes,No,Fiber optic,No,No,No internet service,Two year,Yes,Credit card (automatic),99.97, ,2021-09-07,4.0,No
CUST-11536,Male,nan,No,Yes,56.81205136856146,Yes,Yes,No,No,No,No,One year,No,Mailed check,67.36,3819.59,2021-09-08,1.0,Yes
CUST-11537,Female,1,No,No,16.943338093637767,Yes,,dsl,No internet service,Yes,No internet service,Month-to-month,No,Electronic check,120.0,2044.01,2021-09-08,4.0,No
CUST-11538,Male,0,Yes,No,21.639837176180365,Yes,Yes,DSL,No,No,,Month-to-month,No,Credit card (automatic),50.7,1097.55,2021-09-09,4.0,No
CUST-11539,Female,0,No,Yes,29.556148190289882,Yes,Yes,DSL,No,No internet service,No internet service,Month-to-month,No,Credit card (automatic),51.35,1505.49,2021-09-10,,Yes
CUST-11540,Female,0,Yes,Yes,42.91961785513612,Yes,Yes,Fiber optic,No,No,No,Month-to-month,No,,94.84,4075.96,2021-09-11,3.0,no
CUST-11541,Male,0,No,No,3.109250058345666,Yes,Yes,Fiber optic,Yes,No internet service,No,Month-to-month,Yes,Credit card (automatic),95.05,277.79,2021-09-12,2.0,Yes
CUST-11542,Female,0,NO,,39.86630528457468,Yes,No phone service,DSL,No internet service,No,Yes,One year,No,Electronic check,69.3,2769.43,2021-09-13,1.0,No
CUST-11543,Male,0,Yes,Yes,15.753206863984575,Yes,Yes,Fiber optic,No,No,No,One year,Y,Mailed check,120.0, ,2021-09-14,1.0,Yes
CUST-11544,Fe-male,0,No,No,14.375307452388029,Yes,No,No,Yes,No internet service,Yes,One year,Yes,Mailed check,$56.28,798.11,2021-09-15,4.0,No
CUST-11545,Female,0,Yes,Yes,13.2353662021887,No,Yes,No,No,No internet service,Yes,One year,N,Electronic check,26.62,340.8,2021-09-15,4.0,No
CUST-11546,Female,0,No,No,17.0818121098744,Yes,No phone service,Fiber optic,No,No internet service,No,Two year,Yes,Credit card (automatic),34.62,574.16,2021-09-16,,Yes
CUST-11547,Female,0,No,No,69.63220005740696,Yes,Yes,Fiber optic,,No,No,Two year,Yes,Mailed check,56.46,3931.99,2021-09-17,3.0,No
CUST-11548,Male,0,Yes,no,19.068576613520126,Yes,Yes,Fiber optic,No internet service,No internet service,No,Month-to-month,No,Credit card (automatic),110.26,2109.11,18/09/2021,4.0,No
CUST-11549,Female,0,Yes,No,72.0,Yes,,DSL,Yes,No,No,One year,No,Bank transfer (automatic),59.11,$4262.38,2021-09-19,1.0,Yes
CUST-11550,  Male ,Yes,Yes,No,4.771315659746037,Yes,Yes,Fiber optic,No,No internet service,Yes,Month-to-month,No,Mailed check,111.68, ,2021-09-20,5.0,No
CUST-11551,Female,0,No,No,30.90833307839936,Yes,No,DSL,No,Yes,No,Month-to-month,Yes,Electronic check,77.73,2419.02,2021-09-21,1.0,No
CUST-11552,Female,1,No,Yes,40.14211848231743,Yes,Yes,Fiber optic,Yes,No,No internet service,One year,No,Electronic check,97.2,3906.72,2021-09-22,4.0,Yes
CUST-11553,male,0,Yes,No,,Yes,No,DSL,No,No internet service,No internet service,Month-to-month,No,Credit card (automatic),76.32, ,2021-09-22,3.0,Yes
CUST-11554,Male,1,No,No,22.409950234249038,Yes,No,Fiber optic,No,Yes,Yes,Two year,Yes,,76.08,1694.8,2021-09-23,2.0,Yes
CUST-11555,Male,0,No,no,19.967494852231393,Yes,No,Fiber optic,Yes,No,No,Month-to-month,No,Mailed check,87.28,1717.98,2021-09-24,4.0,Yes
CUST-11556,Female,1,Yes,No,47.346752292943556,Yes,No,Fiber optic,No,No internet service,No internet service,Month-to-month,No,Credit card (automatic),47.7,2252.53,2021/09/25 14:26,5.0,No
CUST-11557,Male,0,Yes,Yes,41.37571890772374,Yes,Yes,DSL,No,Yes,Yes,Two year,Yes,Bank transfer (automatic),48.03,1974.83,2021-09-26,4.0,No
CUST-11558,Female,0,No,Yes,3.1305018969614684,Yes,Yes,DSL,Yes,No,Yes,Month-to-month,Yes,electronic check,75.19,229.01,27/09/2021,3.0,Yes
CUST-11559,male,nan,NO,Yes,45.305961977908545,Yes,Yes,Fiber optic,No,No,Yes,Month-to-month,Yes,Electronic check,120.0,5437.69,2021-09-28,3.0,Yes
CUST-11560,Male,0,Yes,yes,12.829262262788783,Yes,No phone service,DSL,No,No,No,Month-to-month,No,Bank transfer (automatic),18.48,219.27,"Sep 29, 2021",2.0,Yes
CUST-11561,Male,0,Yes,No,7.022960813438479,Yes,No phone service,DSL,Yes,Yes,No,,Yes,Mailed check,18.0,,2021-09-29,4.0,Yes
CUST-11562,Female,1,Yes,No,48.92261196575123,Yes,No,Fiber optic,No internet service,Yes,Yes,Month-to-month,Yes,Bank transfer (automatic),56.79,2766.43,2021-09-30,1.0,No
CUST-11563,Male,0,No,No,13.576260540988297,Yes,No,Fiber optic,Yes,Yes,No,One year,Yes,Electronic check,95.63,1305.3,2021-10-01,5.0,Yes
CUST-11564,Female,0,Yes,No,39.65186738782821,Yes,No,DSL,Yes,Yes,Yes,Two year,Yes,Mailed check,66.24,2639.54,"Oct 02, 2021",4.0,No
CUST-11565,Male,0,Yes,No,7.337164284826466,,No,Fiber optic,Yes,Yes,No,One year,Yes,Bank transfer (automatic),29.62,227.07,2021-10-03,3.0,No
CUST-11566,Female,0,No,Yes,0.09448947570625443,Yes,Yes,fiber optic,No,No,No,Two year,Yes,Electronic check,-67.07,-8.66,2021-10-04,4.0,Yes
CUST-11567,Male,nan,No,No,16.41855734979454,Yes,Yes,fiber optic,No,No,No,Month-to-month,Yes,Credit card (automatic),18.0,291.14,INVALID_DATE,4.0,No
CUST-11568,Female,0,Yes,Yes,2.534739991596684,Yes,Yes,DSL,No,No internet service,Yes,2-Year,Yes,Bank transfer (automatic),83.57,196.49,2021-10-06,3.0,No
CUST-11569,Female,1,Yes,Yes,33.69487647705426,Yes,No,No,No,Yes,No,Two year,Y,Credit card (automatic),55.43,1871.94,2021-10-06,3.0,No
CUST-11570,Female,0,No,No,7.753624105997754,Yes,Yes,Fiber optic,No internet service,No,No,Month-to-month,Yes,Mailed check,62.24,484.06,2021-10-07,2.0,Yes
CUST-11571,Male,0,Yes,No,14.072396675638686,Yes,Yes,dsl,Yes,No,No,Month-to-month,No,Electronic check,77.52,1100.62,2021-10-08,3.0,No
CUST-11572,Female,0,Yes,No,2.1853479019331354,Yes,No,Fiber optic,No,No internet service,No,month-to-month,No,Mailed check,70.87,156.7,"Oct 09, 2021",1.0,Yes
CUST-11573,Female,0,No,No,8.107105447569896,Yes,No,No,Yes,No,No,One year,Yes,Electronic check,48.46,388.99,2021-10-10,4.0,Yes
CUST-11574,Male,0,Yes,No,36.502190691949764,Yes,No,Fiber optic,Yes,No internet service,Yes,One year,Yes,Bank transfer (automatic),95.71,3480.36,2021-10-11,2.0,No
CUST-11575,Male,0,No,No,3.9453313987619962,,No,Fiber optic,No,Yes,Yes,Two year,,Electronic check,,340.81,2021-10-12,5.0,No
CUST-11576,Male,0,yes,No,25.001744130291815,Yes,No,No,Yes,No,Yes,One year,No,Mailed check,18.0,459.71,2021-10-13,4.0,No
CUST-11577,Female,0,Yes,No,59.85740724945866,Yes,No,DSL,Yes,No,No,Month-to-month,Yes,Electronic check,57.79,3445.94,2021-10-14,5.0,No
CUST-11578,Female,1,Yes,No,27.33418290002765,Yes,No,DSL,No internet service,No internet service,No,Month-to-month,Yes,Electronic check,32.29,,2021-10-14,1.0,No
CUST-11579,Female,0,No,Yes,39.986952688023514,Yes,No,Fiber optic,Yes,No,No,One year,Yes,electronic check,26.66,,2021/10/15 18:10,4.0,No
CUST-11580,Male,0,No,No,-5.0,Yes,Yes,fiber optic,No internet service,No,No,Month-to-month,No,,80.75, ,2021-10-16,5.0,Yes
CUST-11581,Male,0,yes,No,6.927799603824681,Yes,No phone service,Fiber optic,No,Yes,No internet service,Month-to-month,No,Bank transfer (automatic),234.55,350.37,2021-10-17,1.0,Yes
CUST-11582,Female,0,No,No,53.98590387783695,Yes,Yes,Fiber optic,No,No,Yes,Two year,Yes,Electronic check,60.42,,"Oct 18, 2021",,No
CUST-11583,Female,1,Yes,No,30.135281795798264,Yes,No,Fiber optic,No,Yes,Yes,Month-to-month,Yes,Credit card (automatic),44.61,1353.11,2021-10-19,3.0,No
CUST-11584,,0,No,No,24.48990344986353,Yes,No phone service,DSL,No,Yes,No internet service,Month-to-month,Yes,Credit card (automatic),$75.81,6497.62,2021-10-20,2.0,No
CUST-11585,Male,0,Yes,Yes,26.158802931778496,Yes,Yes,Fiber optic,Yes,Yes,Yes,Two year,,Credit card (automatic), 85.1 ,2216.57,2021-10-21,3.0,Yes
CUST-11586,Female,0,No,No,12.83466697978223,Yes,Yes,Fiber optic,No internet service,No internet service,No,One year,Yes,Bank transfer (automatic),120.0,1536.46,2021-10-21,1.0,Yes
CUST-11587,Male,0,Yes,,,Yes,No,dsl,No,No,Yes,Month-to-month,No,Electronic check,59.27, ,22/10/2021,5.0,No
CUST-11588,Male,1,Yes,Yes,36.82855535355122,No,Yes,DSL,No internet service,No internet service,No internet service,Two year,Yes,Electronic check,21.25,792.84,2021-10-23,2.0,No
CUST-11589,Female,0,No,No,27.250109028573064,Yes,Yes,Fiber optic,No internet service,No internet service,No,One year,No,Credit card (automatic),49.58,1367.95,INVALID_DATE,3.0,No
CUST-11590,Female,1,Yes,No,15.364410322039628,Yes,No,DSL,Yes,No internet service,Yes,Month-to-month,Yes,Credit card (automatic),90.11,$1388.86,"Oct 25, 2021",4.0,Yes
CUST-11591,,0,Yes,Yes,55.20441915103969,Yes,No,DSL,Yes,No internet service,No,Month-to-month,No,Mailed check,41.52,2288.73,"Oct 26, 2021",4.0,No
CUST-11592,Male,0,Yes,No,9.8331268256541,Yes,Yes,Fiber optic,Yes,No internet service,Yes,Month-to-month,Yes,Mailed check,$20.24,200.99,2021-10-27,2.0,No
CUST-11593,Male,Yes,No,No,8.366300969699662,Yes,No,Fiber optic,No internet service,Yes,No internet service,Two year,No,Bank transfer (automatic),42.15,350.86,2021-10-28,4.0,Yes
CUST-11594,Female,0,No,No,49.48717770260558,Yes,No,DSL,No internet service,Yes,Yes,One year,Yes,Credit card (automatic),48.7,2407.36,2021-10-28,1.0,No
CUST-11595,Female,0,Yes,No,38.26772370706321,Yes,No,DSL,No,No,No,One year,No,Bank transfer (automatic),32.22,1244.69,2021-10-29,4.0,No
CUST-11596,Male,0,Yes,Yes,17.365554273164864,Yes,Yes,No,Yes,No,Yes,Two year,Yes,Bank transfer (automatic),,1238.67,2021-10-30,5.0,Yes
CUST-11597,Male,0,Yes,Yes,3.3625668542580676,Yes,Yes,dsl,Yes,Yes,No internet service,Month-to-month,Yes,Electronic check, 62.3 ,205.91,31/10/2021,1.0,Yes
CUST-11598,Male,0,yes,yes,5.8119026831281095,Yes,Yes,DSL,No internet service,No,No internet service,Month-to-month,Yes,Electronic check,88.39,505.87,2021-11-01,1.0,Yes
CUST-11599,male,0,No,No,25.62663849958563,Yes,Yes,Fiber optic,No internet service,No,No internet service,Month-to-month,Yes,Bank transfer (automatic),51.32,1313.72,2021-11-02,3.0,Yes
CUST-11600,Male,0,No,No,11.668801603748214,Yes,,DSL,Yes,No internet service,No internet service,Month-to-month,Yes,Credit card (automatic),366.49,958.83,2021-11-03,1.0,No
CUST-11601,Male,0,No,No,43.458680081758445,Yes,Yes,No,Yes,No,Yes,One year,Yes,Electronic check,49.93,2165.7,2021-11-04,2.0,Yes
CUST-11602,Male,0,Yes,No,71.87598875489822,Yes,Yes,Fiber optic,No,No,No internet service,One year,Yes,Electronic check,30.81,2220.21,2021-11-04,2.0,Yes
CUST-11603,Male,0,No,No,39.31265639585829,No,,No,Yes,No,No,Month-to-month,Yes,Bank transfer (automatic),48.41,1900.43,2021-11-05,3.0,No
CUST-11604,Male,0,No,Yes,11.378030927356292,Yes,No phone service,DSL,No internet service,No,No internet service,Month-to-month,Yes,Mailed check,18.0,205.65,2021-11-06,2.0,No
CUST-11605,Female,0,Yes,Yes,37.30589115117753,Yes,Yes,Fiber optic,No,No internet service,No,Month-to-month,Yes,Bank transfer (automatic),118.35,4427.27,2021-11-07,3.0,No
CUST-11606,Male,No,Yes,Yes,10.392080126222972,Yes,Yes,Fiber optic,No,Yes,Yes,1-Year,Yes,Bank transfer (automatic),68.97,708.17,2021-11-08,3.0,Yes
CUST-11607,Female,0,No,No,4.388203137945665,Yes,Yes,DSL,No,No,No,One year,Yes,Credit card (automatic),40.84,183.82,09/11/2021,4.0,No
CUST-11608,Male,1,yes,Yes,0.8151237518862517,Yes,Yes,DSL,No,No,Yes,One year,No,Credit card (automatic),53.37,48.53,10/11/2021,0.0,Yes
CUST-11609,Female,0,Yes,No,11.695177856877924,No,Yes,Fiber optic,Yes,No,No,Month-to-month,Yes,Electronic check,18.0,195.07,2021-11-11,3.0,No
CUST-11610,male,0,No,yes,56.13184813521278,Yes,no,Fiber optic,No internet service,Yes,No,Month-to-month,No,Bank transfer (automatic),107.73,6034.13,2021-11-11,3.0,Yes
CUST-11611,Female,0,No,No,6.554503122623827,Yes,Yes,DSL,No,Yes,Yes,Month-to-month,Yes,Electronic check,104.8,658.4,2021-11-12,2.0,Yes
CUST-11612,Female,0,Yes,No,,Yes,No phone service,Fiber optic,No,Yes,,,N,Credit card (automatic),67.93, ,2021-11-13,4.0,Yes
CUST-11613,Male,0,Yes,No,72.0,Yes,No phone service,DSL,No,No,No internet service,Two year,Yes,Credit card (automatic),,5343.27,14/11/2021,0.0,Yes
CUST-11614,Male,0,Yes,No,0.6077286312356778,Yes,Yes,DSL,Yes,No internet service,No internet service,One year,No,Electronic check,26.67,$24.59,INVALID_DATE,4.0,No
CUST-11615,Female,0,No,No,36.97828303068689,Yes,No,Fiber optic,Yes,No,No internet service,One year,Yes,Electronic check,28.85,1050.95,2021-11-16,2.0,No
CUST-11616,,1,Yes,No,9.30429968942242,Yes,No,DSL,No,Yes,No,One year,Yes,Electronic check,18.0,166.4,"Nov 17, 2021",5.0,No
CUST-11617,Female,0,Yes,,0.9170088133263694,Yes,No,Fiber optic,No,No,No,Month-to-month,Yes,Bank transfer (automatic),59.87,63.45,2021-11-18,4.0,Yes
CUST-11618,Female,0,No,yes,59.96714112457181,Yes,Yes,Fiber optic,No,Yes,Yes,Month-to-month,Yes,Electronic check,96.53,5795.7,2021-11-18,2.0,No
CUST-11619,Female,1,No,No,3.6097699461563058,,No,Fiber optic,No internet service,No internet service,No internet service,One year,Yes,Bank transfer (automatic),53.2,178.88,2021-11-19,4.0,Yes
CUST-11620,Female,0,Yes,No,19.25926794321964,Yes,Yes,Fiber optic,No,No,No internet service,Month-to-month,Yes,Bank transfer (automatic),75.13,1450.07,2021-11-20,2.0,No
CUST-11621,Male,0,Yes,No,7.6867183878215135,Yes,Yes,dsl,No,,No,Month-to-month,No,Bank transfer (automatic),94.07,725.17,2021-11-21,3.0,No
CUST-11622,Female,0,No,No,1.6179594360446568,Yes,No,Fiber optic,Yes,No,No internet service,One year,Yes,Credit card (automatic),18.0,29.07,2021-11-22,3.0,No
CUST-11623,  Male ,1,No,No,,Yes,No,Fiber optic,No internet service,No internet service,No,Two year,Yes,Mailed check,120.0, ,2021-11-23,1.0,Yes
CUST-11624,Male,1,No,No,-5.0,Yes,Yes,DSL,No,Yes,No,Two year,No,Credit card (automatic),99.42, ,2021-11-24,4.0,No
CUST-11625,Female,0,Yes,no,1.7770003587953833,Yes,Yes,Fiber optic,Yes,Yes,,Month-to-month,No,Electronic check,80.12,132.3,2021-11-25,4.0,Yes
CUST-11626,Male,0,No,No,34.30666908249984,Yes,No,Fiber optic,No,Yes,No,Month-to-month,Yes,Electronic check,92.42,3176.29,2021-11-25,2.0,No
CUST-11627,Female,Yes,No,No,15.952521720853747,No,No,DSL,No,No,No,One year,No,Mailed check,93.83,1499.7,2021-11-26,2.0,Yes
CUST-11628,Male,0,No,No,10.07776870708993,Yes,No,Fiber optic,No internet service,No,Yes,Two year,Yes,Bank transfer (automatic),73.48,750.16,2021-11-27,3.0,Yes
CUST-11629,Female,0,No,no,,Yes,No,DSL,No internet service,No,No,1-Year,Yes,Electronic check,107.55, ,2021-11-28,4.0,No
CUST-11630,Female,0,Yes,Yes,63.463811520002295,Yes,No,DSL,No,No internet service,No,Two year,Yes,Bank transfer (automatic),51.12,3251.93,"Nov 29, 2021",1.0,No
CUST-11631,Male,0,Yes,No,57.9920200636853,Yes,No,DSL,No,Yes,No,One year,Yes,Electronic check,78.55,4555.73,2021-11-30,4.0,No
CUST-11632,Female,0,No,No,30.18342083201083,No,Yes,Fiber optic,Yes,No,No,Month-to-month,Yes,Credit card (automatic),104.35,3143.05,2021-12-01,5.0,No
CUST-11633,Female,0,No,Yes,-5.0,Yes,no,No,No,No internet service,Yes,Month-to-month,Yes,Bank transfer (automatic),18.0, ,02/12/2021,3.0,Yes
CUST-11634,FEMALE,0,No,No,9.243480197645496,Yes,Yes,DSL,No,No,No,Month-to-month,Yes,Bank transfer (automatic),77.84,713.37,2021-12-02,1.0,
CUST-11635,Male,0,Yes,No,11.515839336815027,Yes,Yes,Fiber optic,No,No internet service,No internet service,One year,No,Credit card (automatic),86.44,1004.78,2021-12-03,2.0,Yes
CUST-11636,Male,1,No,No,22.828141068147403,Yes,Yes,DSL,No,No,Yes,Month-to-month,No,Credit card (automatic),18.0,402.09,INVALID_DATE,1.0,No
CUST-11637,Male,0,No,No,23.452123417939692,Yes,Yes,DSL,No internet service,No,Yes,Two year,No,Mailed check,73.15,1709.59,2021-12-05,2.0,No
CUST-11638,,0,Yes,No,15.772817790001014,Yes,No,No,Yes,Yes,Yes,One year,No,Mailed check,40.89,638.13,"Dec 06, 2021",4.0,No
CUST-11639,FEMALE,0,Yes,No,12.286143343940367,No,No,Fiber optic,Yes,No internet service,No internet service,Month-to-month,No,Bank transfer (automatic),76.6,937.9,"Dec 07, 2021",1.0,Yes
CUST-11640,Female,0,No,No,72.0,Yes,Yes,DSL,No,No internet service,No,Two year,No,Electronic check,61.85,4450.18,2021-12-08,2.0,No
CUST-11641,Female,0,No,Yes,,Yes,Yes,DSL,No internet service,,No internet service,One year,No,Electronic check, 36.3 , ,2021-12-09,3.0,No
CUST-11642,Female,0,No,no,13.701468011138441,Yes,No,No,No internet service,No,No,Two year,Yes,Electronic check,,1344.77,2021-12-09,5.0,No
CUST-11643,Female,1,No,No,31.184529679141196,Yes,No phone service,DSL,No,No internet service,No,Two year,Yes,Credit card (automatic),52.15,1624.09,10/12/2021,2.0,Yes
CUST-11644,Male,1,Yes,No,7.538652115624334,Yes,Yes,DSL,No internet service,No,No internet service,Month-to-month,Yes,Electronic check,72.8,547.3,"Dec 11, 2021",4.0,Yes
CUST-11645,Female,0,Yes,No,2.533168166931018,Yes,No,Fiber optic,No,No,Yes,Month-to-month,Yes,Electronic check,104.12,273.92,12/12/2021,3.0,Yes
CUST-11646,Male,0,No,No,10.428719204133046,Yes,No phone service,Fiber optic,Yes,No internet service,No,Month-to-month,Yes,Electronic check,37.2,387.09,2021-12-13,4.0,No
CUST-11647,Female,0,No,No,12.379022536681553,Yes,Yes,Fiber optic,No internet service,Yes,No,Two year,Yes,Bank transfer (automatic),64.94,798.53,14/12/2021,5.0,No
CUST-11648,Female,1,No,No,0.4002093421949656,Yes,No,No,Yes,Yes,Yes,One year,N,Bank transfer (automatic),49.84,31.25,15/12/2021,1.0,Yes
CUST-11649,Female,1,No,No,40.47061847979542,Yes,Yes,DSL,Yes,No,Yes,month-to-month,Yes,Bank transfer (automatic),56.53,2280.59,2021-12-16,3.0,No
CUST-11650,Male,0,Yes,No,10.680662097214977,Yes,Yes,Fiber optic,No,No internet service,Yes,Month-to-month,Yes,Mailed check,120.0,1281.26,2021-12-16,4.0,Yes
CUST-11651,Male,0,No,No,20.84392071566818,Yes,Yes,DSL,No,No,Yes,One year,Yes,Credit card (automatic),,1618.87,2021-12-17,5.0,No
CUST-11652,Male,1,Yes,Yes,1.8441909734195359,Yes,No,Fiber optic,No,No,Yes,,No,Mailed check,74.11,138.22,2021-12-18,2.0,No
CUST-11653,Male,0,Yes,No,4.61683316918779,Yes,No,No,Yes,,No internet service,One year,Yes,Mailed check,80.42,379.18,2021-12-19,3.0,Yes
CUST-11654,Male,0,Yes,Yes,52.90786720826971,Yes,No,Fiber optic,No,No,Yes,Month-to-month,Yes,Credit card (automatic),77.61,4100.5,2021-12-20,1.0,Yes
CUST-11655,FEMALE,0,Yes,Yes,22.51797304154814,Yes,Yes,Fiber optic,Yes,Yes,Yes,One year,N,Credit Card,18.0,404.52,2021-12-21,4.0,No
CUST-11656,Female,0,Yes,yes,145.0,Yes,No,No,No,No,Yes,Month-to-month,No,Bank transfer (automatic),,60900.0,22/12/2021,5.0,No
CUST-11657,Male,0,Yes,No,72.0,Yes,No,DSL,No internet service,No internet service,No,Month-to-month,No,Credit card (automatic),$20.77,1492.56,2021/12/23 02:42,3.0,No
CUST-11658,Male,No,Yes,No,11.159817384799855,Yes,No,Fiber optic,No internet service,Yes,No,Month-to-month,Y,Bank transfer (automatic),116.68,1299.45,2021/12/23 23:44,1.0,Yes
CUST-11659,Male,0,Yes,No,8.519195897169368,No,No,No,No internet service,No,No internet service,Month-to-month,Yes,Electronic check,83.24,701.46,2021-12-24,1.0,Yes
CUST-11660,Female,0,No,No,46.906531222749805,Yes,No,Fiber optic,No,Yes,No internet service,Two year,No,Electronic check,70.12,3300.72,"Dec 25, 2021",4.0,Yes
CUST-11661,Female,0,Yes,No,72.0,Yes,Yes,DSL,No,No,Yes,Month-to-month,Yes,Bank transfer (automatic),55.54,,2021-12-26,,No
CUST-11662,FEMALE,0,Yes,No,23.838794542290934,Yes,No,DSL,No,Yes,Yes,Two year,No,Bank transfer (automatic),120.0,2868.12,"Dec 27, 2021",4.0,Yes
CUST-11663,Female,0,No,No,38.050367684040054,Yes,No,DSL,Yes,No,Yes,Month-to-month,Yes,Mailed check,82.83,3180.41,2021-12-28,4.0,No
CUST-11664,,0,No,no,36.53028263860748,Yes,No,DSL,No,No,,Month-to-month,Yes,Credit card (automatic),65.23,2405.7,29/12/2021,3.0,No
CUST-11665,Female,0,No,No,10.536762728180003,,Yes,Fiber optic,No,No internet service,No,Month-to-month,Yes,Mailed check,48.64,512.81,2021-12-30,,No
CUST-11666,Male,0,Yes,No,20.49481991175254,Yes,No,DSL,No internet service,No,Yes,Month-to-month,Yes,Electronic check,45.05,920.27,"Dec 30, 2021",4.0,No
CUST-11667,FEMALE,0,No,Yes,42.96245976867266,Yes,Yes,DSL,No,No internet service,Yes,Month-to-month,Yes,Electronic check,66.22,2822.42,2021-12-31,3.0,No
CUST-11668,Male,0,Yes,Yes,27.962811499516704,Yes,Yes,Fiber optic,Yes,No,No,One year,Yes,Credit Card,36.78,1026.64,2022-01-01,4.0,No
CUST-11669,Female,0,Yes,Yes,0.5133834796739187,No,Yes,Fiber optic,No internet service,Yes,Yes,,No,Credit card (automatic),85.09,46.42,2022-01-02,3.0,Yes
CUST-11670,Male,0,Yes,Yes,9.852874775839313,Yes,No,Fiber optic,No,Yes,No internet service,Month-to-month,Yes,Bank transfer (automatic),45.33,458.67,2022-01-03,4.0,No
CUST-11671,Female,nan,No,No,3.7449786631431294,Yes,no,Fiber optic,No internet service,No internet service,No,Month-to-month,Yes,Credit card (automatic),94.85,359.25,2022-01-04,,No
CUST-11672,Female,0,Yes,Yes,6.365573973778667,Yes,Yes,DSL,No internet service,No,No,Month-to-month,No,Credit card (automatic),94.18,601.5,2022-01-05,2.0,yes
CUST-11673,Female,0,Yes,Yes,56.61705843319613,Yes,Yes,DSL,No,,No,Two year,No,Credit card (automatic),63.04,3560.64,2022-01-06,4.0,No
CUST-11674,Female,0,Yes,Yes,0.9021854933562885,Yes,No,DSL,Yes,Yes,Yes,One year,Yes,Mailed check,82.11,74.95,07/01/2022,3.0,Yes
CUST-11675,Male,nan,No,Yes,5.956941466745048,Yes,Yes,Fiber optic,Yes,No,No,Two year,Yes,Bank transfer (automatic),83.61,493.82,INVALID_DATE,0.0,Yes
CUST-11676,Male,0,No,Yes,8.890553973269675,Yes,Yes,DSL,Yes,No,No,Month-to-month,No,Electronic check, 20.8 ,174.19,2022-01-08,2.0,No
CUST-11677,Male,1,Yes,No,23.026023634566023,Yes,No,Fiber optic,Yes,No,Yes,Month-to-month,Yes,electronic check,116.65,2677.84,2022-01-09,4.0,Yes
CUST-11678,Male,0,No,No,,Yes,No,DSL,No,Yes,No,Month-to-month,Yes,,57.03, ,2022-01-10,1.0,Yes
CUST-11679,Female,0,No,Yes,5.909884921366463,Yes,Yes,No,No internet service,No,No internet service,Two year,Yes,Credit card (automatic),85.57,514.31,2022-01-11,2.0,Yes
CUST-11680,Male,0,No,No,4.305961569672211,Yes,No,Fiber optic,No internet service,No,Yes,Month-to-month,No,Mailed check,86.41,385.39,"Jan 12, 2022",3.0,Yes
CUST-11681,,0,Yes,No,6.485582007279531,Yes,Yes,Fiber optic,No,No,No,One year,Yes,Mailed check,$18.00,119.24,2022-01-13,3.0,No
CUST-11682,Female,0,No,Yes,16.75726260758009,Yes,No phone service,No,Yes,Yes,Yes,One year,Yes,Mailed check,44.99,749.92,2022-01-14,99.0,No
CUST-11683,Female,0,Yes,No,7.591810868715785,Yes,No,Fiber optic,No,No,No,One year,No,Electronic check,89.91,684.27,2022-01-14,1.0,Yes
CUST-11684,Male,0,No,No,70.77351430560347,Yes,Yes,Fiber optic,No,No,Yes,Month-to-month,Yes,Mailed check,66.57,4705.03,15/01/2022,2.0,No
CUST-11685,Female,0,Yes,No,14.960872727090656,No,No,No,Yes,No,No,One year,Yes,Electronic check,85.37,1258.67,INVALID_DATE,2.0,Yes
CUST-11686,FEMALE,0,Yes,No,1.454289355736895,,yes,Fiber optic,No internet service,No,Yes,Month-to-month,Yes,,67.47,83.66,2022-01-17,3.0,Yes
CUST-11687,Female,0,Yes,Yes,,Yes,Yes,No,No internet service,No internet service,Yes,,,Mailed check,$101.58, ,2022/01/18 09:40,1.0,Yes
CUST-11688,Female,0,No,no,9.570134390383352,Yes,Yes,Fiber optic,No,No,No,Month-to-month,No,Credit card (automatic),68.12,641.32,2022-01-19,99.0,No
CUST-11689,Female,1,Yes,No,25.43617245001147,Yes,Yes,No,No,No internet service,No,Month-to-month,No,Bank transfer (automatic),107.42,2723.22,2022-01-20,3.0,Yes
CUST-11690,Male,1,No,No,7.8705804320269195,Yes,Yes,DSL,Yes,No,No internet service,Month-to-month,Yes,Electronic check,35.3,287.77,2022/01/21 00:46,4.0,Yes
CUST-11691,Female,0,Yes,Yes,20.29682879454834,Yes,No,DSL,No,No,No,Two year,Yes,Electronic check,60.87,1237.24,21/01/2022,4.0,No
CUST-11692,Male,0,No,yes,35.49789010950508,Yes,Yes,Fiber optic,Yes,No,No,Month-to-month,Yes,,46.9, ,2022-01-22,4.0,No
CUST-11693,Male,1,No,No,63.14905394094656,Yes,No,DSL,Yes,No,No,Month-to-month,Yes,Credit card (automatic),,4803.7,2022-01-23,5.0,No
CUST-11694,Male,0,No,No,7.263106131278982,No,No,DSL,No,No,Yes,Month-to-month,No,Electronic check,56.34,398.38,2022-01-24,5.0,No
CUST-11695,Male,0,No,Yes,9.786075604312064,Yes,Yes,DSL,No,No,Yes,Month-to-month,No,Electronic check,57.81,563.46,25/01/2022,2.0,No
CUST-11696,Male,0,No,No,14.97883906212694,Yes,Yes,Fiber optic,No,Yes,Yes,One year,No,Bank transfer (automatic),43.56,651.48,"Jan 26, 2022",5.0,No
CUST-11697,Male,0,Yes,no,62.872649952072614,Yes,No phone service,No,No,No,Yes,Month-to-month,Yes,Electronic check,50.88,3199.27,2022-01-27,3.0,No
CUST-11698,Fe-male,0,No,No,55.597217476574095,Yes,No,Fiber optic,No,No internet service,Yes,One year,No,Electronic check,$64.39,3581.06,2022-01-28,2.0,No
CUST-11699,Female,0,Yes,No,2.2602463268374926,Yes,Yes,No,No internet service,No,No internet service,Two year,No,Bank transfer (automatic),18.0,29.56,2022-01-28,4.0,Yes
CUST-11700,Fe-male,1,No,yes,3.395585320413435,No,No,Fiber optic,,No,No internet service,Two year,Yes,Bank transfer (automatic),18.0,64.19,2022-01-29,2.0,No
CUST-11701,Male,0,No,No,16.42093512712133,Yes,Yes,DSL,No internet service,,No internet service,Month-to-month,No,Mailed check,66.47,1084.4,2022-01-30,3.0,Yes
CUST-11702,Male,0,Yes,No,2.7058186253483076,Yes,Yes,DSL,No internet service,No,,Month-to-month,Yes,Credit card (automatic),,50.65,2022-01-31,4.0,Yes
CUST-11703,Female,No,Yes,No,10.176174392468155,Yes,No,Fiber optic,No,Yes,No,month-to-month,No,Bank transfer (automatic),58.91,585.25,2022-02-01,1.0,yes
CUST-11704,Male,0,Yes,yes,3.854908231984984,Yes,No,DSL,No,No internet service,Yes,Two year,Y,Credit card (automatic),53.39,217.85,2022-02-02,2.0,No
CUST-11705,Male,0,No,Yes,24.25709479772152,Yes,Yes,DSL,Yes,Yes,No,Month-to-month,Yes,Electronic check,80.96,1964.55,2022-02-03,0.0,Yes
CUST-11706,Female,0,yes,No,71.65659566835548,,No,Fiber optic,Yes,No,No internet service,One year,Yes,Electronic check,-44.54,3190.17,2022-02-04,3.0,No
CUST-11707,Male,0,No,No,72.0,Yes,No,Fiber optic,No internet service,Yes,No,month-to-month,Yes,Electronic check,111.79,8059.26,2022-02-04,3.0,No
CUST-11708,Female,0,No,No,11.289348376449489,Yes,No,Fiber optic,No internet service,Yes,No,Month-to-month,No,Electronic check,90.14,1023.44,2022-02-05,5.0,No
CUST-11709,Female,0,No,No,21.931808788168112,,No,No,No,Yes,Yes,Two year,Yes,Credit Card,19.33,,2022-02-06,5.0,No
CUST-11710,Male,0,Yes,No,46.5552579352832,Yes,No,Fiber optic,No,No,No,Month-to-month,Yes,electronic check,56.17,2626.71,2022-02-07,1.0,No
CUST-11711,Male,0,Yes,yes,2.9988843383257313,Yes,Yes,Fiber optic,Yes,Yes,No,Month-to-month,No,Credit card (automatic),110.52,329.54,2022-02-08,3.0,Yes
CUST-11712,Female,0,No,Yes,28.074692211105038,No,Yes,,No,Yes,Yes,Month-to-month,No,Mailed check,-43.77,1239.44,INVALID_DATE,5.0,No
CUST-11713,Female,0,No,No,12.61619435496777,Yes,Yes,DSL,No,No internet service,No internet service,Month-to-month,No,Credit card (automatic),63.11,808.5,2022-02-10,2.0,Yes
CUST-11714,Male,0,No,Yes,5.5405419752967795,Yes,Yes,Fiber optic,No,No internet service,Yes,Month-to-month,Yes,Bank transfer (automatic),106.82,595.12,2022-02-11,3.0,Yes
CUST-11715,,1,Yes,No,12.370213243459242,Yes,No,No,No internet service,No internet service,,Two year,Yes,Electronic check,48.48,613.31,2022-02-11,3.0,No
CUST-11716,Male,0,Yes,No,1.8960054909323008,Yes,No,Fiber optic,Yes,No internet service,Yes,One year,No,Mailed check,98.39,184.53,2022-02-12,4.0,No
CUST-11717,Female,0,Yes,No,28.53070338175005,Yes,Yes,No,No,No,No internet service,Two year,Yes,Bank transfer (automatic),37.4,1056.86,2022-02-13,2.0,No
CUST-11718,,0,Yes,No,6.992296005373854,Yes,Yes,Fiber optic,No,No internet service,No,One year,No,Electronic check,18.0,116.37,2022-02-14,3.0,No
CUST-11719,Male,0,Yes,Yes,8.954470223258683,Yes,Yes,Fiber optic,,No,No,Month-to-month,No,Electronic check,101.56,,2022-02-15,1.0,Yes
CUST-11720,Male,0,No,Yes,3.097509000992163,Yes,Yes,DSL,No internet service,No,Yes,Month-to-month,Yes,Electronic check,77.86,252.52,"Feb 16, 2022",2.0,Yes
CUST-11721,Male,0,Yes,No,47.99900642184912,Yes,Yes,,No,No,No,month-to-month,Yes,Bank transfer (automatic),79.84,3825.75,2022-02-17,2.0,No
CUST-11722,Male,1,No,No,16.322902801353965,Yes,No,No,,Yes,No internet service,One year,Yes,Electronic check,31.91,509.52,2022-02-18,2.0,No
CUST-11723,Male,1,Yes,Yes,20.37540755269426,Yes,Yes,No,No,No internet service,Yes,Month-to-month,Yes,Bank transfer (automatic),34.3,691.44,2022-02-18,5.0,No
CUST-11724,Female,0,No,No,20.22363835730603,Yes,Yes,Fiber optic,Yes,No,Yes,,Yes,Mailed check,99.21,2001.18,2022-02-19,5.0,No
CUST-11725,Male,1,Yes,yes,12.683253093733555,Yes,,DSL,No,Yes,Yes,Month-to-month,No,Mailed check,72.0,913.19,2022-02-20,4.0,Yes
CUST-11726,Female,0,Yes,No,5.13238251729115,Yes,Yes,DSL,Yes,Yes,Yes,Two year,Yes,Credit card (automatic),61.18,314.04,2022-02-21,3.0,Yes
CUST-11727,,0,Yes,No,32.8082988412899,Yes,Yes,No,No,Yes,Yes,Two year,Yes,Mailed check,71.33,2320.42,2022-02-22,2.0,Yes
CUST-11728,Female,0,NO,No,3.2612202192261908,Yes,No,Fiber optic,No internet service,No internet service,No,Month-to-month,Yes,Mailed check,109.96,354.35,23/02/2022,2.0,Yes
CUST-11729,Female,0,No,No,2.6321764047140506,Yes,Yes,DSL,No internet service,,Yes,Month-to-month,Yes,Credit card (automatic),86.41,244.49,2022-02-24,3.0,Yes
CUST-11730,Male,1,Yes,No,29.72099065803065,Yes,,Fiber optic,Yes,No,No,2-Year,Yes,Mailed check,50.46,1505.92,2022-02-25,4.0,No
CUST-11731,Female,0,Yes,Yes,5.622030960627569,Yes,Yes,Fiber optic,No,No,No internet service,Month-to-month,Yes,Credit card (automatic),22.6,$133.02,25/02/2022,2.0,Yes
CUST-11732,Female,0,yes,yes,8.7935379220921,No,Yes,Fiber optic,Yes,Yes,No,Month-to-month,Yes,Mailed check,82.34,720.78,INVALID_DATE,,no
CUST-11733,Male,1,Yes,No,15.474969138211035,Yes,No phone service,Fiber optic,No,No internet service,Yes,Month-to-month,Yes,Electronic check,36.98,567.79,2022-02-27,4.0,No
CUST-11734,Male,0,Yes,No,14.319798518442408,No,Yes,Fiber optic,Yes,Yes,No,One year,Yes,Bank transfer (automatic),29.23,424.81,2022/02/28 14:12,,Yes
CUST-11735,male,0,No,No,29.591682026032515,Yes,Yes,No,No,No internet service,No,Two year,No,Electronic check,104.17,3086.52,2022-03-01,3.0,Yes
CUST-11736,Male,0,yes,Yes,23.439746127278553,Yes,Yes,DSL,No,No,Yes,month-to-month,Yes,Electronic check,90.87,2136.33,02/03/2022,3.0,Yes
CUST-11737,Male,1,Yes,Yes,24.81451159601759,Yes,No,DSL,No,No internet service,Yes,Two year,Yes,Electronic check,76.27,1894.55,2022-03-03,2.0,No
CUST-11738,Male,1,Yes,No,30.046882884843274,Yes,Yes,Fiber optic,Yes,No,No internet service,month-to-month,Y,Electronic check,27.55,831.63,"Mar 04, 2022",4.0,No
CUST-11739,Male,0,yes,No,8.308247860961863,Yes,No,dsl,No,No,No,Month-to-month,No,Bank transfer (automatic),118.38,972.0,2022-03-04,,Yes
CUST-11740,Female,0,Yes,No,9.338393333925566,Yes,Yes,Fiber optic,No,No,Yes,One year,Yes,Credit card (automatic), 95.6 ,911.07,2022-03-05,1.0,Yes
CUST-11741,Female,0,Yes,No,13.829986123036576,Yes,No,Fiber optic,Yes,No internet service,No,Month-to-month,Yes,Credit card (automatic),55.59, ,2022-03-06,2.0,No
CUST-11742,Female,1,No,No,8.817418047219984,Yes,Yes,Fiber optic,No,No internet service,Yes,Month-to-month,No,Electronic check,49.24,431.86,"Mar 07, 2022",2.0,Yes
CUST-11743,Male,0,No,No,72.0,Yes,No,Fiber optic,No,No,,Two year,Yes,Bank transfer (automatic),67.05,4818.15,INVALID_DATE,,No
CUST-11744,Male,0,No,No,40.37490764529838,Yes,No phone service,fiber optic,No,No,,Month-to-month,Yes,Electronic check,50.35,2042.0,2022-03-09,2.0,No
CUST-11745,Female,Yes,,No,4.317842222868165,Yes,Yes,No,No internet service,No internet service,Yes,Two year,Yes,Bank transfer (automatic),120.0,512.97,2022-03-10,4.0,Yes
CUST-11746,Male,0,No,No,0.1346366825618328,Yes,No,Fiber optic,No,No internet service,Yes,Month-to-month,No,Credit card (automatic),53.13,9.16,2022-03-11,2.0,Yes
CUST-11747,Male,0,Yes,No,1.0494106370058163,Yes,Yes,Fiber optic,No,No,No,Two year,No,Electronic check,32.66,34.79,2022-03-11,5.0,No
CUST-11748,Female,0,,Yes,6.715148070621092,No,Yes,DSL,Yes,Yes,No,Month-to-month,Yes,,112.35,758.97,2022/03/12 20:39,3.0,No
CUST-11749,Male,No,Yes,No,,Yes,yes,Fiber optic,No internet service,Yes,Yes,Month-to-month,Yes,Credit card (automatic),47.63, ,2022-03-13,2.0,No
CUST-11750,Female,0,Yes,Yes,18.291607159146196,Yes,No,Fiber optic,Yes,No internet service,No,Month-to-month,Yes,Credit card (automatic),88.29,1612.27,2022-03-14,4.0,No
CUST-11751,Male,0,No,No,46.84546990036083,Yes,Yes,Fiber optic,Yes,Yes,Yes,Month-to-month,Yes,Bank transfer (automatic),84.96,3984.2,2022-03-15,5.0,No
CUST-11752,Male,0,Yes,Yes,32.031647211478955,No,No,DSL,Yes,Yes,No,Month-to-month,No,Credit card (automatic),62.94,$2029.16,2022-03-16,3.0,Yes
CUST-11753,Male,0,Yes,No,5.828345733252743,Yes,Yes,No,No,Yes,No,month-to-month,Yes,,35.51,200.23,2022-03-17,4.0,Yes
CUST-11754,,0,Yes,No,12.231801566752694,Yes,Yes,Fiber optic,No,No,No,One year,,Credit card (automatic),63.25,779.48,2022-03-18,2.0,No
CUST-11755,Female,0,Yes,No,17.017477543816792,Yes,No phone service,Fiber optic,,No,No,Month-to-month,Yes,Mailed check,29.6,503.41,2022-03-18,5.0,Yes
CUST-11756,  Male ,nan,No,Yes,39.88356510197434,Yes,No,DSL,No internet service,Yes,No,Month-to-month,Yes,Bank transfer (automatic),63.99,,2022-03-19,1.0,No
CUST-11757,Female,0,No,Yes,,Yes,No,Fiber optic,No,Yes,No,Month-to-month,Yes,Mailed check,87.88, ,2022-03-20,2.0,Yes
CUST-11758,Male,0,,No,57.71569509120411,Yes,Yes,No,No,No internet service,No,Month-to-month,No,Credit Card,116.23,6710.52,2022-03-21,2.0,Yes
CUST-11759,Female,0,Yes,Yes,17.083458428026724,Yes,No,Fiber optic,No,No internet service,Yes,One year,Yes,Credit card (automatic),32.06,550.37,"Mar 22, 2022",2.0,Yes
CUST-11760,Female,0,Yes,No,28.441642668497117,Yes,Yes,Fiber optic,No internet service,Yes,Yes,Month-to-month,No,Bank transfer (automatic),57.19,1633.2,2022-03-23,3.0,Yes
CUST-11761,Female,0,Yes,No,2.8454100980717385,Yes,Yes,DSL,No,Yes,Yes,Two year,Yes,Credit card (automatic),48.96,,"Mar 24, 2022",3.0,Yes
CUST-11762,Male,0,Yes,No,19.9937698650871,Yes,yes,Fiber optic,No,No,Yes,Month-to-month,Yes,Credit card (automatic),72.91,1460.56,2022-03-25,3.0,Yes
CUST-11763,Female,0,Yes,No,6.862544108586278,No,Yes,No,No,No internet service,No,One year,No,Electronic check,19.05,136.66,2022-03-26,1.0,Yes
CUST-11764,Male,0,No,No,13.563253022095346,No,No,Fiber optic,No,No internet service,Yes,One year,Yes,Bank transfer (automatic),36.84,503.1,2022-03-26,2.0,Yes
CUST-11765,Male,0,No,Yes,24.126238942603045,Yes,Yes,No,Yes,No,Yes,Month-to-month,Yes,Mailed check,,418.44,2022-03-27,4.0,No
CUST-11766,Female,0,  Yes,Yes,7.1289673985017545,Yes,Yes,No,Yes,No internet service,No internet service,Two year,Yes,Credit card (automatic),,157.93,"Mar 28, 2022",4.0,Yes
CUST-11767,Female,0,Yes,Yes,1.2863041063002103,Yes,Yes,fiber optic,No,Yes,No,One year,Yes,Mailed check,44.89,48.15,"Mar 29, 2022",3.0,Yes
CUST-11768,Male,1,No,Yes,0.24687797645310303,Yes,No phone service,No,No internet service,Yes,No,One year,No,Bank transfer (automatic),114.83,28.04,2022-03-30,3.0,Yes
CUST-11769,Male,Yes,Yes,Yes,0.5378099167724115,Yes,No,DSL,No,No,Yes,Month-to-month,Yes,Mailed check,75.13,27.12,31/03/2022,2.0,Yes
CUST-11770,Female,0,Yes,No,0.20123500411271047,No,No,No,,No internet service,Yes,Two year,No,Electronic check,66.65,32.66,2022-04-01,4.0,No
CUST-11771,Female,No,No,No,2.8063880593520167,Yes,No,DSL,Yes,No,No,One year,No,Electronic check,105.11,297.97,2022-04-02,0.0,Yes
CUST-11772,male,0,No,No,6.5703438697412375,Yes,No,DSL,No,,No internet service,Month-to-month,Yes,Electronic check,76.21,488.89,2022-04-02,2.0,No
CUST-11773,  Male ,0,Yes,No,6.000687135607956,Yes,No,DSL,No,No internet service,Yes,Month-to-month,Yes,Electronic check,79.03,480.41,2022-04-03,4.0,Yes
CUST-11774,Female,0,Yes,No,72.0,Yes,Yes,Fiber optic,No internet service,No,No,Month-to-month,No,Bank transfer (automatic),50.51,3653.73,2022-04-04,3.0,Yes
CUST-11775,Male,0,Yes,No,8.76701077548167,Yes,No,Fiber optic,No,Yes,,Month-to-month,No,Bank transfer (automatic),45.58,409.06,2022-04-05,1.0,Yes
CUST-11776,Female,0,No,Yes,3.271244071576155,No,Yes,Fiber optic,No,Yes,No,,Yes,Electronic check,25.37,79.14,06/04/2022,3.0,Yes
CUST-11777,Male,0,Yes,No,18.928679658336407,Yes,No phone service,DSL,Yes,No internet service,No,Month-to-month,No,Bank transfer (automatic),46.67,882.21,07/04/2022,3.0,No
CUST-11778,Male,0,,Yes,46.83908775307802,Yes,Yes,Fiber optic,No,Yes,No,Two year,No,Bank transfer (automatic),56.28,2636.66,"Apr 08, 2022",4.0,No
CUST-11779,Female,0,Yes,Yes,27.20139015770109,Yes,Yes,Fiber optic,No internet service,Yes,No internet service,Month-to-month,Yes,Electronic check,75.04,2052.31,2022-04-09,4.0,No
CUST-11780,Male,0,Yes,No,8.426244804202538,Yes,Yes,Fiber optic,No,No internet service,No,Month-to-month,No,Mailed check,,548.06,2022-04-09,0.0,Yes
CUST-11781,male,1,No,yes,19.791849716781154,Yes,Yes,DSL,No internet service,No internet service,No internet service,1-Year,Yes,Credit card (automatic),53.75,1067.74,"Apr 10, 2022",3.0,Yes
CUST-11782,Female,0,No,No,30.11426094429314,Yes,No,DSL,No internet service,Yes,No,Month-to-month,No,Electronic check,37.35,1125.18,2022-04-11,3.0,No
CUST-11783,Female,0,Yes,Yes,31.256098790697443,Yes,Yes,DSL,Yes,No internet service,No internet service,One year,Yes,Electronic check,$76.67,2391.89,12/04/2022,3.0,Yes
CUST-11784,Female,0,No,No,26.35746548433388,Yes,No,DSL,No,Yes,No internet service,Two year,Yes,,49.77,1330.54,2022-04-13,2.0,No
CUST-11785,male,0,No,No,49.115385072163264,Yes,No,Fiber optic,Yes,Yes,No,month-to-month,No,Bank transfer (automatic),75.31,3704.73,2022-04-14,4.0,Yes
CUST-11786,Female,0,yes,No,48.984777018564714,Yes,No,Fiber optic,Yes,No,No,Two year,Yes,Mailed check,18.0, ,15/04/2022,4.0,No
CUST-11787,Female,0,No,No,20.759322393785816,Yes,Yes,DSL,No,No internet service,No,Two year,No,Bank transfer (automatic),74.79,1548.22,2022/04/16 00:55,2.0,Yes
CUST-11788,Male,0,No,No,13.484807181138333,Yes,No,Fiber optic,No,Yes,No internet service,One year,No,Credit card (automatic),87.11,1183.17,2022-04-16,,No
CUST-11789,Female,1,No,Yes,24.62454529531297,Yes,Yes,Fiber optic,No,No,No internet service,Month-to-month,Yes,Credit card (automatic),83.29,2057.08,"Apr 17, 2022",4.0,No
CUST-11790,Male,0,No,No,40.91793872536198,Yes,No,dsl,Yes,Yes,Yes,Two year,Yes,Mailed check,58.8,2398.94,2022-04-18,4.0,Yes
CUST-11791,Female,0,Yes,No,0.1360353223194776,Yes,Yes,DSL,No internet service,,No,2-Year,No,Mailed check,92.16, ,2022-04-19,,Yes
CUST-11792,Female,0,Yes,No,72.0,Yes,Yes,No,No,No,No internet service,One year,Yes,Bank transfer (automatic),26.51,1909.1,2022-04-20,3.0,No
CUST-11793,Female,1,Yes,No,4.847668102687834,Yes,No,Fiber optic,Yes,No,No,Month-to-month,No,Electronic check,62.02,302.84,2022-04-21,1.0,Yes
CUST-11794,Male,0,No,yes,15.248356009998602,Yes,No,DSL,No,Yes,No,One year,Yes,Credit card (automatic),$58.90,911.48,2022-04-22,4.0,Yes
CUST-11795,Male,0,Yes,No,49.34297629221706,No,Yes,,Yes,No,Yes,One year,No,Mailed check,$95.79,4736.54,2022/04/23 01:10,5.0,No
CUST-11796,Female,0,NO,No,6.11866509087499,Yes,No,Fiber optic,No,No,No,Month-to-month,Yes,Mailed check,18.0,113.91,2022-04-23,2.0,Yes
CUST-11797,Male,0,Yes,No,15.546776406001145,No,Yes,Fiber optic,No,No internet service,No internet service,One year,Yes,Credit card (automatic),32.96,521.55,2022-04-24,1.0,Yes
CUST-11798,Male,0,Yes,yes,3.4136280922998123,Yes,Yes,Fiber optic,No,Yes,No internet service,One year,Yes,Electronic check,117.12,388.6,2022/04/25 16:16,2.0,Yes
CUST-11799,Male,0,No,Yes,12.063671677830659,Yes,No,Fiber optic,Yes,,Yes,One year,Yes,Electronic check,18.0,223.76,2022-04-26,3.0,No
CUST-11800,  Male ,0,Yes,Yes,4.679128283440674,Yes,No,DSL,No internet service,No,No,Month-to-month,Yes,Bank transfer (automatic),89.13,414.08,2022-04-27,5.0,Yes
CUST-11801,Female,Yes,Yes,No,10.847318068544775,Yes,No,DSL,No,No,No internet service,Month-to-month,No,Mailed check,43.69,480.66,2022-04-28,1.0,Yes
CUST-11802,Male,1,Yes,No,11.221185365374954,Yes,No,No,No,No,No,One year,Yes,Credit card (automatic),72.34,804.28,2022-04-29,4.0,Yes
CUST-11803,Male,0,No,No,72.0,Yes,No,No,Yes,No,No,One year,Yes,Electronic check,107.11,7719.23,2022-04-30,5.0,No
CUST-11804,Male,1,Yes,No,72.0,Yes,No phone service,DSL,No,No internet service,Yes,Month-to-month,Yes,Mailed check,73.5,5281.58,2022-04-30,4.0,No
CUST-11805,Female,0,No,Yes,2.9262280821624413,Yes,No,No,Yes,No,No,Month-to-month,No,Electronic check,107.74,315.02,2022-05-01,1.0,Yes
CUST-11806,Female,0,No,Yes,31.068317640673705,Yes,No,Fiber optic,No,No,No internet service,Month-to-month,No,Bank transfer (automatic),49.93,1563.06,02/05/2022,4.0,No
CUST-11807,Male,0,Yes,No,,Yes,yes,DSL,No,Yes,No,Month-to-month,Yes,Electronic check,53.89, ,"May 03, 2022",0.0,Yes
CUST-11808,Male,1,Yes,Yes,0.7357723448650433,Yes,Yes,Fiber optic,Yes,Yes,No internet service,2-Year,No,Mailed check,88.31,64.71,2022-05-04,2.0,Yes
CUST-11809,Male,1,Yes,No,2.6713127162226735,Yes,Yes,Fiber optic,Yes,No,No,Two year,No,Credit card (automatic),51.52, ,2022-05-05,1.0,Yes
CUST-11810,Female,0,No,Yes,72.0,,No phone service,Fiber optic,No,No,,Two year,Yes,Credit card (automatic),82.62,5936.07,2022-05-06,5.0,No
CUST-11811,Female,Yes,Yes,No,67.86978618751652,Yes,No,No,Yes,No,No internet service,One year,No,Bank transfer (automatic),100.21,6803.69,2022-05-07,4.0,No
CUST-11812,Male,0,Yes,No,5.173967699604054,Yes,Yes,DSL,No,Yes,No,One year,Yes,Mailed check,90.75,471.91,07/05/2022,4.0,Yes
CUST-11813,Male,0,No,No,4.232309933548143,No,Yes,Fiber optic,No,Yes,No internet service,Month-to-month,Y,Bank transfer (automatic),18.0,62.17,2022-05-08,99.0,No
CUST-11814,Male,nan,No,No,6.603387716986569,Yes,No,Fiber optic,No,No,No internet service,Two year,Yes,Bank transfer (automatic),54.46,367.83,2022/05/09 16:47,4.0,No
CUST-11815,Fe-male,0,Yes,Yes,17.39363633641844,Yes,No,No,No internet service,No internet service,No internet service,Month-to-month,Y,Credit card (automatic),73.15,$1262.09,2022-05-10,3.0,Yes
CUST-11816,Male,1,Yes,No,20.23880169265591,Yes,Yes,DSL,No,No,No,Two year,Yes,Credit card (automatic),57.38,1181.13,2022-05-11,3.0,No
CUST-11817,Female,0,yes,No,6.012151399679142,Yes,Yes,Fiber optic,No internet service,No,No,Month-to-month,Yes,Credit card (automatic),67.08,392.48,2022-05-12,2.0,No
CUST-11818,Female,0,No,No,33.91542544430399,Yes,No phone service,No,No,No,Yes,Month-to-month,No,Credit card (automatic),73.55,2493.76,2022-05-13,3.0,Yes
CUST-11819,Male,0,No,No,8.889991449714849,Yes,Yes,DSL,No internet service,Yes,Yes,Month-to-month,No,Electronic check,48.9,431.5,2022-05-14,3.0,Yes
CUST-11820,Male,0,No,Yes,61.26555676501165,Yes,Yes,Fiber optic,Yes,No,No,Two year,No,Credit card (automatic),58.9,3627.58,2022/05/14 22:59,2.0,No
CUST-11821,Male,Yes,No,No,25.66120133852027,Yes,yes,No,No internet service,No internet service,No,Month-to-month,No,Credit card (automatic),29.27,754.11,2022-05-15,5.0,No
CUST-11822,Female,0,  Yes,No,13.75977375284019,Yes,Yes,DSL,No internet service,,Yes,Month-to-month,No,Credit card (automatic),50.36, ,2022-05-16,1.0,Yes
CUST-11823,Female,0,NO,No,37.44549111664667,Yes,No,No,No,No,No internet service,month-to-month,No,Credit card (automatic),18.9,720.77,2022-05-17,3.0,No
CUST-11824,Female,1,Yes,Yes,40.87871074168497,Yes,Yes,DSL,No,Yes,No,One year,Yes,Mailed check,68.19,2801.37,2022-05-18,4.0,No
CUST-11825,Female,No,No,yes,8.236052564818328,Yes,Yes,DSL,No internet service,No,No,Month-to-month,Yes,Bank transfer (automatic),58.9,484.3,2022-05-19,4.0,Yes
CUST-11826,Male,0,Yes,No,9.961992675062488,Yes,Yes,DSL,No,No,No,Month-to-month,Yes,Electronic check,37.23,380.17,20/05/2022,4.0,No
CUST-11827,Fe-male,nan,Yes,Yes,65.95612123256689,Yes,Yes,DSL,No,Yes,Yes,Month-to-month,No,Bank transfer (automatic),118.26,7804.39,21/05/2022,3.0,Yes
CUST-11828,Female,0,No,No,4.320323244386767,Yes,Yes,DSL,No internet service,No internet service,No internet service,One year,Yes,Mailed check,57.34,257.98,2022-05-21,5.0,Yes
CUST-11829,Male,1,Yes,No,1.0335485947782599,Yes,No,Fiber optic,No,No internet service,Yes,Two year,Yes,electronic check,73.3,89.09,2022-05-22,3.0,Yes
CUST-11830,,0,yes,No,14.52570316395632,Yes,No,DSL,Yes,No,No,Month-to-month,Yes,Credit card (automatic),45.54,664.58,"May 23, 2022",4.0,No
CUST-11831,Female,0,Yes,No,38.77213886443151,Yes,Yes,No,No,No,No,Two year,No,Credit card (automatic),52.27,,2022-05-24,5.0,No
CUST-11832,Female,0,No,No,35.446920826043126,Yes,No,Fiber optic,No,No,No,Month-to-month,Yes,Electronic check,74.43,2655.23,2022-05-25,2.0,Yes
CUST-11833,Female,0,No,No,60.47708760837634,Yes,No phone service,Fiber optic,No internet service,No,No,Month-to-month,Yes,Mailed check,54.73,3316.34,2022-05-26,0.0,Yes
CUST-11834,Female,0,No,No,18.284539243489245,Yes,No,Fiber optic,No,Yes,Yes,2-Year,Yes,Bank transfer (automatic),64.8,1184.01,2022-05-27,4.0,Yes
CUST-11835,Female,0,Yes,Yes,,Yes,Yes,Fiber optic,No internet service,Yes,Yes,Month-to-month,Yes,Electronic check,, ,2022-05-28,4.0,No
CUST-11836,Male,0,Yes,No,21.32173433373746,,No,Fiber optic,No,Yes,No,Two year,Yes,Electronic check,49.16,1057.93,2022-05-28,3.0,No
CUST-11837,Male,1,No,,36.16467680351968,Yes,Yes,DSL,No,No,No internet service,One year,Yes,Credit card (automatic),24.74,894.2,2022-05-29,5.0,Yes
CUST-11838,FEMALE,0,Yes,No,,Yes,No phone service,No,Yes,No,No,Month-to-month,Yes,Electronic check,18.91, ,30/05/2022,1.0,No
CUST-11839,Male,0,NO,No,4.548873663130185,Yes,No,Fiber optic,No,No,Yes,Month-to-month,No,Electronic check,107.85,502.53,2022-05-31,3.0,yes
CUST-11840,Male,0,No,No,0.2968035832841313,Yes,No,DSL,No internet service,No internet service,Yes,One year,No,Bank transfer (automatic),92.63,22.86,2022-06-01,4.0,Yes
CUST-11841,Male,0,Yes,No,21.613122471553385,No,No,Fiber optic,Yes,No,No,month-to-month,Yes,Credit card (automatic),84.37,1840.89,02/06/2022,4.0,Yes
CUST-11842,Male,1,Yes,No,52.27247291167225,Yes,Yes,Fiber optic,No internet service,No,No,Month-to-month,No,Credit card (automatic),51.62,2701.2,2022-06-03,2.0,No
CUST-11843,Female,1,Yes,No,26.656192700914573,Yes,Yes,DSL,No,No,Yes,Month-to-month,No,Credit Card,24.71,675.78,2022-06-04,1.0,No
CUST-11844,  Male ,0,No,Yes,72.0,Yes,Yes,No,Yes,No,No,Month-to-month,No,Credit card (automatic),56.23,4070.31,INVALID_DATE,4.0,No
CUST-11845,Male,0,Yes,,1.5625899010361806,Yes,No,Fiber optic,Yes,No,Yes,One year,Yes,Mailed check,61.9,93.45,2022-06-05,3.0,No
CUST-11846,Male,1,Yes,No,55.993331704083786,Yes,Yes,Fiber optic,No,,No,Month-to-month,Yes,Credit card (automatic),30.75,1698.62,06/06/2022,2.0,No
CUST-11847,Male,0,Yes,No,40.3770194200216,Yes,No,Fiber optic,Yes,No internet service,Yes,Month-to-month,No,Mailed check,20.61,806.85,2022/06/07 14:52,1.0,No
CUST-11848,male,1,No,No,9.053514814720268,Yes,No,dsl,No,Yes,No internet service,,Yes,Mailed check,18.0,152.32,08/06/2022,4.0,No
CUST-11849,Female,0,Yes,No,72.0,Yes,No,DSL,No,No internet service,Yes,Month-to-month,Yes,Mailed check,84.42,6066.3,2022-06-09,3.0,No
CUST-11850,Male,1,Yes,Yes,8.150158537167064,Yes,Yes,Fiber optic,No,No internet service,No,Month-to-month,Yes,Credit card (automatic),28.54,229.17,"Jun 10, 2022",5.0,No
CUST-11851,Female,0,yes,No,52.82337870047199,Yes,No,DSL,No,Yes,No internet service,One year,No,Credit card (automatic),73.98,3919.58,2022-06-11,1.0,No
CUST-11852,Female,0,No,No,51.036509207831116,Yes,No,Fiber optic,No,Yes,Yes,Two year,Yes,Mailed check,52.77,2691.12,2022-06-12,5.0,No
CUST-11853,Female,No,No,Yes,34.01768988712191,Yes,Yes,DSL,No internet service,No,No,Month-to-month,Yes,Mailed check,$82.39,2807.41,2022-06-12,5.0,Yes
CUST-11854,FEMALE,0,Yes,Yes,19.893582310793676,Yes,No,DSL,No,No,Yes,Month-to-month,No,Credit card (automatic),74.77,1496.12,"Jun 13, 2022",3.0,Yes
CUST-11855,Male,0,Yes,No,3.0680759059058853,Yes,Yes,No,Yes,No,Yes,Month-to-month,No,Electronic check,57.74,184.64,2022-06-14,1.0,Yes
CUST-11856,Female,0,No,No,18.22143812431858,Yes,,Fiber optic,No,Yes,No,Month-to-month,Yes,Credit card (automatic),68.61,1239.1,INVALID_DATE,0.0,Yes
CUST-11857,Female,0,Yes,Yes,10.591049752855684,Yes,Yes,Fiber optic,No,No,No internet service,One year,Yes,Mailed check,61.39,641.53,2022-06-16,1.0,Yes
CUST-11858,Female,0,No,No,37.71026814391066,,No,Fiber optic,No,Yes,No,One year,No,Mailed check,46.24,1736.84,"Jun 17, 2022",3.0,Yes
CUST-11859,Female,0,No,No,34.06443855721789,Yes,Yes,Fiber optic,No internet service,Yes,No,One year,Yes,Mailed check,94.1,3197.93,2022/06/18 03:15,3.0,Yes
CUST-11860,Female,0,Yes,No,57.954588242082686,Yes,No,DSL,No internet service,No,No,One year,No,Mailed check,52.01,2989.99,2022-06-19,4.0,No
CUST-11861,Female,0,No,No,0.358589489907477,Yes,No,DSL,No,No,No,Two year,No,Credit card (automatic), 62.1 ,24.46,2022/06/19 21:19,3.0,Yes
CUST-11862,Male,1,NO,No,39.74453758128748,Yes,Yes,fiber optic,No,No,No,One year,Yes,Credit card (automatic),22.25,877.22,2022-06-20,3.0,No
CUST-11863,Female,0,Yes,Yes,66.91443053007808,No,No,Fiber optic,No,No internet service,Yes,Two year,Yes,Mailed check,72.92,4877.73,2022/06/21 15:23,5.0,No
CUST-11864,,0,No,Yes,37.37573015230768,No,No,Fiber optic,No internet service,Yes,Yes,Month-to-month,Yes,Credit card (automatic),46.38,1736.95,"Jun 22, 2022",99.0,No
CUST-11865,FEMALE,0,Yes,No,3.3476546258292332,Yes,Yes,No,No,Yes,No,Two year,No,Bank transfer (automatic),50.39,,2022-06-23,3.0,Yes
CUST-11866,Male,0,Yes,No,2.034549784686088,Yes,Yes,Fiber optic,No,Yes,No internet service,Month-to-month,Yes,Mailed check,39.51,59.01,2022-06-24,3.0,No
CUST-11867,Male,0,Yes,No,0.5055736578089447,Yes,No,DSL,No internet service,No,Yes,Month-to-month,Yes,Bank transfer (automatic),60.98,23.89,2022-06-25,4.0,Yes
CUST-11868,Male,0,No,No,23.780801501413094,Yes,No,DSL,No,No,No,Two year,Yes,Bank transfer (automatic),18.0,422.93,2022-06-26,4.0,No
CUST-11869,Female,0,NO,No,23.840830554697845,Yes,No,Fiber optic,No,No,Yes,Month-to-month,Yes,Electronic check,85.17,2044.9,2022-06-26,3.0,Yes
CUST-11870,Female,0,No,No,72.0,Yes,No,No,No internet service,No,Yes,One year,Yes,Mailed check,63.54,4580.06,2022-06-27,3.0,No
CUST-11871,Male,0,Yes,Yes,12.181669296625175,Yes,Yes,DSL,No internet service,No,No,Two year,Yes,,50.68,626.62,2022-06-28,2.0,No
CUST-11872,Female,0,No,Yes,9.679843757181306,,Yes,DSL,Yes,No,No internet service,Two year,No,Bank transfer (automatic),18.25,190.93,2022-06-29,4.0,No
CUST-11873,Female,0,Yes,No,23.50312560374386,,Yes,No,No,No,No,One year,Yes,Mailed check,77.69,1820.1,2022/06/30 09:42,4.0,No
CUST-11874,Female,0,No,Yes,41.91488391419707,No,No phone service,DSL,No,No,Yes,Month-to-month,Yes,Electronic check,,6699.91,2022-07-01,2.0,Yes
CUST-11875,Female,0,Yes,Yes,66.26493291995986,Yes,No,Fiber optic,No internet service,Yes,No internet service,Month-to-month,No,Electronic check,103.88,6875.53,2022-07-02,3.0,No
CUST-11876,Female,0,Yes,No,39.00436881912323,Yes,No,DSL,,No internet service,Yes,Two year,No,Mailed check,79.29,3090.83,2022-07-03,3.0,No
CUST-11877,Female,1,Yes,No,13.351218115491584,Yes,No,Fiber optic,No internet service,No,No,Month-to-month,No,Electronic check,110.74,1486.86,2022-07-03,5.0,Yes
CUST-11878,Male,0,No,No,24.182951550081928,Yes,No,Fiber optic,No,Yes,No,Two year,Yes,Electronic check,68.81,1677.65,"Jul 04, 2022",4.0,Yes
CUST-11879,Female,0,Yes,Yes,46.56054721354753,Yes,No,DSL,Yes,No,No,Month-to-month,Yes,Mailed check,97.03,4523.75,2022-07-05,3.0,Yes
CUST-11880,Female,0,No,Yes,-5.0,Yes,No phone service,Fiber optic,No,,No internet service,Month-to-month,No,Bank transfer (automatic),$78.58, ,2022-07-06,2.0,Yes
CUST-11881,Female,0,Yes,No,5.861339122556831,Yes,Yes,Fiber optic,No,Yes,No,Month-to-month,No,Electronic check,51.17,302.49,2022-07-07,4.0,No
CUST-11882,Female,0,Yes,No,4.463914285654739,Yes,Yes,Fiber optic,No,Yes,Yes,One year,No,Electronic check,70.32,299.87,2022-07-08,3.0,Yes
CUST-11883,Female,0,No,No,0.0037861685049897934,Yes,Yes,Fiber optic,No,No,Yes,Month-to-month,No,Electronic check,39.68,-0.16,2022-07-09,3.0,No
CUST-11884,Male,0,yes,No,30.400620436989602,Yes,No,Fiber optic,No,No,No,Month-to-month,Yes,Electronic check,120.0,,2022-07-10,4.0,Yes
CUST-11885,Female,0,yes,No,2.826417497530249,Yes,Yes,Fiber optic,No internet service,Yes,Yes,Month-to-month,No,Electronic check,61.67,183.97,2022-07-10,3.0,Yes
CUST-11886,Male,No,Yes,No,6.708026264589638,Yes,yes,Fiber optic,Yes,No internet service,No internet service,Month-to-month,No,Bank transfer (automatic),65.49,,2022-07-11,4.0,No
CUST-11887,Male,0,Yes,Yes,8.487497389194552,Yes,No,Fiber optic,No,No,Yes,Month-to-month,Yes,Mailed check,76.4,634.88,2022/07/12 16:09,5.0,Yes
CUST-11888,Female,0,Yes,No,19.724261842476405,No,Yes,Fiber optic,No,No internet service,No,Month-to-month,Yes,Mailed check,32.09,647.39,2022-07-13,5.0,No
CUST-11889,,0,No,No,12.178244837860667,Yes,Yes,Fiber optic,No,No,No,Two year,Yes,Credit card (automatic),104.34,1257.99,2022-07-14,2.0,Yes
CUST-11890,Male,0,No,yes,26.95025995092697,Yes,Yes,DSL,No,No internet service,No internet service,Month-to-month,Yes,Mailed check,,,2022-07-15,3.0,No
CUST-11891,Male,0,No,,1.3739138386051952,Yes,No,DSL,Yes,No,No,Month-to-month,Yes,Electronic check,27.16,52.13,2022/07/16 04:17,3.0,No
CUST-11892,Female,0,yes,Yes,3.1756746603497916,Yes,No,DSL,No,Yes,No,1-Year,No,Electronic check,59.7,164.88,"Jul 17, 2022",2.0,No
CUST-11893,Male,0,Yes,No,16.597714314578422,Yes,No,No,Yes,No internet service,Yes,Month-to-month,No,Credit Card,26.32,445.77,2022-07-17,4.0,No
CUST-11894,Female,Yes,No,No,,No,No,Fiber optic,Yes,Yes,No,month-to-month,No,Credit Card,111.56, ,"Jul 18, 2022",3.0,yes
CUST-11895,Female,1,No,Yes,8.417084357550882,No,Yes,Fiber optic,No,No internet service,Yes,Month-to-month,Yes,Electronic check,57.78,495.83,2022/07/19 16:25,4.0,Yes
CUST-11896,Female,0,No,Yes,1.6651241764583578,Yes,Yes,DSL,Yes,No,No internet service,Month-to-month,Yes,Electronic check,18.0,42.76,2022-07-20,1.0,Yes
CUST-11897,Male,0,Yes,No,54.25602662734052,Yes,No,DSL,No,,Yes,Month-to-month,No,Mailed check,70.7,3835.94,21/07/2022,3.0,Yes
CUST-11898,Male,0,Yes,No,28.249599919609594,Yes,Yes,No,Yes,No,Yes,One year,Yes,Mailed check,81.31,2296.32,2022-07-22,1.0,Yes
CUST-11899,Female,0,Yes,Yes,3.1121730905406855,Yes,Yes,No,No,No,No,One year,Yes,Mailed check,52.06, ,2022-07-23,4.0,No
CUST-11900,Female,0,Yes,No,1.6141896854766018,Yes,No,DSL,No,Yes,No internet service,Month-to-month,No,Mailed check,24.02,52.01,2022-07-24,5.0,No
CUST-11901,Male,0,Yes,Yes,72.0,Yes,No,No,No,No,No,Two year,Yes,Electronic check,61.6,4445.03,2022-07-24,3.0,No
CUST-11902,Female,0,Yes,No,27.434525592259263,Yes,Yes,Fiber optic,No,No,Yes,Month-to-month,Yes,Electronic check,50.25,1381.15,2022/07/25 19:38,4.0,No
CUST-11903,Male,0,No,No,12.96841636690708,Yes,Yes,DSL,No internet service,No internet service,Yes,Month-to-month,Yes,Bank transfer (automatic),35.43,450.35,26/07/2022,1.0,No
CUST-11904,Female,nan,Yes,Yes,29.03423164148914,Yes,No,Fiber optic,Yes,Yes,Yes,One year,No,Credit card (automatic),32.79,946.79,2022-07-27,3.0,No
CUST-11905,Male,0,Yes,No,33.886746232463445,Yes,No,Fiber optic,No,No,No,Two year,Yes,Electronic check,69.39,2345.94,2022-07-28,3.0,No
CUST-11906,  Male ,Yes,Yes,Yes,36.33494256151759,Yes,No,No,No,No,No,Month-to-month,Yes,Bank transfer (automatic),91.79,3330.66,2022-07-29,1.0,Yes
CUST-11907,Male,0,No,No,15.59646412984753,Yes,Yes,DSL,Yes,Yes,No,Month-to-month,Y,Mailed check,78.55,1218.26,2022-07-30,4.0,No
CUST-11908,Male,0,No,Yes,13.485918043297156,Yes,No,DSL,No,No,No,Two year,Yes,Electronic check,18.0,228.02,31/07/2022,2.0,Yes
CUST-11909,Male,0,No,No,0.26614426546722286,Yes,Yes,DSL,Yes,No internet service,No,2-Year,Yes,Credit card (automatic),83.16,12.63,2022-07-31,4.0,Yes
CUST-11910,Male,0,Yes,Yes,62.6699340384887,Yes,No phone service,DSL,No internet service,No,No internet service,Month-to-month,Yes,Mailed check,87.87,5511.99,2022-08-01,3.0,No
CUST-11911,Female,0,  Yes,No,22.19027547539759,Yes,No,Fiber optic,Yes,No,Yes,month-to-month,Yes,Bank transfer (automatic),106.51,2360.42,2022-08-02,,Yes
CUST-11912,,0,Yes,No,5.450250351146924,Yes,Yes,DSL,Yes,,No,Month-to-month,Yes,Mailed check,36.2,195.35,2022-08-03,2.0,Yes
CUST-11913,Male,0,Yes,Yes,60.498807211656455,Yes,No phone service,Fiber optic,No,Yes,No,month-to-month,No,Electronic check,63.0,3825.28,2022-08-04,1.0,No
CUST-11914,Male,0,Yes,No,59.143276502451045,Yes,Yes,Fiber optic,No,No,Yes,One year,Yes,Bank transfer (automatic),81.73,4852.92,2022-08-05,,Yes
CUST-11915,Female,0,Yes,Yes,72.0,Yes,No,Fiber optic,No,No,No,Two year,No,Mailed check,48.87,3534.73,2022-08-06,2.0,No
CUST-11916,male,0,Yes,No,49.72613727897707,Yes,Yes,Fiber optic,Yes,No internet service,Yes,Two year,Yes,Electronic check,81.26, ,07/08/2022,4.0,No
CUST-11917,Female,0,No,Yes,72.0,Yes,No,Fiber optic,No internet service,No,Yes,Month-to-month,Yes,Bank transfer (automatic),63.98,4596.73,2022-08-07,3.0,No
CUST-11918,Male,0,No,No,6.73492730927221,Yes,No,DSL,No internet service,No,No,Month-to-month,Yes,Electronic check,-39.31,275.92,INVALID_DATE,4.0,No
CUST-11919,Male,0,Yes,No,44.3217875539775,Yes,Yes,DSL,No,Yes,No,One year,Yes,Electronic check,41.86,1858.08,2022-08-09,3.0,No
CUST-11920,Female,0,yes,yes,41.56237190157072,No,No,DSL,No internet service,No,Yes,Month-to-month,Yes,Credit card (automatic),102.18,4252.95,"Aug 10, 2022",4.0,Yes
CUST-11921,Male,No,Yes,No,6.302082148893499,Yes,Yes,DSL,No,No internet service,No,Month-to-month,Yes,Electronic check,34.81,214.64,2022-08-11,1.0,Yes
CUST-11922,Female,0,Yes,No,2.4870231407233216,Yes,No,DSL,Yes,Yes,No,1-Year,Yes,Bank transfer (automatic),29.66,83.89,2022-08-12,4.0,No
CUST-11923,Male,1,No,No,72.0,Yes,Yes,DSL,No,Yes,Yes,Month-to-month,No,Credit card (automatic),-75.03, ,2022-08-13,3.0,No
CUST-11924,Female,0,No,yes,8.424283146030401,Yes,Yes,Fiber optic,Yes,No internet service,Yes,Month-to-month,Yes,Electronic check,63.78,536.21,2022-08-14,3.0,Yes
CUST-11925,Male,0,Yes,No,49.13050542388401,Yes,Yes,,,No,No,Month-to-month,Yes,Mailed check,25.35, ,2022/08/14 23:23,3.0,No
CUST-11926,Female,0,Yes,Yes,0.09925667720157967,Yes,Yes,DSL,Yes,No,No,One year,No,Bank transfer (automatic),49.12,7.04,2022-08-15,,Yes
CUST-11927,Female,0,No,No,0.5099754268449287,Yes,Yes,No,No,No internet service,No internet service,Month-to-month,Yes,Mailed check,40.2,33.05,2022-08-16,4.0,No
CUST-11928,Female,0,No,No,15.050843378542552,Yes,no,DSL,No,No internet service,Yes,Month-to-month,No,Bank transfer (automatic),45.45,665.75,17/08/2022,3.0,No
CUST-11929,Male,1,No,No,6.545929651934071,Yes,No,Fiber optic,No,,Yes,Two year,No,Mailed check,120.0,787.83,2022-08-18,4.0,Yes
CUST-11930,Female,0,Yes,No,28.096106966599365,Yes,Yes,Fiber optic,Yes,No internet service,Yes,Two year,Y,Electronic check,55.62,1562.81,INVALID_DATE,3.0,No
CUST-11931,Female,0,Yes,Yes,20.008977366528153,No,No,No,No internet service,No,No,Two year,Yes,Electronic check,38.26,761.33,2022-08-20,5.0,Yes
CUST-11932,Female,0,Yes,No,1.9356601792402368,Yes,No,DSL,Yes,No,No,Two year,No,Credit card (automatic),120.0,221.97,"Aug 21, 2022",1.0,Yes
CUST-11933,Female,Yes,Yes,Yes,4.259693199560458,Yes,No,DSL,No internet service,No,No,Month-to-month,No,Electronic check,91.35,388.96,2022-08-21,3.0,Yes
CUST-11934,Female,0,yes,Yes,11.786484152208951,Yes,Yes,DSL,No internet service,No internet service,No internet service,Two year,No,Credit card (automatic),86.44,1024.98,2022-08-22,3.0,Yes
CUST-11935,Female,0,No,Yes,4.927406959690157,Yes,No,Fiber optic,No,No internet service,No,Month-to-month,No,Credit card (automatic),39.71,,2022-08-23,4.0,Yes
CUST-11936,Male,0,Yes,No,37.71088195628766,Yes,Yes,No,Yes,Yes,,Month-to-month,Yes,Electronic check,100.44,3795.41,24/08/2022,2.0,No
CUST-11937,Female,1,No,Yes,12.91138967387627,Yes,No phone service,No,Yes,Yes,Yes,Month-to-month,No,Electronic check,89.19,1155.71,2022-08-25,2.0,Yes
CUST-11938,Female,nan,No,Yes,2.3541381823310776,Yes,No,Fiber optic,No internet service,Yes,Yes,Month-to-month,Yes,Electronic check,69.11,164.57,2022-08-26,4.0,No
CUST-11939,Male,0,Yes,No,15.895518568601801,Yes,Yes,Fiber optic,Yes,No internet service,Yes,Month-to-month,No,Bank transfer (automatic),18.0,295.76,2022-08-27,1.0,Yes
CUST-11940,Male,0,No,Yes,2.2855723683308926,Yes,No,No,Yes,No internet service,Yes,Month-to-month,Yes,Credit card (automatic),64.1,141.99,2022-08-28,2.0,Yes
CUST-11941,Male,1,No,Yes,3.3129917932766464,Yes,No phone service,Fiber optic,No,No,No internet service,One year,Yes,Electronic check,116.6,404.63,2022-08-28,4.0,Yes
CUST-11942,Female,0,No,Yes,,Yes,No,DSL,Yes,No,Yes,Month-to-month,Yes,Electronic check,71.31, ,"Aug 29, 2022",5.0,Yes
CUST-11943,Female,0,Yes,No,47.105880000636176,Yes,Yes,No,Yes,No internet service,No,One year,N,Mailed check,53.41,2502.03,2022-08-30,4.0,No
CUST-11944,Female,0,No,No,62.042741498291576,No,No,DSL,No,No,Yes,One year,No,Electronic check,$57.85,3592.9,2022-08-31,3.0,No
CUST-11945,Female,nan,No,Yes,,,No,DSL,No,Yes,Yes,Two year,No,Bank transfer (automatic),59.92, ,"Sep 01, 2022",1.0,Yes
CUST-11946,Male,0,Yes,,9.757957373577334,Yes,Yes,DSL,Yes,No,Yes,Month-to-month,No,Mailed check,40.71,389.86,02/09/2022,4.0,Yes
CUST-11947,Male,1,Yes,No,7.633623892257198,Yes,No,Fiber optic,No,No internet service,Yes,One year,Yes,Electronic check,63.46, ,2022-09-03,2.0,Yes
CUST-11948,Male,0,No,No,19.1191970753804,No,Yes,Fiber optic,No,No internet service,No,One year,Yes,Mailed check,107.98,2055.28,2022-09-04,3.0,Yes
CUST-11949,Male,1,Yes,No,30.710546525246073,Yes,No,DSL,No,No,,1-Year,Yes,Mailed check,104.58,3211.1,INVALID_DATE,1.0,Yes
CUST-11950,Male,0,No,No,72.0,Yes,No,Fiber optic,Yes,Yes,No,Month-to-month,Yes,Mailed check,42.07,3033.64,2022-09-05,4.0,No
CUST-11951,Male,0,No,No,3.385658760334517,Yes,Yes,No,No,No,No,Month-to-month,No,Electronic check,102.98,374.05,2022-09-06,3.0,No
CUST-11952,Female,1,Yes,Yes,-5.0,Yes,Yes,No,No,No internet service,Yes,Month-to-month,No,Bank transfer (automatic),87.53, ,2022-09-07,5.0,Yes
CUST-11953,Female,1,Yes,Yes,28.448013355515762,Yes,Yes,Fiber optic,No,No,No internet service,Month-to-month,Yes,Mailed check, 83.7 ,2384.4,2022-09-08,2.0,No
CUST-11954,,0,No,No,42.843267670005204,Yes,Yes,No,Yes,No,Yes,One year,Yes,Electronic check,77.66,3329.35,2022/09/09 09:20,4.0,No
CUST-11955,FEMALE,0,Yes,Yes,44.953681186659786,Yes,No,Fiber optic,Yes,Yes,No internet service,Two year,Yes,Electronic check,36.79,1654.79,2022-09-10,3.0,Yes
CUST-11956,Female,0,No,No,27.231464737325023,Yes,No,DSL,No internet service,No internet service,No,Month-to-month,Yes,Electronic check,52.53,1424.67,2022-09-11,3.0,No
CUST-11957,Male,0,No,No,72.0,Yes,No,DSL,No,Yes,Yes,Month-to-month,Yes,Electronic check,89.69,6479.44,2022/09/12 00:25,4.0,Yes
CUST-11958,Female,0,No,No,17.169660742912463,No,Yes,Fiber optic,No,Yes,No,Month-to-month,Yes,Mailed check,28.49,497.96,12/09/2022,4.0,No
CUST-11959,Female,0,NO,No,58.830162971622045,Yes,Yes,DSL,No internet service,No internet service,,Month-to-month,Yes,Electronic check,33.48, ,2022-09-13,3.0,No
CUST-11960,Male,0,No,No,72.0,Yes,no,DSL,No,,Yes,month-to-month,No,Mailed check,73.89,5329.02,2022-09-14,2.0,No
CUST-11961,Male,0,Yes,Yes,45.08032843794261,Yes,No phone service,Fiber optic,No,No,Yes,Two year,Yes,Mailed check,41.01,1846.93,2022/09/15 12:33,5.0,No
CUST-11962,Female,nan,NO,No,8.89713202256717,Yes,Yes,DSL,Yes,No,Yes,Month-to-month,No,Bank transfer (automatic),89.42,790.7,2022-09-16,3.0,Yes
CUST-11963,Male,0,No,No,5.242182447119484,,Yes,DSL,No internet service,No,No,Month-to-month,No,Bank transfer (automatic),42.07,220.79,2022-09-17,,Yes
CUST-11964,Female,0,Yes,No,19.064130358240373,Yes,Yes,Fiber optic,No,Yes,Yes,Two year,Yes,Mailed check,72.03,1392.63,2022-09-18,4.0,No
CUST-11965,Female,0,Yes,no,14.480002629212857,Yes,Yes,Fiber optic,No,Yes,No internet service,Month-to-month,No,Electronic check,335.44,1071.6,INVALID_DATE,4.0,No
CUST-11966,Male,0,No,yes,50.44212940202135,Yes,Yes,No,No,No,No internet service,One year,No,Electronic check,50.24,2519.17,19/09/2022,1.0,No
CUST-11967,Male,0,Yes,No,2.529496952439042,No,No,Fiber optic,No internet service,Yes,No internet service,Two year,Yes,Electronic check,57.51,159.36,2022-09-20,3.0,No
CUST-11968,Male,Yes,No,No,7.153338611531531,Yes,No,Fiber optic,No,No internet service,Yes,One year,Yes,Mailed check,44.3,312.04,21/09/2022,3.0,No
CUST-11969,Male,0,No,No,33.44438768825264,Yes,No,Fiber optic,No,Yes,No,Month-to-month,No,Electronic check,64.14,2130.6,"Sep 22, 2022",3.0,No
CUST-11970,Male,1,Yes,No,2.395333883038717,Yes,No phone service,DSL,No,No,Yes,Month-to-month,Yes,Mailed check,35.85,86.0,2022/09/23 09:51,2.0,No
CUST-11971,Female,nan,No,No,9.282894033516765,Yes,No,DSL,No,No,No,month-to-month,Yes,Credit card (automatic),57.99,540.38,24/09/2022,3.0,No
CUST-11972,Male,0,Yes,No,11.751452947751172,No,No,No,Yes,No,No internet service,Month-to-month,Yes,Electronic check,87.15,1023.92,"Sep 25, 2022",1.0,Yes
CUST-11973,Female,0,Yes,Yes,23.38639701316823,No,No,Fiber optic,No internet service,No,No,Month-to-month,Yes,Credit card (automatic),30.6,728.7,2022-09-26,2.0,No
CUST-11974,Male,0,No,No,4.1311875272109955,No,Yes,No,Yes,No internet service,No internet service,Two year,No,Credit card (automatic),50.09,225.66,2022-09-26,1.0,Yes
CUST-11975,  Male ,0,Yes,No,47.29055983565665,No,Yes,Fiber optic,No,No,No internet service,Two year,No,Credit card (automatic),80.25,3790.26,27/09/2022,4.0,Yes
CUST-11976,Male,0,No,,14.241079027082197,Yes,Yes,DSL,No,No,Yes,Month-to-month,No,Credit card (automatic),18.0,265.17,28/09/2022,4.0,Yes
CUST-11977,Male,0,No,No,59.740231063878156,Yes,No,Fiber optic,No,No,No,Month-to-month,Yes,Electronic check,120.0,7165.38,"Sep 29, 2022",5.0,No
CUST-11978,Female,0,No,Yes,15.140815110886539,Yes,No,Fiber optic,No,Yes,Yes,One year,No,Electronic check,96.06,1468.13,2022-09-30,3.0,Yes
CUST-11979,Female,0,Yes,Yes,7.719339725825074,Yes,No,Fiber optic,,No,No,Month-to-month,No,Electronic check,18.55,130.46,2022-10-01,4.0,No
CUST-11980,Male,0,Yes,Yes,3.6708407766650586,Yes,yes,Fiber optic,No,No,Yes,Month-to-month,No,Electronic check,18.0,67.49,2022-10-02,3.0,No
CUST-11981,Female,0,No,Yes,0.0900510032890979,Yes,Yes,,Yes,No internet service,No internet service,Two year,Yes,Mailed check,65.59,12.16,03/10/2022,4.0,Yes
CUST-11982,Female,0,yes,No,18.230965105759683,,No,No,No,No internet service,No,Month-to-month,Yes,Credit card (automatic),31.09,573.37,2022-10-03,3.0,Yes
CUST-11983,Female,0,No,No,2.7202604636470156,Yes,Yes,No,Yes,Yes,No,Month-to-month,No,Electronic check,93.54,250.44,"Oct 04, 2022",4.0,Yes
CUST-11984,Male,0,No,No,11.931185761049843,Yes,No,DSL,Yes,Yes,No,Month-to-month,Yes,Electronic check,76.52,911.82,2022-10-05,1.0,Yes
CUST-11985,Male,1,Yes,No,21.355764065830076,Yes,Yes,DSL,Yes,No,No internet service,Month-to-month,No,Bank transfer (automatic),307.81,1466.18,2022-10-06,1.0,Yes
CUST-11986,Female,0,Yes,Yes,7.7407232789399805,Yes,No,DSL,Yes,,No,One year,No,Electronic check,47.59,370.08,2022-10-07,1.0,Yes
CUST-11987,Female,0,No,Yes,4.623451179488707,Yes,No,DSL,No,Yes,Yes,Two year,Yes,Mailed check,112.7, ,2022-10-08,2.0,Yes
CUST-11988,Male,1,Yes,Yes,35.770041808132675,Yes,No,Fiber optic,No,No,No,One year,No,Electronic check,87.3,,09/10/2022,3.0,Yes
CUST-11989,Female,0,Yes,No,70.4047430842596,Yes,Yes,Fiber optic,Yes,No,No,One year,Yes,Credit card (automatic),82.79,5830.25,2022/10/10 01:28,4.0,No
CUST-11990,Female,0,yes,No,145.0,Yes,Yes,Fiber optic,No internet service,No,No,One year,No,Mailed check,100.7,14597.39,2022-10-10,4.0,No
CUST-11991,Male,0,Yes,Yes,4.058820108129974,Yes,Yes,No,Yes,Yes,Yes,Month-to-month,,Bank transfer (automatic),34.13,129.44,11/10/2022,2.0,No
CUST-11992,Female,0,Yes,No,72.0,Yes,No,No,No internet service,Yes,Yes,Month-to-month,Y,Electronic check,,7444.55,2022-10-12,4.0,No
CUST-11993,Male,1,Yes,Yes,0.9243972436275149,Yes,No,DSL,No,No,No internet service,One year,No,Credit card (automatic),56.76,42.6,"Oct 13, 2022",1.0,Yes
CUST-11994,Female,1,yes,No,72.0,Yes,yes,No,Yes,Yes,Yes,Month-to-month,Yes,Mailed check,74.74,5394.64,2022-10-14,1.0,No
CUST-11995,Female,0,No,No,0.11172725301701883,Yes,Yes,Fiber optic,,Yes,No,Month-to-month,No,Bank transfer (automatic),60.01,22.15,2022-10-15,4.0,No
CUST-11996,  Male ,0,No,No,49.652330559208664,Yes,Yes,Fiber optic,No,Yes,Yes,Month-to-month,No,electronic check,18.0,902.09,16/10/2022,4.0,No
CUST-11997,Male,0,No,No,8.812671037266098,Yes,No,No,No,No,Yes,One year,Yes,Mailed check,93.42,819.6,2022-10-17,4.0,Yes
CUST-11998,Male,0,Yes,no,66.9639359371431,Yes,Yes,DSL,No,No,Yes,Month-to-month,Yes,Mailed check,18.0,1189.65,2022-10-17,2.0,No
CUST-11999,Male,0,No,Yes,9.148327635188217,Yes,No,No,No,No,No,One year,No,Electronic check,$35.70,333.01,INVALID_DATE,5.0,Yes
CUST-12000,Male,0,Yes,No,25.492853241755224,Yes,Yes,Fiber optic,No,No,No internet service,Month-to-month,Yes,Mailed check,$51.12,1290.81,2022-10-19,5.0,No
CUST-12001,Male,0,Yes,No,2.0020082756450437,Yes,Yes,No,Yes,Yes,Yes,Two year,No,Credit card (automatic),18.0,,2022-10-20,3.0,No
CUST-12002,male,0,No,No,6.660170291645789,Yes,No,,Yes,No,Yes,Month-to-month,Yes,Electronic check,31.68,193.32,2022-10-21,,No
CUST-12003,Male,0,No,yes,,Yes,No,Fiber optic,No,Yes,No,One year,Yes,Credit card (automatic),, ,"Oct 22, 2022",2.0,Yes
CUST-12004,Male,0,Yes,No,18.053530319253507,Yes,No,DSL,Yes,No,Yes,Month-to-month,Yes,Bank transfer (automatic),54.3,979.47,2022-10-23,3.0,No
CUST-12005,Female,0,Yes,No,63.13582931657798,Yes,No,DSL,Yes,Yes,No internet service,Month-to-month,No,Mailed check,56.78,3596.42,2022-10-24,5.0,No
CUST-12006,Male,1,No,Yes,13.438339251469417,Yes,Yes,DSL,No,No internet service,Yes,Two year,No,Bank transfer (automatic),37.25,490.77,2022-10-24,3.0,No
CUST-12007,Female,0,Yes,No,48.93068470193981,Yes,No,DSL,No internet service,Yes,No,Month-to-month,Yes,Electronic check,66.09,3235.81,2022-10-25,3.0,Yes
CUST-12008,Male,0,Yes,Yes,14.302550337105844,Yes,Yes,No,Yes,No internet service,No,Month-to-month,No,Electronic check,54.94,780.58,2022-10-26,1.0,Yes
CUST-12009,Female,Yes,Yes,Yes,72.0,Yes,Yes,DSL,Yes,No internet service,No internet service,One year,No,Electronic check,18.0,1298.63,2022-10-27,2.0,No
CUST-12010,Male,0,Yes,No,72.0,No,Yes,dsl,No internet service,No,No,Month-to-month,No,Mailed check,58.67,4224.38,2022-10-28,2.0,No
CUST-12011,Male,0,No,No,9.580557523914516,Yes,Yes,Fiber optic,Yes,No internet service,Yes,One year,No,Credit card (automatic),27.44,250.89,29/10/2022,3.0,No
CUST-12012,male,0,Yes,Yes,52.10129992545802,Yes,Yes,DSL,No,Yes,Yes,Month-to-month,Yes,Mailed check,91.63,4780.4,30/10/2022,3.0,Yes
CUST-12013,Male,0,Yes,No,45.15171053941913,Yes,Yes,Fiber optic,No internet service,Yes,No internet service,Month-to-month,Yes,Mailed check,52.95,2368.31,2022-10-31,1.0,No
CUST-12014,Female,0,No,No,5.678015209454626,Yes,No,Fiber optic,No internet service,Yes,No internet service,Two year,Yes,Electronic check,120.0,,2022-10-31,3.0,Yes
CUST-12015,Male,0,No,Yes,23.494530636265768,Yes,Yes,Fiber optic,Yes,Yes,Yes,One year,Yes,Bank transfer (automatic),$93.71,2191.18,01/11/2022,4.0,Yes
CUST-12016,Male,0,Yes,No,1.8110176919030958,Yes,Yes,Fiber optic,No,No,No internet service,Month-to-month,Yes,Bank transfer (automatic),60.79,128.66,02/11/2022,4.0,Yes
CUST-12017,male,1,Yes,No,43.49356633881375,Yes,No,DSL,Yes,No,No,One year,Yes,Mailed check,82.08,3566.53,03/11/2022,4.0,No
CUST-12018,Male,0,Yes,No,4.6037183963551165,Yes,Yes,Fiber optic,No internet service,Yes,No,Two year,No,Credit card (automatic),18.0,102.32,2022-11-04,3.0,No
CUST-12019,Female,0,No,No,1.7627303943039407,Yes,Yes,Fiber optic,,No,Yes,Two year,Yes,Credit card (automatic),93.57,157.35,2022/11/05 08:26,3.0,Yes
CUST-12020,Fe-male,0,No,No,12.268580392421027,Yes,Yes,No,Yes,Yes,No internet service,Month-to-month,No,Bank transfer (automatic),40.09,490.16,06/11/2022,4.0,No
CUST-12021,Female,0,No,No,20.644777136884386,Yes,No,No,No,No,Yes,Month-to-month,No,Credit card (automatic),67.39,1390.52,2022-11-07,1.0,No
CUST-12022,FEMALE,1,NO,yes,46.330776021686404,Yes,Yes,DSL,No internet service,,No,Month-to-month,No,Bank transfer (automatic),42.87,,2022-11-07,4.0,No
CUST-12023,Male,0,No,No,-5.0,Yes,No,DSL,Yes,No,Yes,Month-to-month,No,Credit card (automatic),, ,2022-11-08,3.0,Yes
CUST-12024,Male,1,No,Yes,13.893904273809746,Yes,Yes,Fiber optic,Yes,No,No internet service,Month-to-month,,Mailed check,59.27,804.45,2022-11-09,3.0,No
CUST-12025,Male,0,No,No,1.4964232023503916,Yes,No,dsl,Yes,No,Yes,Month-to-month,Yes,Electronic check,67.0,94.77,"Nov 10, 2022",2.0,No
CUST-12026,Female,1,Yes,No,33.18631008258753,Yes,Yes,Fiber optic,No,No internet service,Yes,Two year,No,,63.89,2116.8,11/11/2022,2.0,Yes
CUST-12027,,1,,Yes,19.987382817648506,Yes,No,DSL,No internet service,Yes,Yes,One year,Yes,Electronic check,64.64,1289.88,2022-11-12,3.0,No
CUST-12028,Male,0,Yes,,,Yes,No,DSL,No internet service,No internet service,Yes,Month-to-month,No,Electronic check,18.0, ,"Nov 13, 2022",3.0,No
CUST-12029,Female,0,Yes,yes,8.88011151391294,Yes,No,DSL,Yes,No,No,One year,Yes,Electronic check,,1076.17,2022-11-14,99.0,No
CUST-12030,Male,0,No,Yes,16.750938697145973,Yes,No phone service,DSL,Yes,No,Yes,Two year,No,Mailed check,71.66,1206.76,2022-11-14,0.0,No
CUST-12031,Female,0,Yes,yes,-5.0,Yes,Yes,Fiber optic,No,,,Month-to-month,Yes,Electronic check,77.83, ,15/11/2022,4.0,Yes
CUST-12032,Female,0,No,No,33.95382420721749,Yes,Yes,Fiber optic,No internet service,No internet service,No,Month-to-month,Yes,Bank transfer (automatic),54.5,1861.85,2022-11-16,5.0,No
CUST-12033,,0,No,No,18.84070499783362,Yes,No phone service,DSL,No,No,No,Month-to-month,No,,38.48,735.1,2022-11-17,4.0,Yes
CUST-12034,Female,0,Yes,No,50.2640179275044,Yes,No phone service,DSL,No,Yes,Yes,One year,No,Electronic check,69.23,3482.56,2022-11-18,3.0,No
CUST-12035,Male,0,No,No,18.822306771585456,Yes,No,Fiber optic,No,No,No,Month-to-month,Yes,Credit card (automatic),73.38, ,2022-11-19,4.0,Yes
CUST-12036,Male,0,Yes,No,6.531675769628238,Yes,Yes,No,Yes,No,Yes,Month-to-month,No,Electronic check,103.75,661.75,2022-11-20,2.0,No
CUST-12037,Male,0,Yes,No,45.70621974060836,No,No,Fiber optic,No,No,No internet service,Month-to-month,Yes,Electronic check,120.0,5459.81,2022-11-21,4.0,Yes
CUST-12038,Male,0,No,Yes,19.552322143273756,Yes,No,dsl,,Yes,Yes,One year,No,Bank transfer (automatic),109.01,2144.03,2022-11-22,1.0,Yes
CUST-12039,Male,0,No,No,5.561558906944358,,No,Fiber optic,Yes,No,No,One year,Y,Credit card (automatic),18.0,106.56,2022-11-22,4.0,No
CUST-12040,Female,0,No,Yes,23.444591412791112,Yes,No,DSL,No,No,Yes,Month-to-month,Yes,Electronic check,50.89,1187.88,2022-11-23,3.0,No
CUST-12041,Female,0,Yes,No,10.625421515510428,Yes,No,DSL,No,Yes,,Month-to-month,Yes,Mailed check,74.77,796.01,2022-11-24,1.0,Yes
CUST-12042,Female,0,No,No,44.65206567848192,Yes,No,Fiber optic,No,No internet service,Yes,One year,Yes,Electronic check,52.69,2350.27,2022-11-25,5.0,No
CUST-12043,Male,0,Yes,No,14.492510280596523,Yes,Yes,Fiber optic,No,Yes,Yes,Two year,Yes,Credit card (automatic),63.39,919.85,2022-11-26,5.0,No
CUST-12044,Female,0,yes,No,31.109742415998642,,Yes,Fiber optic,No,Yes,No,Two year,No,Electronic check,18.0,583.22,2022-11-27,5.0,No
CUST-12045,Female,1,Yes,Yes,2.409912132052575,Yes,No,Fiber optic,No internet service,No,No internet service,,No,Mailed check,92.13,,2022-11-28,4.0,No
CUST-12046,Male,0,No,Yes,12.101313367375738,No,Yes,Fiber optic,No,No internet service,No,Month-to-month,N,Credit card (automatic),18.0,228.04,2022-11-29,4.0,No
CUST-12047,Female,0,Yes,Yes,72.0,Yes,No,DSL,No,No internet service,Yes,Month-to-month,Yes,Bank transfer (automatic),18.0,1305.64,2022-11-29,3.0,No
CUST-12048,Female,0,Yes,No,39.66384302889946,Yes,Yes,No,Yes,No internet service,No,One year,Yes,Credit card (automatic),$34.26,1350.44,2022-11-30,2.0,No
CUST-12049,Male,1,No,no,4.182789990124926,No,No,Fiber optic,No internet service,Yes,No internet service,Month-to-month,Yes,Credit card (automatic),61.77,261.44,2022-12-01,2.0,Yes
CUST-12050,Female,Yes,No,Yes,7.809681412780254,Yes,Yes,Fiber optic,Yes,,Yes,Month-to-month,No,Mailed check,18.0,131.84,2022-12-02,3.0,Yes
CUST-12051,Female,0,No,yes,9.604864613372701,,Yes,Fiber optic,No internet service,No internet service,Yes,Month-to-month,Yes,Bank transfer (automatic),32.89,328.55,2022-12-03,3.0,No
CUST-12052,Male,0,yes,No,25.22081109321671,Yes,No,Fiber optic,Yes,Yes,No internet service,Month-to-month,,Electronic check,99.17,2504.2,2022-12-04,3.0,No
CUST-12053,  Male ,0,No,No,33.95213447971051,Yes,Yes,DSL,Yes,No,No internet service,Month-to-month,Yes,,61.33,2083.48,2022-12-05,2.0,Yes
CUST-12054,Female,0,No,No,33.225662085247784,Yes,No,Fiber optic,Yes,No,No,1-Year,No,Electronic check,77.71,2601.43,2022-12-06,2.0,Yes
CUST-12055,Female,0,Yes,No,17.11422943097692,No,Yes,DSL,,No,,Month-to-month,Yes,Credit card (automatic),27.61,1654.0,06/12/2022,4.0,Yes
CUST-12056,Female,0,No,Yes,39.961420300753,Yes,No,Fiber optic,No,,Yes,Month-to-month,No,Electronic check,63.08,2500.79,2022-12-07,1.0,No
CUST-12057,Male,0,Yes,No,13.790744423315466,Yes,No,DSL,Yes,Yes,No,Month-to-month,No,Electronic check,60.62,832.61,2022-12-08,2.0,No
CUST-12058,Female,Yes,No,No,3.174068552460762,Yes,Yes,DSL,Yes,No,No,Two year,No,Electronic check,40.84,139.66,2022-12-09,3.0,Yes
CUST-12059,Female,nan,No,No,19.947046746165285,Yes,No,DSL,No,Yes,No,One year,No,Bank transfer (automatic),63.17,1260.32,2022-12-10,2.0,No
CUST-12060,Male,1,yes,No,72.0,Yes,No,Fiber optic,Yes,No,No internet service,Month-to-month,Yes,Electronic check,18.0,$1302.61,2022-12-11,0.0,No
CUST-12061,Female,0,No,Yes,37.80013959805622,Yes,No,No,No,No internet service,No internet service,Month-to-month,Yes,Electronic check,77.86,2949.16,2022-12-12,4.0,No
CUST-12062,Female,0,No,No,20.745879536741306,Yes,Yes,DSL,Yes,Yes,Yes,Two year,No,Electronic check,52.72,1093.11,2022-12-13,3.0,No
CUST-12063,Female,0,No,No,24.97768407082065,Yes,No,Fiber optic,No,No,Yes,Month-to-month,Yes,Electronic check,56.98,1431.46,2022-12-13,1.0,Yes
CUST-12064,Male,0,Yes,No,64.01571360567829,Yes,No phone service,DSL,Yes,No internet service,Yes,,No,Mailed check,90.25,5778.36,2022-12-14,3.0,No
CUST-12065,Female,1,No,No,13.421178197259854,Yes,Yes,No,No,No internet service,No,One year,No,Mailed check,77.66,1030.81,15/12/2022,4.0,No
CUST-12066,Male,0,Yes,No,9.661452932889446,Yes,No,DSL,No,No,Yes,Month-to-month,Yes,Electronic check,55.15,531.89,2022-12-16,99.0,No
CUST-12067,Male,0,No,No,72.0,Yes,No,DSL,Yes,Yes,No internet service,Two year,No,Bank transfer (automatic),31.2, ,2022-12-17,3.0,No
CUST-12068,Male,0,Yes,No,47.784339523024954,No,No,DSL,No,No,Yes,Month-to-month,No,Credit card (automatic),104.56,4983.84,18/12/2022,4.0,No
CUST-12069,Male,0,Yes,No,9.363561292676895,Yes,No,,No,No internet service,Yes,Month-to-month,No,Bank transfer (automatic),24.5,236.65,2022-12-19,2.0,Yes
CUST-12070,Female,0,Yes,No,14.957084841203706,Yes,No,Fiber optic,Yes,No internet service,No,Month-to-month,No,Credit Card,83.58,1236.71,2022-12-20,4.0,No
CUST-12071,Female,0,Yes,Yes,12.870647868693045,Yes,Yes,DSL,No,Yes,No,Two year,Yes,Electronic check,18.0,233.09,2022-12-20,2.0,No
CUST-12072,Male,0,No,Yes,3.8749341024200947,Yes,No,DSL,No,No,Yes,Month-to-month,Y,Credit card (automatic),92.24,363.97,2022-12-21,2.0,Yes
CUST-12073,Female,1,Yes,Yes,72.0,Yes,No phone service,DSL,No,Yes,No,Month-to-month,Yes,Mailed check,95.02,6824.97,2022-12-22,3.0,No
CUST-12074,Female,1,No,No,12.432935107696055,,No,DSL,Yes,Yes,No,Month-to-month,No,Mailed check,18.0,225.7,2022/12/23 13:13,2.0,No
CUST-12075,Female,0,Yes,No,49.96986418391083,Yes,No phone service,No,No,No,Yes,Two year,Yes,Mailed check,78.18,3911.81,"Dec 24, 2022",4.0,Yes
CUST-12076,Male,0,No,No,5.038237592289212,No,Yes,Fiber optic,Yes,Yes,Yes,Month-to-month,Yes,Mailed check,75.7,365.27,2022-12-25,5.0,Yes
CUST-12077,Female,0,No,No,19.050895747525452,Yes,No,Fiber optic,No,Yes,No,Month-to-month,No,Mailed check,,1649.43,2022-12-26,3.0,No
CUST-12078,,nan,No,Yes,0.5820750943161832,Yes,No,DSL,No,No,No,One year,Yes,Bank transfer (automatic),75.66,50.37,2022-12-27,3.0,Yes
CUST-12079,Female,0,No,Yes,34.67659594110005,Yes,No,Fiber optic,No,No,No internet service,One year,,Electronic check,35.83,1230.79,2022-12-27,2.0,No
CUST-12080,Male,Yes,Yes,Yes,20.872293281405977,Yes,Yes,DSL,No internet service,No internet service,No,Two year,Yes,Bank transfer (automatic),58.18,1200.2,28/12/2022,3.0,Yes
CUST-12081,Male,0,No,No,23.57766510807944,Yes,No,DSL,Yes,No,Yes,Month-to-month,Yes,Bank transfer (automatic), 114.6 ,2697.93,2022-12-29,3.0,Yes
CUST-12082,Female,1,Yes,Yes,1.2745534170594122,Yes,No,Fiber optic,,No,Yes,Two year,Yes,Mailed check,31.47,51.96,2022-12-30,3.0,Yes
CUST-12083,male,1,No,Yes,5.688900961496943,Yes,Yes,DSL,Yes,No,Yes,Month-to-month,Yes,Electronic check,74.39,437.22,2022-12-31,4.0,Yes
CUST-12084,Female,0,No,yes,1.8537221218665394,Yes,No,Fiber optic,No internet service,Yes,No,Month-to-month,No,Electronic check,99.24,189.01,"Jan 01, 2023",4.0,Yes
CUST-12085,Female,No,Yes,No,8.183096261015663,Yes,Yes,No,No,No,No,Two year,Yes,Electronic check,34.98,279.5,2023-01-02,1.0,No
CUST-12086,Male,0,No,Yes,23.696508403201204,Yes,Yes,DSL,No internet service,Yes,No internet service,One year,Yes,Electronic check,22.2,516.39,"Jan 03, 2023",4.0,No
CUST-12087,Female,0,No,No,20.043344928545118,Yes,No,No,Yes,No internet service,Yes,One year,Yes,Electronic check,26.72,534.63,2023-01-03,5.0,No
CUST-12088,Female,0,Yes,No,,Yes,No,DSL,No,No,Yes,month-to-month,Yes,Electronic check,76.55, ,2023-01-04,1.0,No
CUST-12089,Male,1,Yes,No,145.0,No,yes,Fiber optic,No,Yes,Yes,One year,Yes,Electronic check,26.46,3829.85,2023-01-05,3.0,No
CUST-12090,Female,0,Yes,No,7.652841867377236,Yes,Yes,Fiber optic,,No,Yes,Month-to-month,No,Electronic check,60.64,475.53,2023-01-06,4.0,No
CUST-12091,Fe-male,0,yes,Yes,6.729250104098941,,Yes,Fiber optic,,No internet service,No,Two year,No,,105.84,718.03,2023-01-07,4.0,Yes
CUST-12092,Male,0,No,No,3.5378339640435423,Yes,No,DSL,Yes,Yes,,Month-to-month,No,,63.16,217.82,2023-01-08,3.0,yes
CUST-12093,Female,0,Yes,No,45.38267814186475,Yes,No,No,No,Yes,No,One year,N,Electronic check,41.37,1856.63,2023-01-09,4.0,No
CUST-12094,Male,0,Yes,Yes,23.00068405779017,Yes,Yes,dsl,No,No internet service,No internet service,Month-to-month,No,Electronic check,68.46,1565.74,2023-01-10,3.0,No
CUST-12095,Female,0,No,No,4.954149350512001,Yes,No,DSL,Yes,Yes,Yes,Month-to-month,Yes,Mailed check,62.64, ,2023-01-10,3.0,Yes
CUST-12096,Female,1,No,No,4.681284507558824,No,yes,No,Yes,Yes,Yes,One year,Yes,Electronic check,78.28,,11/01/2023,4.0,No
CUST-12097,Female,0,Yes,No,49.53236541119884,Yes,No,Fiber optic,,No,Yes,Month-to-month,No,Mailed check,113.27,5605.0,2023/01/12 16:58,5.0,Yes
CUST-12098,Female,0,Yes,Yes,32.58318046395071,Yes,Yes,No,No,No,Yes,One year,No,Mailed check,,2499.41,"Jan 13, 2023",4.0,No
CUST-12099,Male,0,No,No,25.84905142472857,Yes,No,DSL,Yes,No,No,Two year,Yes,Mailed check,120.0,3096.02,2023-01-14,5.0,Yes
CUST-12100,FEMALE,0,Yes,Yes,145.0,Yes,No phone service,No,Yes,No,Yes,Month-to-month,No,Credit card (automatic),78.36,11382.73,2023-01-15,2.0,No
CUST-12101,Female,1,Yes,No,7.2906802607063215,Yes,Yes,DSL,Yes,No internet service,No internet service,One year,,Credit card (automatic),41.68,298.25,2023-01-16,1.0,Yes
CUST-12102,Male,1,NO,Yes,72.0,Yes,No,No,No,No internet service,,Two year,No,,120.0,8635.3,2023-01-17,3.0,Yes
CUST-12103,Female,0,No,Yes,38.29752406604299,No,No phone service,Fiber optic,No,,Yes,One year,Yes,Electronic check,$60.96,2344.31,17/01/2023,1.0,No
CUST-12104,Female,1,Yes,No,8.621278248003009,Yes,No,Fiber optic,No,No,No,One year,Y,Credit card (automatic),$33.05,289.61,2023-01-18,4.0,No
CUST-12105,Male,1,Yes,No,45.14437600456847,Yes,Yes,DSL,Yes,Yes,No,Month-to-month,,Bank transfer (automatic),120.0,5429.29,2023-01-19,2.0,
CUST-12106,Female,1,Yes,No,34.14422434697284,Yes,yes,No,No,No internet service,Yes,Month-to-month,Yes,Bank transfer (automatic),42.71,1464.75,"Jan 20, 2023",3.0,Yes
CUST-12107,male,0,Yes,No,8.460311374382005,Yes,No,Fiber optic,Yes,Yes,No internet service,Month-to-month,No,Credit card (automatic),41.53,339.82,2023-01-21,4.0,Yes
CUST-12108,Male,No,No,Yes,13.34614817999059,Yes,No,Fiber optic,No internet service,No internet service,Yes,Month-to-month,No,Credit card (automatic),48.16,668.41,2023/01/22 08:19,3.0,Yes
CUST-12109,,0,Yes,No,4.937705333296877,Yes,No,Fiber optic,Yes,Yes,No,One year,Yes,Bank transfer (automatic),69.64,343.57,2023-01-23,2.0,Yes
CUST-12110,Male,0,No,No,2.825208906231974,Yes,Yes,No,No,No internet service,Yes,Month-to-month,No,Mailed check,92.63,238.71,2023-01-24,5.0,Yes
CUST-12111,Male,0,No,Yes,30.789097305064942,Yes,No,DSL,No,No internet service,Yes,1-Year,Yes,Mailed check,18.0,,"Jan 24, 2023",4.0,No
CUST-12112,Male,0,Yes,No,7.47139501765788,No,No,DSL,No,No,No,Two year,No,Bank transfer (automatic),416.23,696.06,2023/01/25 20:27,4.0,Yes
CUST-12113,male,0,Yes,Yes,41.16307901262039,Yes,No,No,No,Yes,No internet service,Month-to-month,No,Credit card (automatic),$48.06,1975.2,26/01/2023,4.0,No
CUST-12114,Female,0,No,,72.0,Yes,Yes,Fiber optic,No,Yes,Yes,Month-to-month,Yes,Bank transfer (automatic),52.31,3761.3,27/01/2023,3.0,No
CUST-12115,Male,0,No,No,1.9131414412743672,Yes,Yes,Fiber optic,No internet service,No,Yes,One year,Yes,Mailed check,116.16,229.46,"Jan 28, 2023",3.0,Yes
CUST-12116,Male,1,No,No,15.37491320819439,Yes,No,DSL,No,Yes,No,Two year,No,Mailed check,71.1,1084.39,2023-01-29,2.0,Yes
CUST-12117,Female,0,Yes,yes,38.87530210385805,Yes,No phone service,No,Yes,No,Yes,1-Year,N,Electronic check,78.13,3042.91,2023-01-30,4.0,No
CUST-12118,Male,0,No,No,37.335946914398434,Yes,Yes,DSL,No,No,No,Month-to-month,Yes,Credit card (automatic),63.24,2356.17,2023-01-31,3.0,No
CUST-12119,male,0,No,Yes,34.25050837014264,Yes,Yes,Fiber optic,Yes,No,No internet service,Month-to-month,No,Electronic check,87.61,3008.31,2023-01-31,4.0,No
CUST-12120,Female,0,No,No,10.3017085663117,Yes,No,No,No,No,No internet service,Two year,Yes,Bank transfer (automatic),113.24,1159.87,2023-02-01,2.0,Yes
CUST-12121,Female,1,Yes,Yes,14.51682184477941,,No phone service,DSL,Yes,No,No,Month-to-month,Yes,Credit card (automatic),18.0,259.6,02/02/2023,4.0,No
CUST-12122,Fe-male,0,No,No,21.69096203775667,Yes,No,No,No,Yes,No internet service,Two year,No,Mailed check,97.24,2104.65,2023-02-03,1.0,No
CUST-12123,Male,0,No,No,72.0,Yes,Yes,Fiber optic,No,No,No,Month-to-month,No,Credit card (automatic),111.11,8014.55,2023-02-04,4.0,Yes
CUST-12124,,Yes,Yes,No,9.523763072041199,Yes,Yes,Fiber optic,Yes,No internet service,No internet service,Two year,No,Credit card (automatic),,778.01,2023/02/05 08:50,4.0,Yes
CUST-12125,Female,0,No,No,61.579686646103156,No,Yes,Fiber optic,No,Yes,Yes,Month-to-month,Yes,Electronic check,44.38,,2023-02-06,4.0,No
CUST-12126,Female,0,Yes,No,7.531924767240042,No,No,Fiber optic,No,Yes,No,One year,Yes,Mailed check,30.13,,INVALID_DATE,4.0,No
CUST-12127,Male,0,Yes,No,72.0,Yes,No,DSL,Yes,No internet service,,One year,No,Bank transfer (automatic),120.0,8635.7,"Feb 07, 2023",3.0,No
CUST-12128,male,0,Yes,Yes,26.627087878217274,Yes,yes,DSL,No,Yes,No,1-Year,Yes,Mailed check,37.55,1009.05,2023-02-08,3.0,No
CUST-12129,Male,0,yes,No,14.94504277819983,Yes,No,fiber optic,No,Yes,No internet service,Month-to-month,Yes,Bank transfer (automatic),110.23,1635.95,2023-02-09,1.0,Yes
CUST-12130,Male,0,Yes,Yes,22.808158877703676,Yes,Yes,DSL,Yes,No,Yes,Month-to-month,No,Bank transfer (automatic),76.42,1732.33,2023-02-10,2.0,Yes
CUST-12131,Male,0,No,No,7.636418997500233,Yes,Yes,No,No internet service,Yes,No internet service,Month-to-month,No,Electronic check,120.0,908.94,2023-02-11,4.0,Yes
CUST-12132,Female,1,No,Yes,7.690674383805742,Yes,No,DSL,No,Yes,No,Two year,Yes,Mailed check,55.15,420.28,2023-02-12,0.0,Yes
CUST-12133,Female,0,Yes,No,2.892856380935304,Yes,No,Fiber optic,Yes,,Yes,One year,Yes,Electronic check,18.0,49.53,2023-02-13,3.0,Yes
CUST-12134,Female,0,No,Yes,2.906282385784477,Yes,no,No,No internet service,No,Yes,One year,No,Electronic check,,169.87,"Feb 14, 2023",4.0,Yes
CUST-12135,male,No,No,Yes,10.25297711390943,Yes,No,DSL,No,No internet service,Yes,Month-to-month,,Mailed check,20.11,216.03,2023-02-15,4.0,No
CUST-12136,Male,0,No,yes,34.53805261902224,Yes,Yes,No,No,Yes,No internet service,Month-to-month,Yes,Bank transfer (automatic),120.0,4157.85,2023-02-15,,Yes
CUST-12137,Female,0,No,Yes,22.474077356423756,Yes,No,Fiber optic,Yes,No internet service,No,Month-to-month,Yes,Electronic check,83.58,$1893.87,16/02/2023,4.0,Yes
CUST-12138,Male,1,No,No,2.5976731367396177,Yes,Yes,Fiber optic,No,No,No internet service,Month-to-month,Yes,Credit card (automatic),88.04,214.88,2023-02-17,4.0,Yes
CUST-12139,Female,1,Yes,Yes,45.89141820810859,Yes,Yes,Fiber optic,No,Yes,No,Two year,No,Mailed check,88.06,4039.55,2023-02-18,1.0,No
CUST-12140,Female,Yes,yes,No,22.073175785226496,Yes,Yes,Fiber optic,No,No,No internet service,Month-to-month,Yes,Credit card (automatic),,979.65,2023-02-19,3.0,No
CUST-12141,Female,0,Yes,No,72.0,Yes,No,Fiber optic,Yes,No internet service,No,One year,No,Mailed check,-60.74,4352.84,2023-02-20,2.0,No
CUST-12142,Female,0,No,No,26.621395319367306,No,Yes,Fiber optic,Yes,Yes,Yes,Two year,Yes,Electronic check,68.01,1799.09,"Feb 21, 2023",5.0,No
CUST-12143,Male,0,Yes,Yes,4.622012906840942,Yes,No phone service,DSL,No,No,Yes,Two year,Yes,Credit card (automatic),120.0,562.65,2023-02-22,3.0,Yes
CUST-12144,Female,1,yes,No,15.409015015309866,Yes,No,DSL,Yes,No,,Two year,No,Bank transfer (automatic),29.99,458.85,2023-02-22,3.0,Yes
CUST-12145,Female,1,No,No,25.092929589508344,Yes,No,No,No,No,Yes,Month-to-month,Yes,Mailed check,42.84,1073.45,2023-02-23,99.0,No
CUST-12146,Female,0,No,No,0.6881241070154644,Yes,No,No,No,No,Yes,One year,No,Mailed check,53.81,29.96,2023-02-24,4.0,Yes
CUST-12147,Male,0,Yes,No,0.3605409498890967,No,No,Fiber optic,No internet service,Yes,Yes,Month-to-month,Yes,Electronic check,44.49,19.06,2023-02-25,4.0,No
CUST-12148,Female,0,Yes,No,3.3258263149630576,Yes,No,Fiber optic,No,Yes,Yes,Month-to-month,Yes,Mailed check,20.93,71.32,"Feb 26, 2023",2.0,Yes
CUST-12149,Female,0,No,Yes,6.957690848555357,Yes,yes,Fiber optic,Yes,No,No internet service,One year,Yes,Electronic check,18.0,114.3,2023-02-27,1.0,Yes
CUST-12150,Male,0,No,Yes,13.471877267301993,Yes,Yes,Fiber optic,No internet service,No internet service,No,Two year,Yes,Mailed check,18.0,232.16,28/02/2023,2.0,yes
CUST-12151,Male,1,Yes,Yes,16.04012222287033,Yes,No,Fiber optic,No internet service,No,No,Month-to-month,Yes,Credit card (automatic),97.67,1578.71,01/03/2023,4.0,Yes
CUST-12152,Female,0,NO,Yes,3.564768906279739,No,,,No,No,No internet service,Month-to-month,No,Credit card (automatic),64.45,206.73,2023-03-01,3.0,Yes
CUST-12153,Female,1,No,Yes,26.855839567185157,Yes,No,DSL,Yes,Yes,No,One year,No,Electronic check,89.77,2415.0,2023-03-02,1.0,Yes
CUST-12154,Male,0,Yes,No,21.76037271117479,Yes,No,Fiber optic,No,No,No internet service,Month-to-month,No,Credit card (automatic),47.22,1029.33,"Mar 03, 2023",4.0,No
CUST-12155,Male,0,No,No,8.371142914677325,Yes,Yes,No,No internet service,No,Yes,One year,Yes,Mailed check,61.75,532.6,"Mar 04, 2023",2.0,Yes
CUST-12156,Male,1,No,yes,0.33009691328727375,Yes,No phone service,Fiber optic,Yes,No,,Month-to-month,Yes,Electronic check,113.09,32.94,2023-03-05,3.0,Yes
CUST-12157,Male,0,No,Yes,1.9398781864792451,Yes,Yes,No,No,No internet service,Yes,Month-to-month,Yes,Credit card (automatic),111.28,209.79,2023-03-06,4.0,Yes
CUST-12158,Female,0,Yes,No,11.929884216489308,Yes,No,DSL,No,Yes,No,One year,No,Mailed check,92.96,1119.66,2023-03-07,4.0,No
CUST-12159,Female,1,No,No,4.012934449546294,Yes,No,DSL,No,Yes,No,Two year,Yes,Electronic check,70.77,276.72,2023-03-08,,Yes
CUST-12160,Female,0,No,No,11.350061888719615,Yes,No,No,No,,Yes,One year,Yes,Electronic check,80.24,899.04,2023-03-08,3.0,Yes
CUST-12161,Female,0,Yes,Yes,23.744458021582137,Yes,Yes,Fiber optic,No,Yes,No,Two year,Yes,Mailed check,75.82,1809.37,2023-03-09,3.0,Yes
CUST-12162,Male,0,No,Yes,19.017297942086085,Yes,Yes,Fiber optic,No,No,Yes,Month-to-month,Yes,Electronic check,59.69,1143.7,2023-03-10,2.0,No
CUST-12163,Female,1,No,Yes,6.309433255914371,Yes,Yes,DSL,No,No,Yes,Two year,Yes,Credit card (automatic),52.57,337.68,2023-03-11,3.0,Yes
CUST-12164,Female,1,No,No,10.111774417158134,Yes,Yes,Fiber optic,Yes,No,No,Month-to-month,Yes,Mailed check,98.37,986.35,12/03/2023,5.0,Yes
CUST-12165,,1,Yes,No,22.847969706727834,Yes,No,Fiber optic,No,Yes,,Two year,Yes,Mailed check,25.83,,2023-03-13,0.0,No
CUST-12166,Female,0,No,Yes,145.0,No,Yes,DSL,No,Yes,No,Month-to-month,Yes,Electronic check,109.32,15863.21,2023-03-14,,No
CUST-12167,Male,1,Yes,Yes,33.58155456897145,Yes,No,Fiber optic,,No,No,Month-to-month,No,Credit card (automatic),56.44,1896.93,2023-03-15,3.0,Yes
CUST-12168,Female,0,Yes,No,19.346207991836607,Yes,No,Fiber optic,No,Yes,Yes,Month-to-month,No,Mailed check,25.28,490.86,15/03/2023,4.0,No
CUST-12169,Male,0,Yes,No,10.797032307187205,Yes,Yes,DSL,Yes,No,Yes,One year,No,Mailed check,48.33,537.6,2023-03-16,3.0,No
CUST-12170,Female,0,No,No,10.901064849225738,Yes,No,Fiber optic,,No,No,Month-to-month,Yes,Credit card (automatic),38.47,430.02,2023-03-17,3.0,Yes
CUST-12171,Male,0,No,No,50.770068948522386,Yes,No,Fiber optic,No,No,,month-to-month,Yes,Electronic check,47.43,2422.46,"Mar 18, 2023",2.0,No
CUST-12172,Male,1,Yes,No,0.9608247158125756,No,Yes,DSL,No internet service,No,No internet service,Month-to-month,No,Mailed check,46.88,64.71,"Mar 19, 2023",1.0,Yes
CUST-12173,Female,0,No,Yes,72.0,Yes,Yes,Fiber optic,Yes,No internet service,Yes,Month-to-month,Yes,Bank transfer (automatic),45.69,3297.6,2023-03-20,3.0,No
CUST-12174,Male,0,Yes,No,26.202288908603766,Yes,Yes,DSL,No,No,No,Month-to-month,Yes,Mailed check,55.46,1444.75,2023-03-21,2.0,No
CUST-12175,Female,0,No,No,27.431902270147102,,No,DSL,Yes,No,No,Month-to-month,No,Electronic check,62.76,1715.56,2023-03-22,5.0,No
CUST-12176,Male,0,,yes,0.9297259246797345,No,No,Fiber optic,No internet service,No internet service,No,One year,N,Electronic check,87.62,84.62,2023-03-22,4.0,Yes
CUST-12177,Female,No,No,Yes,22.32504837677198,Yes,Yes,Fiber optic,No internet service,No,No,One year,No,Electronic check,57.35,1262.45,2023-03-23,4.0,Yes
CUST-12178,Female,0,Yes,No,145.0,,Yes,No,No,No internet service,No internet service,Two year,,,74.48,10798.15,2023-03-24,1.0,No
CUST-12179,Female,0,No,No,2.6832534398251213,Yes,No,DSL,Yes,Yes,Yes,Month-to-month,No,Mailed check,64.93,182.35,2023-03-25,4.0,Yes
CUST-12180,Male,0,Yes,No,7.8149310623491814,Yes,yes,Fiber optic,Yes,No internet service,No internet service,month-to-month,No,Electronic check,80.92,634.88,2023-03-26,4.0,Yes
CUST-12181,Male,0,Yes,Yes,53.0433047977785,Yes,no,DSL,No,No,Yes,Month-to-month,Yes,Credit card (automatic),66.1,3503.18,27/03/2023,3.0,No
CUST-12182,Male,Yes,No,No,19.163566896696,Yes,No,Fiber optic,No,No internet service,No,Two year,Y,Mailed check,45.3,877.03,28/03/2023,4.0,Yes
CUST-12183,Male,0,No,No,12.802569100471143,Yes,Yes,Fiber optic,No,No internet service,No internet service,Month-to-month,No,Mailed check,37.15,467.98,2023-03-29,5.0,Yes
CUST-12184,Female,1,Yes,No,1.8110135574238035,Yes,Yes,Fiber optic,No,Yes,No,Two year,Yes,Bank transfer (automatic),71.01,139.79,INVALID_DATE,4.0,Yes
CUST-12185,FEMALE,0,yes,No,30.05252350689293,Yes,No,DSL,No,No,Yes,One year,Yes,Bank transfer (automatic),102.9,3097.71,30/03/2023,3.0,No
CUST-12186,Female,0,No,Yes,29.124503715624886,Yes,No phone service,No,Yes,No,Yes,Month-to-month,Yes,Bank transfer (automatic),57.83,1690.26,2023-03-31,2.0,No
CUST-12187,Female,0,Yes,Yes,22.8487412959337,Yes,Yes,Fiber optic,No,Yes,No,Month-to-month,Y,Electronic check,43.67,994.73,2023-04-01,3.0,No
CUST-12188,Female,0,No,No,145.0,Yes,Yes,fiber optic,No,No,Yes,One year,No,Credit card (automatic),57.01,,2023-04-02,0.0,No
CUST-12189,Female,nan,No,No,13.650728603535022,,Yes,DSL,No internet service,Yes,No,Month-to-month,Yes,Electronic check,47.86,661.56,03/04/2023,4.0,No
CUST-12190,Male,0,No,no,21.59060139850508,No,Yes,Fiber optic,No,No internet service,Yes,One year,Yes,Electronic check,,962.23,2023-04-04,1.0,Yes
CUST-12191,male,0,No,No,6.378820632220817,No,No,Fiber optic,No,Yes,No internet service,One year,,Electronic check,21.39,121.3,2023-04-05,4.0,No
CUST-12192,Female,0,No,No,68.0308421216569,Yes,No,Fiber optic,Yes,No,Yes,Two year,No,Credit card (automatic),$57.37,3905.54,2023-04-05,2.0,No
CUST-12193,Female,0,Yes,No,21.327894249765556,Yes,No,DSL,No internet service,Yes,No,,Yes,Bank transfer (automatic),71.77,1545.1,06/04/2023,3.0,Yes
CUST-12194,Male,0,No,No,8.947040559376969,Yes,No,dsl,Yes,Yes,No,Month-to-month,Yes,Credit card (automatic),32.24,288.14,2023-04-07,4.0,Yes
CUST-12195,Male,0,No,No,14.33412193930005,Yes,Yes,DSL,No,No,No,Month-to-month,Yes,Bank transfer (automatic),38.35,550.09,2023-04-08,3.0,Yes
CUST-12196,Female,0,Yes,Yes,39.31856733297523,Yes,No,DSL,No internet service,No,Yes,Month-to-month,Yes,Electronic check,36.26,1410.83,2023-04-09,3.0,Yes
CUST-12197,Female,0,No,No,4.230698928102183,Yes,Yes,Fiber optic,No,Yes,No,Two year,No,Electronic check,23.1,108.46,2023-04-10,3.0,Yes
CUST-12198,Female,0,yes,No,8.31581136127932,Yes,No,Fiber optic,No,No internet service,No,month-to-month,Yes,Mailed check,36.03,297.67,2023-04-11,3.0,Yes
CUST-12199,Male,nan,yes,No,27.30955283697713,No,No,Fiber optic,Yes,Yes,Yes,2-Year,Yes,Electronic check,58.76,1615.49,2023-04-12,4.0,No
CUST-12200,,0,Yes,No,9.097220781788765,No,No,Fiber optic,No internet service,No internet service,No internet service,month-to-month,No,Electronic check,24.44,230.73,2023-04-12,4.0,Yes
CUST-12201,Male,0,Yes,Yes,37.743169072816684,Yes,Yes,Fiber optic,Yes,No,No internet service,Two year,Yes,Credit card (automatic),,2278.45,2023-04-13,4.0,No
CUST-12202,Male,0,No,No,3.3548028686513396,Yes,No phone service,Fiber optic,Yes,No,Yes,,Y,Credit card (automatic),43.6,150.64,2023-04-14,2.0,No
CUST-12203,Male,0,Yes,No,34.52092412392602,Yes,No phone service,Fiber optic,Yes,Yes,No,Month-to-month,Yes,Mailed check,,4449.98,2023-04-15,4.0,no
CUST-12204,Female,0,yes,No,1.6991978872815108,No,Yes,No,Yes,No,No,month-to-month,Yes,Credit card (automatic),76.02,137.76,2023-04-16,1.0,Yes
CUST-12205,FEMALE,0,Yes,Yes,0.3041417180325089,Yes,,No,No internet service,No,Yes,Two year,Yes,Bank transfer (automatic),45.5,12.49,2023-04-17,2.0,Yes
CUST-12206,Male,1,Yes,Yes,,Yes,Yes,Fiber optic,No,Yes,Yes,Month-to-month,Yes,Electronic check,50.6, ,2023-04-18,3.0,No
CUST-12207,Female,0,Yes,No,20.8966625736742,Yes,No phone service,DSL,No,Yes,,Month-to-month,Yes,Mailed check,103.64,2158.78,2023-04-19,3.0,Yes
CUST-12208,Male,1,Yes,No,10.406339620284934,Yes,No,No,No internet service,Yes,No,Month-to-month,Yes,Electronic check,37.1,378.82,2023-04-19,1.0,Yes
CUST-12209,FEMALE,0,No,No,6.353762702733375,No,yes,DSL,Yes,Yes,No internet service,Two year,No,Electronic check,111.68,719.83,"Apr 20, 2023",1.0,Yes
CUST-12210,Female,0,Yes,Yes,23.026130837516448,Yes,Yes,DSL,Yes,Yes,No,One year,Yes,Electronic check,54.27,1252.56,"Apr 21, 2023",4.0,Yes
CUST-12211,Female,0,Yes,No,17.07157435966011,Yes,Yes,DSL,No,Yes,Yes,Month-to-month,Yes,Credit card (automatic),30.62,511.61,2023-04-22,3.0,No
CUST-12212,Male,0,Yes,Yes,72.0,No,No,DSL,No,No,Yes,Two year,No,Mailed check,48.08,3458.61,2023-04-23,1.0,Yes
CUST-12213,Fe-male,1,No,Yes,72.0,No,No phone service,No,No,No,No,Month-to-month,Yes,Credit card (automatic),66.76,4799.52,2023/04/24 08:43,3.0,No
CUST-12214,Female,0,Yes,No,24.190205571894133,Yes,No phone service,Fiber optic,Yes,No,No,Two year,No,Electronic check,102.34,2466.33,2023-04-25,3.0,Yes
CUST-12215,Male,0,No,No,14.038981956615117,Yes,Yes,fiber optic,No,Yes,Yes,Two year,Yes,Electronic check,,,"Apr 26, 2023",3.0,Yes
CUST-12216,Female,0,No,Yes,16.21402209368389,Yes,No phone service,DSL,No,No,No,2-Year,Yes,Credit card (automatic),66.62,1088.69,"Apr 26, 2023",5.0,No
CUST-12217,Male,nan,No,Yes,27.533076713055287,Yes,,Fiber optic,Yes,No,No internet service,Month-to-month,Yes,Mailed check,$102.50,2827.16,2023/04/27 20:51,3.0,Yes
CUST-12218,Female,0,yes,Yes,2.570676993692807,Yes,No,dsl,Yes,No,No,Two year,Yes,Credit card (automatic),18.0,58.55,2023-04-28,,Yes
CUST-12219,Male,Yes,No,No,9.552503882733115,Yes,Yes,No,No,No,Yes,Month-to-month,No,Electronic check,72.18,686.46,2023-04-29,1.0,Yes
CUST-12220,Female,0,yes,No,1.8781415852938508,Yes,No,Fiber optic,No,No,Yes,Month-to-month,Yes,Credit card (automatic),74.0,139.14,2023-04-30,1.0,Yes
CUST-12221,Female,0,Yes,No,1.8285829921090648,Yes,Yes,DSL,No,Yes,,Month-to-month,No,Mailed check,74.36,131.01,2023-05-01,4.0,Yes
CUST-12222,Male,0,Yes,No,5.230945965536216,No,No,Fiber optic,,No,No internet service,One year,No,Electronic check,-18.0,92.96,2023-05-02,4.0,No
CUST-12223,Male,0,Yes,No,15.937926138287553,Yes,Yes,Fiber optic,No internet service,Yes,Yes,,Yes,Bank transfer (automatic),$34.19,,2023-05-03,3.0,Yes
CUST-12224,Male,0,No,Yes,36.865635176676015,No,Yes,Fiber optic,No,No internet service,No internet service,One year,No,Credit card (automatic),59.71,2187.71,2023-05-04,2.0,No
CUST-12225,Female,0,  Yes,no,15.949241704026218,Yes,No,Fiber optic,,No internet service,Yes,month-to-month,Yes,Electronic check,98.14,1567.26,04/05/2023,4.0,No
CUST-12226,Male,1,No,No,9.808444869463097,Yes,Yes,Fiber optic,,No,Yes,Month-to-month,No,,120.0,1180.74,2023-05-05,0.0,Yes
CUST-12227,Female,1,Yes,Yes,2.062619600948025,Yes,Yes,Fiber optic,No,,Yes,Month-to-month,No,Bank transfer (automatic),44.77,89.31,2023-05-06,,No
CUST-12228,Male,1,yes,Yes,19.179951123272332,Yes,Yes,Fiber optic,No,No,Yes,One year,Yes,Mailed check,25.4,491.32,07/05/2023,4.0,No
CUST-12229,Male,0,Yes,Yes,7.594801110019578,Yes,Yes,DSL,No internet service,No,No internet service,Month-to-month,Yes,Electronic check,89.17,688.34,2023-05-08,4.0,Yes
CUST-12230,Female,0,Yes,Yes,22.904183828603593,No,Yes,Fiber optic,No,Yes,No,2-Year,Yes,Mailed check,120.0,2751.25,2023-05-09,4.0,Yes
CUST-12231,Male,0,Yes,No,72.0,Yes,No phone service,Fiber optic,Yes,No,Yes,Two year,Yes,Electronic check,97.91,7043.58,"May 10, 2023",4.0,No
CUST-12232,male,1,Yes,No,2.8322801629021632,No,No,DSL,No,No internet service,No internet service,Month-to-month,Yes,Mailed check,42.24, ,2023-05-11,,Yes
CUST-12233,Female,Yes,No,No,,Yes,,DSL,Yes,No internet service,No internet service,Two year,N,Credit card (automatic),120.0, ,"May 11, 2023",4.0,Yes
CUST-12234,Female,0,Yes,No,15.37761925717951,No,No,DSL,No,No,Yes,Month-to-month,Yes,Bank transfer (automatic),85.3,1320.43,"May 12, 2023",4.0,Yes
CUST-12235,Female,0,No,No,72.0,Yes,No,Fiber optic,Yes,No,No,Month-to-month,Yes,Mailed check,40.97,2945.51,2023-05-13,3.0,No
CUST-12236,male,0,No,No,35.46181639846516,Yes,Yes,,Yes,No,No,One year,Yes,Electronic check,120.0,4253.32,2023-05-14,3.0,Yes
CUST-12237,Male,0,No,Yes,54.84076765834624,Yes,No,DSL,Yes,No internet service,No,One year,Yes,electronic check,38.6,2130.62,2023-05-15,5.0,No
CUST-12238,Male,0,No,No,9.744901071177177,Yes,Yes,Fiber optic,No internet service,No,No,,Yes,Electronic check,$46.07,438.8,"May 16, 2023",3.0,yes
CUST-12239,Male,0,Yes,No,72.0,No,Yes,Fiber optic,No,No,Yes,Month-to-month,Yes,Electronic check,,,2023-05-17,1.0,Yes
CUST-12240,Female,1,No,Yes,2.6043132741787254,Yes,Yes,DSL,Yes,No,Yes,One year,Yes,Bank transfer (automatic),63.95,174.57,2023-05-18,3.0,Yes
CUST-12241,Male,0,No,Yes,1.3062618217329047,Yes,No,No,Yes,No internet service,No internet service,Month-to-month,Yes,Credit card (automatic),65.81,86.28,2023-05-18,99.0,No
CUST-12242,Female,0,Yes,No,46.44446989401205,Yes,No,Fiber optic,No,No internet service,No internet service,Month-to-month,No,,65.86,3071.12,2023/05/19 18:40,4.0,No
CUST-12243,,nan,No,No,62.90233908705514,Yes,No,No,,Yes,Yes,One year,No,electronic check,98.13,6173.59,2023/05/20 15:42,2.0,No
CUST-12244,Female,0,Yes,Yes,2.278899275903486,Yes,No,DSL,Yes,Yes,Yes,Month-to-month,Yes,Credit card (automatic),,143.57,21/05/2023,1.0,Yes
CUST-12245,Female,0,Yes,No,,Yes,No,DSL,Yes,No internet service,No internet service,Two year,No,Mailed check,73.24, ,2023-05-22,4.0,Yes
CUST-12246,Male,0,No,No,0.8096856201790854,Yes,No,DSL,No,No internet service,Yes,One year,Yes,Electronic check,55.99,52.56,2023-05-23,3.0,Yes
CUST-12247,Female,0,No,No,2.6491560643008514,Yes,No,Fiber optic,No,No,Yes,Month-to-month,No,Bank transfer (automatic),42.13,96.07,2023-05-24,1.0,Yes
CUST-12248,Female,0,Yes,Yes,5.639716654893863,Yes,Yes,No,No,No,Yes,Month-to-month,Yes,Electronic check,42.05,233.87,25/05/2023,99.0,No
CUST-12249,Male,1,No,yes,72.0,Yes,Yes,DSL,No,No internet service,No,Month-to-month,No,Electronic check,18.0,1294.52,2023-05-25,4.0,No
CUST-12250,Male,0,No,No,26.4527851516374,Yes,No,Fiber optic,No,No internet service,Yes,Two year,No,Electronic check,-40.75, ,2023-05-26,4.0,Yes
CUST-12251,male,0,No,Yes,36.181730664389434,No,No,DSL,No,No internet service,No,Month-to-month,No,Electronic check,103.41,3746.67,"May 27, 2023",5.0,No
CUST-12252,Female,0,Yes,No,35.92156221043912,Yes,Yes,No,No internet service,Yes,Yes,Month-to-month,No,Mailed check,89.66,3219.82,2023-05-28,3.0,No
CUST-12253,Female,0,No,No,18.381035703578085,Yes,Yes,No,Yes,No,,One year,No,Mailed check,58.96,1084.27,"May 29, 2023",3.0,Yes
CUST-12254,Female,0,Yes,Yes,38.32706310888073,Yes,No,Fiber optic,Yes,Yes,No internet service,2-Year,Yes,Mailed check,22.36,858.31,2023-05-30,3.0,No
CUST-12255,Female,0,No,Yes,21.740738627771655,Yes,Yes,DSL,No internet service,No internet service,No internet service,Two year,No,Credit card (automatic),-89.36,1936.53,2023-05-31,99.0,No
CUST-12256,Female,0,Yes,Yes,9.064176694249928,Yes,No,Fiber optic,No internet service,Yes,No internet service,Month-to-month,Yes,Bank transfer (automatic),104.0,925.13,01/06/2023,2.0,Yes
CUST-12257,Male,1,Yes,,19.764161150567112,,No,DSL,Yes,No,No,Month-to-month,Yes,Credit card (automatic),95.73,1893.79,"Jun 01, 2023",4.0,Yes
CUST-12258,Male,0,No,Yes,18.30037594313187,Yes,Yes,DSL,,No,Yes,One year,Yes,Mailed check,35.64,650.39,2023-06-02,3.0,No
CUST-12259,Male,nan,Yes,No,41.62004288663762,Yes,Yes,Fiber optic,No,No internet service,Yes,Two year,No,Electronic check,38.75, ,2023-06-03,5.0,No
CUST-12260,Female,0,Yes,yes,72.0,Yes,Yes,,Yes,No,Yes,Month-to-month,Yes,Electronic check,114.38,8224.7,04/06/2023,4.0,No
CUST-12261,Female,nan,Yes,Yes,12.705632765042125,Yes,Yes,No,No,Yes,Yes,Month-to-month,No,Bank transfer (automatic),28.42,360.17,"Jun 05, 2023",1.0,No
CUST-12262,male,1,No,,34.59227832596201,Yes,Yes,Fiber optic,No,No,No,Month-to-month,No,Credit card (automatic),79.05,2717.87,INVALID_DATE,2.0,Yes
CUST-12263,Male,0,Yes,yes,2.52233331543032,Yes,no,Fiber optic,Yes,No,,Month-to-month,Yes,Electronic check,18.0,47.32,2023-06-07,2.0,Yes
CUST-12264,Female,0,No,No,35.995862459409324,Yes,No,,No,No,No,One year,Yes,Credit card (automatic),55.69,1999.66,2023-06-08,3.0,no
CUST-12265,Female,nan,Yes,Yes,11.1428894208349,Yes,Yes,Fiber optic,No,,No,Month-to-month,N,Mailed check,82.25,911.16,"Jun 08, 2023",5.0,No
CUST-12266,Female,0,Yes,No,0.9644867811433504,No,No,Fiber optic,No internet service,No,No,Month-to-month,No,Electronic check,63.8,57.05,2023-06-09,1.0,Yes
CUST-12267,Female,0,Yes,No,10.832931928026051,Yes,No phone service,No,No,No,Yes,Month-to-month,Yes,Bank transfer (automatic),80.42,$880.69,2023-06-10,3.0,Yes
CUST-12268,Male,1,No,,22.6381914893131,Yes,No,DSL,No,No,No internet service,Month-to-month,Yes,Mailed check,27.91,620.8,2023-06-11,5.0,no
CUST-12269,Female,0,Yes,Yes,3.047559651496066,Yes,Yes,DSL,No,No internet service,No,Month-to-month,Yes,Electronic check,40.1,117.33,2023-06-12,5.0,No
CUST-12270,Male,0,Yes,No,61.8594213475772,No,Yes,Fiber optic,No,No,Yes,Month-to-month,Yes,Mailed check,79.15,4903.78,2023-06-13,4.0,No
CUST-12271,Male,0,NO,No,1.940515641402511,No,Yes,DSL,No,No,No internet service,month-to-month,Yes,Credit card (automatic),85.61,180.45,2023-06-14,4.0,No
CUST-12272,Female,0,No,Yes,63.82454493978009,Yes,No phone service,Fiber optic,No,,No,Month-to-month,Y,Bank transfer (automatic), 71.3 ,4564.39,2023-06-15,3.0,No
CUST-12273,Female,1,Yes,No,29.473250991169625,Yes,Yes,Fiber optic,No,No,No,One year,Y,Electronic check,93.11,2752.9,2023-06-15,2.0,Yes
CUST-12274,  Male ,0,Yes,No,9.601153677840218,Yes,No,Fiber optic,No,No,No,Two year,No,Credit card (automatic),18.0,184.88,"Jun 16, 2023",1.0,Yes
CUST-12275,Female,1,No,No,11.892651772646207,Yes,No,,No,No internet service,No,Month-to-month,Yes,Electronic check,,600.86,2023-06-17,3.0,Yes
CUST-12276,Female,0,Yes,No,32.40459466864449,Yes,Yes,DSL,Yes,No,Yes,Month-to-month,Yes,Electronic check,119.38,3863.89,2023-06-18,3.0,Yes
CUST-12277,Female,0,Yes,,22.079406327246428,Yes,No,Fiber optic,Yes,No,No internet service,Month-to-month,No,Mailed check,103.2,2256.88,INVALID_DATE,3.0,Yes
CUST-12278,Female,0,No,No,,Yes,Yes,DSL,No,,No internet service,One year,No,Credit card (automatic),83.71, ,2023-06-20,1.0,Yes
CUST-12279,Male,0,No,No,11.830266661760357,Yes,No phone service,Fiber optic,No internet service,Yes,No,One year,Yes,Mailed check,,$706.05,2023-06-21,2.0,No
CUST-12280,Male,0,No,No,16.057594246483337,Yes,No,Fiber optic,No,No,No,Month-to-month,No,Bank transfer (automatic),,1534.32,"Jun 22, 2023",2.0,Yes
CUST-12281,Male,0,Yes,No,,Yes,Yes,Fiber optic,,No,No internet service,Two year,No,Credit Card,77.57, ,22/06/2023,0.0,Yes
CUST-12282,Female,0,Yes,No,5.776808693569438,Yes,No,DSL,Yes,Yes,Yes,Two year,No,Credit card (automatic),19.18,92.75,2023-06-23,99.0,No
CUST-12283,Male,0,No,yes,12.98490622991443,Yes,No,Fiber optic,No,No internet service,,Month-to-month,Yes,Electronic check,94.57,1218.89,"Jun 24, 2023",1.0,Yes
CUST-12284,Male,0,Yes,No,8.281475553648237,Yes,No phone service,Fiber optic,No,Yes,No,Two year,No,Credit card (automatic),38.72,339.37,2023-06-25,2.0,No
CUST-12285,Male,0,No,No,34.76746535915196,Yes,Yes,DSL,No,Yes,No,Month-to-month,Yes,Credit card (automatic),87.49,3041.34,2023-06-26,5.0,Yes
CUST-12286,,0,No,Yes,34.655447375308555,Yes,yes,Fiber optic,No internet service,No internet service,No,One year,No,Electronic check,18.0,614.9,27/06/2023,1.0,No
CUST-12287,Male,1,Yes,Yes,8.302573572151518,Yes,Yes,Fiber optic,No internet service,Yes,No,Month-to-month,Yes,Mailed check,112.67,933.74,2023-06-28,0.0,Yes
CUST-12288,Female,0,yes,No,2.03745517693802,Yes,yes,,No,No,Yes,One year,Yes,Bank transfer (automatic),56.45,117.57,2023/06/29 02:09,3.0,Yes
CUST-12289,Male,0,No,Yes,0.27596477129890035,Yes,Yes,No,No,No internet service,No internet service,Month-to-month,Yes,Electronic check,31.42,8.61,2023-06-29,3.0,Yes
CUST-12290,Female,0,No,Yes,13.383747419275304,Yes,Yes,Fiber optic,No internet service,No internet service,No,One year,Yes,Electronic check,44.04,582.98,2023-06-30,4.0,No
CUST-12291,Male,No,Yes,No,12.67692239129169,Yes,Yes,No,No,No internet service,No internet service,Month-to-month,,Bank transfer (automatic),54.59,699.73,2023-07-01,2.0,Yes
CUST-12292,Male,0,Yes,Yes,72.0,,No,Fiber optic,No internet service,Yes,Yes,Two year,Yes,Credit card (automatic),64.53,4669.12,2023-07-02,1.0,No
CUST-12293,Female,0,No,Yes,15.228117601638196,Yes,No,No,No internet service,Yes,No,Month-to-month,No,Electronic check,104.24,1598.44,2023-07-03,4.0,No
CUST-12294,Male,0,Yes,No,7.110641448264479,Yes,Yes,DSL,No,No,No internet service,Month-to-month,Yes,Mailed check,66.8,473.17,2023-07-04,,No
CUST-12295,Male,0,  Yes,No,53.244349893459734,Yes,No,Fiber optic,No,Yes,,Month-to-month,Yes,Bank transfer (automatic),18.0,957.43,INVALID_DATE,4.0,No
CUST-12296,Male,0,Yes,yes,16.210578425172024,,No phone service,Fiber optic,No,No,No internet service,Month-to-month,Yes,Bank transfer (automatic),27.81,456.37,"Jul 06, 2023",4.0,Yes
CUST-12297,Male,1,No,No,21.941566575992955,,no,Fiber optic,Yes,No,No internet service,Two year,Yes,,120.0,2634.89,2023-07-06,0.0,Yes
CUST-12298,Male,0,Yes,No,2.413428359009249,Yes,No phone service,DSL,No,No,Yes,,No,Bank transfer (automatic),68.76,176.46,2023-07-07,2.0,
CUST-12299,Male,0,No,yes,11.586018763343406,Yes,yes,Fiber optic,Yes,No,No internet service,Two year,Yes,Bank transfer (automatic),93.22,1092.5,2023-07-08,3.0,Yes
CUST-12300,Female,0,Yes,No,69.27373856035706,Yes,Yes,DSL,No,No,Yes,Two year,No,,55.45,,"Jul 09, 2023",2.0,No
CUST-12301,Female,0,Yes,Yes,21.36941919157351,,No,DSL,No internet service,No,Yes,Month-to-month,Yes,Electronic check,34.56,723.69,2023-07-10,1.0,No
CUST-12302,Female,1,Yes,Yes,10.13663534161342,Yes,Yes,Fiber optic,Yes,Yes,Yes,Month-to-month,No,Electronic check,50.26,508.17,"Jul 11, 2023",4.0,No
CUST-12303,Male,0,No,No,23.582639662243132,No,Yes,Fiber optic,Yes,No,No internet service,One year,Yes,Bank transfer (automatic),68.55,1620.84,"Jul 12, 2023",2.0,No
CUST-12304,FEMALE,1,Yes,No,57.90056962257596,Yes,No,No,No,No,Yes,2-Year,No,Mailed check,50.89,2942.69,2023-07-13,1.0,No
CUST-12305,Male,0,No,No,7.684615613608824,Yes,Yes,Fiber optic,No,No internet service,Yes,One year,No,Electronic check,$120.00,903.52,2023-07-13,3.0,Yes
CUST-12306,Male,0,No,No,16.882400138584416,Yes,Yes,No,No,No internet service,Yes,Month-to-month,Yes,Electronic check,46.21,,2023-07-14,1.0,yes
CUST-12307,Female,No,Yes,No,72.0,Yes,No,No,No,No,No,Month-to-month,Yes,Bank transfer (automatic),33.05,2365.49,"Jul 15, 2023",2.0,No
CUST-12308,Male,0,No,,4.541296152437745,No,No phone service,Fiber optic,Yes,No,No internet service,Month-to-month,No,Credit card (automatic),88.96,$406.88,2023-07-16,1.0,Yes
CUST-12309,Male,0,Yes,No,30.52238711591759,Yes,No,Fiber optic,Yes,Yes,No,Month-to-month,Y,Electronic check,92.66,2842.0,"Jul 17, 2023",5.0,No
CUST-12310,Female,0,NO,Yes,22.8759557239281,No,No,DSL,No internet service,Yes,No,One year,Yes,Bank transfer (automatic),-65.6,1514.13,"Jul 18, 2023",4.0,No
CUST-12311,Female,0,No,No,27.32206999164646,Yes,No phone service,No,Yes,No internet service,Yes,Month-to-month,No,Electronic check,46.64,1278.88,2023-07-19,5.0,No
CUST-12312,Female,0,Yes,Yes,10.383864804589901,Yes,Yes,DSL,No,Yes,Yes,Two year,Yes,Bank transfer (automatic),18.0,,2023-07-20,5.0,No
CUST-12313,Female,0,Yes,No,9.040843831480519,Yes,No,Fiber optic,,No,Yes,month-to-month,Yes,Bank transfer (automatic),101.32, ,2023-07-20,0.0,Yes
CUST-12314,,1,Yes,no,-5.0,Yes,Yes,Fiber optic,No internet service,Yes,No,Two year,N,Credit card (automatic),90.76, ,2023-07-21,2.0,Yes
CUST-12315,Male,Yes,,No,5.826333209649725,Yes,No,fiber optic,Yes,Yes,No,Two year,No,Electronic check,51.5,295.43,2023-07-22,5.0,No
CUST-12316,Male,1,Yes,No,13.05917004140661,No,No,Fiber optic,No,No internet service,Yes,Month-to-month,No,Mailed check,66.49,858.19,2023-07-23,3.0,No
CUST-12317,Male,1,No,No,5.003281039193448,Yes,Yes,No,No,Yes,No internet service,2-Year,Yes,Electronic check,-57.9,284.49,"Jul 24, 2023",2.0,Yes
CUST-12318,Male,0,Yes,No,0.20014844263014062,Yes,Yes,DSL,No,No,,Month-to-month,Yes,Bank transfer (automatic),113.56,24.04,2023/07/25 09:07,4.0,Yes
CUST-12319,Male,0,yes,No,72.0,No,Yes,DSL,No internet service,Yes,Yes,Two year,No,Credit card (automatic),33.56,2418.48,2023-07-26,3.0,No
CUST-12320,male,0,Yes,No,-5.0,Yes,No,Fiber optic,No,No,Yes,Month-to-month,No,Credit card (automatic),$46.10, ,2023-07-27,1.0,Yes
CUST-12321,Female,0,No,No,72.0,Yes,Yes,,Yes,No,No internet service,Month-to-month,No,Mailed check,43.2,3097.85,2023-07-28,1.0,No
CUST-12322,Female,0,No,No,3.628779510881886,Yes,No,Fiber optic,No,No,Yes,Month-to-month,Yes,Credit card (automatic),74.0,278.44,28/07/2023,3.0,Yes
CUST-12323,Male,0,No,Yes,21.24470799495493,No,No phone service,No,No,No internet service,Yes,Month-to-month,Yes,Electronic check,66.38,1384.64,2023-07-29,4.0,Yes
CUST-12324,Female,0,Yes,No,5.384684018603261,Yes,No,No,No,Yes,No,month-to-month,Yes,Electronic check,70.7,386.39,2023-07-30,3.0,Yes
CUST-12325,  Male ,0,Yes,No,-5.0,Yes,Yes,No,Yes,No,No internet service,Two year,No,Credit card (automatic),38.28, ,2023-07-31,4.0,No
CUST-12326,Female,0,Yes,No,36.746466330810094,No,No phone service,Fiber optic,Yes,No,No,One year,Yes,Electronic check,109.25,4023.24,2023-08-01,1.0,Yes
CUST-12327,Male,0,No,No,2.867219909593879,Yes,Yes,Fiber optic,,,Yes,One year,Yes,Electronic check,51.08,157.17,2023/08/02 06:25,3.0,Yes
CUST-12328,Female,0,Yes,No,58.34762764568826,Yes,Yes,DSL,Yes,Yes,Yes,Two year,No,Mailed check,100.33,5854.63,2023-08-03,2.0,Yes
CUST-12329,Male,0,No,No,5.194873002605784,Yes,Yes,dsl,No,Yes,Yes,Month-to-month,No,Mailed check,120.0,625.2,INVALID_DATE,5.0,Yes
CUST-12330,Male,1,Yes,No,22.782528931237707,No,No,fiber optic,No internet service,Yes,Yes,Two year,No,Electronic check,38.5,886.54,2023-08-04,99.0,No
CUST-12331,Male,1,No,No,72.0,Yes,No,Fiber optic,No,Yes,No,Month-to-month,No,Credit card (automatic),74.97,5400.68,2023-08-05,3.0,No
CUST-12332,Female,0,yes,Yes,51.37048266430358,Yes,No,DSL,Yes,Yes,No internet service,One year,Yes,Mailed check,60.75,3114.3,06/08/2023,,Yes
CUST-12333,Female,0,No,,72.0,Yes,No,DSL,No,No,Yes,1-Year,No,Mailed check,120.0,8642.69,07/08/2023,4.0,Yes
CUST-12334,Male,0,Yes,Yes,10.067057966392861,Yes,Yes,,No,No,Yes,Month-to-month,No,Electronic check,56.28, ,2023-08-08,1.0,Yes
CUST-12335,Male,0,Yes,Yes,2.6777986391444504,Yes,Yes,DSL,No,No internet service,Yes,Month-to-month,Y,Mailed check,72.16,187.21,2023-08-09,3.0,No
CUST-12336,Female,0,Yes,No,5.008373134643462,Yes,Yes,No,No internet service,Yes,Yes,Two year,Yes,Credit card (automatic),71.51,,2023-08-10,4.0,Yes
CUST-12337,Male,0,Yes,Yes,16.65929906109394,Yes,Yes,Fiber optic,No,,No internet service,Two year,Yes,Credit card (automatic),61.69,1044.23,11/08/2023,3.0,No
CUST-12338,Male,0,No,No,37.82751980655987,Yes,Yes,Fiber optic,No,No internet service,Yes,,No,Credit Card,87.36, ,11/08/2023,3.0,No
CUST-12339,Male,0,No,No,3.904792888795897,Yes,No,No,Yes,No internet service,Yes,One year,No,Mailed check,67.5,269.81,2023-08-12,3.0,No
CUST-12340,Female,No,yes,No,25.872488686869936,Yes,,DSL,No,No internet service,Yes,Month-to-month,No,,79.16,,2023-08-13,3.0,Yes
CUST-12341,Male,No,Yes,,9.382501247491579,Yes,No,Fiber optic,No,No,No,Month-to-month,No,Electronic check,71.11,,2023-08-14,1.0,Yes
CUST-12342,Male,0,No,Yes,10.016122233388302,Yes,Yes,fiber optic,Yes,No internet service,No internet service,Month-to-month,Yes,Electronic check,46.56,472.16,2023-08-15,4.0,No
CUST-12343,Male,0,No,No,26.02718426920628,Yes,Yes,Fiber optic,No,No,Yes,Two year,No,Credit card (automatic),56.63,1484.68,2023-08-16,4.0,No
CUST-12344,  Male ,0,No,Yes,15.101586378264324,Yes,Yes,Fiber optic,Yes,No,No,Month-to-month,No,Electronic check,81.36,1234.88,INVALID_DATE,4.0,No
CUST-12345,Female,0,Yes,No,40.115770137560894,Yes,No,Fiber optic,Yes,No internet service,Yes,One year,No,Electronic check,81.24,3249.06,18/08/2023,4.0,No
CUST-12346,Female,Yes,Yes,No,4.068149676357125,Yes,Yes,DSL,No,No,No internet service,Two year,No,Credit card (automatic),102.05,408.15,2023-08-18,3.0,Yes
CUST-12347,Male,0,No,No,37.449634659776194,Yes,Yes,DSL,No,Yes,No,1-Year,Yes,Credit card (automatic),120.0,4495.56,2023-08-19,1.0,No
CUST-12348,Female,1,No,No,1.5933880197301482,Yes,Yes,Fiber optic,Yes,No internet service,No,Month-to-month,No,Electronic check,49.07,97.94,2023-08-20,5.0,No
CUST-12349,Male,0,yes,No,5.177721303598927,Yes,Yes,Fiber optic,No internet service,No,No,Month-to-month,Yes,Credit card (automatic),, ,2023-08-21,3.0,Yes
CUST-12350,Female,nan,Yes,No,25.62117439012634,Yes,No phone service,Fiber optic,Yes,No internet service,No internet service,Two year,N,Credit card (automatic),58.9,1504.92,22/08/2023,4.0,No
CUST-12351,FEMALE,0,Yes,,46.33221490170194,Yes,No,No,Yes,Yes,No,One year,No,Credit card (automatic),31.48,1450.59,2023-08-23,2.0,No
CUST-12352,Female,1,No,Yes,6.99027137431474,No,yes,DSL,Yes,No,No,Two year,No,Bank transfer (automatic),81.64, ,2023-08-24,2.0,Yes
CUST-12353,Female,0,No,No,9.511072654275624,Yes,Yes,Fiber optic,Yes,Yes,No,Two year,,Bank transfer (automatic),88.04,842.25,2023-08-25,1.0,Yes
CUST-12354,Female,0,Yes,No,18.486937304272075,Yes,Yes,DSL,Yes,No internet service,No,Month-to-month,Yes,Credit card (automatic),32.39,580.53,2023-08-25,4.0,No
CUST-12355,Male,0,No,No,5.705165094616963,Yes,No,DSL,No internet service,Yes,Yes,Month-to-month,Yes,Bank transfer (automatic),53.47,296.01,2023-08-26,4.0,No
CUST-12356,male,0,,Yes,40.004049282734115,Yes,No phone service,Fiber optic,No,No internet service,Yes,Month-to-month,No,Bank transfer (automatic),50.54,2019.69,27/08/2023,4.0,Yes
CUST-12357,Male,Yes,yes,No,35.65473132767673,Yes,No,No,No,Yes,Yes,One year,Yes,Bank transfer (automatic),19.45,700.13,"Aug 28, 2023",5.0,No
CUST-12358,Female,1,Yes,No,3.76788124433875,Yes,No,DSL,No internet service,Yes,No,Month-to-month,Yes,Mailed check,63.61,250.01,2023-08-29,2.0,Yes
CUST-12359,Male,0,No,Yes,14.959284092035622,Yes,No,Fiber optic,No,Yes,No,Two year,No,,30.34,447.28,2023-08-30,2.0,No
CUST-12360,Male,0,No,No,35.7813525137823,Yes,No,Fiber optic,Yes,No,Yes,Two year,No,Mailed check,69.47,2481.65,2023-08-31,2.0,Yes
CUST-12361,Male,1,Yes,No,9.875458624288356,Yes,No,DSL,Yes,No,No,Month-to-month,Yes,Electronic check,-72.77,729.21,01/09/2023,3.0,Yes
CUST-12362,Male,0,No,yes,24.06442904093391,Yes,Yes,Fiber optic,Yes,Yes,No internet service,1-Year,Yes,Credit card (automatic),76.49,1838.68,2023-09-01,5.0,No
CUST-12363,Female,0,No,No,1.2364237903574533,Yes,No,No,No,No,Yes,One year,Yes,Electronic check,77.94,89.48,"Sep 02, 2023",5.0,No
CUST-12364,Female,0,No,No,22.518048642417302,Yes,Yes,Fiber optic,No,Yes,Yes,Two year,Yes,Bank transfer (automatic),110.63,2499.73,2023-09-03,3.0,Yes
CUST-12365,Male,0,Yes,Yes,3.97547912151111,No,Yes,DSL,No,No internet service,No internet service,Month-to-month,Yes,Electronic check,40.44,163.8,2023-09-04,4.0,No
CUST-12366,Male,0,No,No,42.60945759909508,Yes,No,Fiber optic,No,Yes,No,Month-to-month,No,Bank transfer (automatic),41.95,1790.57,05/09/2023,5.0,No
CUST-12367,Female,0,No,Yes,10.540849148509558,Yes,Yes,Fiber optic,No internet service,No,Yes,Month-to-month,No,Credit card (automatic),84.35,873.37,"Sep 06, 2023",4.0,Yes
CUST-12368,Male,0,Yes,No,7.935949003104039,Yes,Yes,DSL,No,No,No,Month-to-month,Yes,Bank transfer (automatic),60.74,472.77,2023-09-07,2.0,Yes
CUST-12369,Female,1,No,Yes,44.1156734581338,Yes,No,DSL,Yes,No internet service,No,Month-to-month,Yes,Electronic check,$98.46,4344.43,2023-09-08,4.0,No
CUST-12370,Female,0,No,Yes,1.234677818735202,Yes,No,DSL,Yes,No internet service,No,Two year,No,Credit Card,81.55,98.94,2023-09-08,4.0,Yes
CUST-12371,Female,0,No,No,12.124548846820772,Yes,No,DSL,No,No internet service,No,Month-to-month,Yes,Electronic check,120.0,1462.86,"Sep 09, 2023",4.0,Yes
CUST-12372,Female,0,Yes,Yes,11.088985909745233,Yes,Yes,DSL,Yes,Yes,No,1-Year,Yes,Mailed check,61.96,688.33,10/09/2023,2.0,No
CUST-12373,Male,0,No,Yes,8.04464588166103,Yes,No,Fiber optic,Yes,No internet service,No internet service,One year,No,Mailed check,20.24,152.25,2023-09-11,3.0,Yes
CUST-12374,Female,0,Yes,No,58.26313613301629,Yes,No,Fiber optic,No,No internet service,Yes,Month-to-month,Yes,,74.92,4361.04,2023-09-12,3.0,No
CUST-12375,Male,0,Yes,Yes,33.36035634291568,Yes,Yes,No,No,No internet service,No,One year,Yes,Electronic check,,2076.21,2023-09-13,2.0,No
CUST-12376,Male,0,No,Yes,-5.0,Yes,No phone service,Fiber optic,No,No,,,No,Bank transfer (automatic),80.73, ,2023-09-14,3.0,Yes
CUST-12377,Female,0,Yes,No,30.100080743183497,Yes,yes,No,No,No internet service,No,One year,Yes,Mailed check,84.58,2556.18,"Sep 15, 2023",2.0,Yes
CUST-12378,Male,0,No,No,17.983020175507555,Yes,No,Fiber optic,,No,No internet service,Month-to-month,Yes,Electronic check,48.66,872.44,2023-09-15,3.0,Yes
CUST-12379,Female,1,Yes,No,55.47124604121428,Yes,Yes,DSL,No,No,Yes,month-to-month,Yes,Credit card (automatic),34.43,1907.8,2023-09-16,1.0,No
CUST-12380,Female,0,Yes,No,9.00820392680083,Yes,No,Fiber optic,Yes,No,Yes,Month-to-month,Y,Bank transfer (automatic),60.32,535.39,2023-09-17,0.0,Yes
CUST-12381,Female,0,Yes,No,20.48871085947613,Yes,No,No,No,No,No internet service,One year,No,Credit card (automatic),18.0, ,"Sep 18, 2023",2.0,Yes
CUST-12382,FEMALE,1,,No,16.67181292972783,Yes,No,DSL,No,No,Yes,One year,Yes,Electronic check,67.12,1106.6,2023-09-19,3.0,Yes
CUST-12383,Male,0,No,yes,16.139614932074558,Yes,,DSL,No,No,Yes,Month-to-month,Yes,Credit card (automatic),,834.82,2023-09-20,1.0,Yes
CUST-12384,Male,0,No,Yes,14.61599520025204,Yes,No phone service,DSL,No,No internet service,No,Month-to-month,Yes,Credit card (automatic),,1308.24,2023-09-21,2.0,Yes
CUST-12385,Female,0,Yes,No,5.524926506013891,Yes,Yes,Fiber optic,No,No,No,month-to-month,No,Mailed check,18.0,114.65,"Sep 22, 2023",4.0,Yes
CUST-12386,Male,0,Yes,No,33.82557402139203,Yes,Yes,DSL,No,No,No,Two year,Yes,Bank transfer (automatic),64.89,2185.87,2023-09-22,1.0,Yes
CUST-12387,Female,0,  Yes,No,14.406458552718835,Yes,Yes,DSL,Yes,Yes,Yes,One year,Yes,Credit Card,111.99,$1586.67,23/09/2023,4.0,Yes
CUST-12388,Female,0,Yes,Yes,72.0,,No,DSL,No internet service,,Yes,Month-to-month,No,Credit card (automatic),84.96,6111.41,2023-09-24,1.0,No
CUST-12389,Female,0,Yes,Yes,7.252755819426627,,no,Fiber optic,No,No,Yes,Month-to-month,Yes,Mailed check,94.12,663.64,2023-09-25,3.0,Yes
CUST-12390,Male,0,No,No,27.553098108885507,Yes,Yes,Fiber optic,Yes,Yes,No,Month-to-month,Yes,Bank transfer (automatic),74.89,2045.22,2023-09-26,4.0,
CUST-12391,Male,0,Yes,Yes,67.81041684864074,Yes,No,Fiber optic,Yes,No,No,One year,No,Credit card (automatic),18.0,1206.28,2023-09-27,5.0,No
CUST-12392,Male,0,No,No,26.136798797547232,Yes,Yes,Fiber optic,No internet service,Yes,No,Month-to-month,No,Electronic check,69.7,1820.85,"Sep 28, 2023",3.0,No
CUST-12393,Male,0,No,No,49.20145628424983,Yes,yes,Fiber optic,No,Yes,No,Month-to-month,No,Bank transfer (automatic),76.95,3772.92,2023-09-29,5.0,No
CUST-12394,male,0,Yes,No,42.17394408916069,No,,DSL,No internet service,No,Yes,Month-to-month,No,,32.35,1376.74,"Sep 29, 2023",4.0,Yes
CUST-12395,Male,0,Yes,Yes,10.71530519993443,Yes,No,Fiber optic,No internet service,No,No internet service,Two year,Yes,Credit card (automatic),60.9,659.22,2023-09-30,2.0,Yes
CUST-12396,Male,0,Yes,No,21.998415113670696,Yes,Yes,DSL,No internet service,Yes,Yes,Two year,Yes,Credit card (automatic),18.0,373.8,2023-10-01,5.0,Yes
CUST-12397,Male,0,No,No,4.077899439891205,Yes,No,Fiber optic,No,No,Yes,One year,Yes,Electronic check,54.68,232.25,2023/10/02 14:41,4.0,No
CUST-12398,Female,0,No,No,18.404386653778698,Yes,No,Fiber optic,Yes,No internet service,No,Two year,Yes,,51.61,949.72,03/10/2023,1.0,Yes
CUST-12399,Female,1,Yes,Yes,6.285910312631844,Yes,No,DSL,Yes,Yes,Yes,Month-to-month,Yes,Bank transfer (automatic),106.77,659.42,04/10/2023,5.0,Yes
CUST-12400,Male,0,Yes,Yes,32.67720710421859,Yes,No,DSL,No,Yes,No,Month-to-month,Yes,Electronic check,46.6,1518.46,"Oct 05, 2023",2.0,Yes
CUST-12401,Male,0,No,No,18.02160183006102,Yes,Yes,DSL,No,,Yes,Two year,Yes,Bank transfer (automatic),56.71,1023.94,INVALID_DATE,3.0,no
CUST-12402,Male,0,No,Yes,12.713164428195777,No,No,DSL,No,No,No,Two year,Yes,Credit card (automatic),-62.32,802.9,2023-10-06,3.0,No
CUST-12403,Male,0,Yes,No,7.513542900595991,Yes,No,Fiber optic,No,No,Yes,Month-to-month,Yes,Electronic check,46.99,341.81,2023-10-07,4.0,Yes
CUST-12404,Female,Yes,Yes,No,72.0,Yes,No,dsl,No,Yes,,One year,Yes,Credit card (automatic),86.29,6212.63,2023-10-08,4.0,No
CUST-12405,Female,0,Yes,No,1.7858797472907995,Yes,No,Fiber optic,Yes,No,Yes,month-to-month,No,Credit card (automatic),18.0,40.9,09/10/2023,2.0,Yes
CUST-12406,Male,No,No,No,1.0689103760718242,Yes,,Fiber optic,Yes,No,No,One year,Yes,Electronic check,98.8,107.93,2023-10-10,3.0,Yes
CUST-12407,Male,0,  Yes,Yes,5.878832959196682,Yes,Yes,Fiber optic,No,,No internet service,One year,Yes,Credit card (automatic),64.34,393.47,2023-10-11,2.0,Yes
CUST-12408,,1,Yes,Yes,72.0,Yes,No,Fiber optic,Yes,No,No,Two year,,Credit card (automatic), 103.7 ,7464.9,"Oct 12, 2023",2.0,No
CUST-12409,Female,0,No,Yes,72.0,Yes,Yes,fiber optic,No,No,No,Month-to-month,No,Electronic check,18.0,1291.28,2023-10-13,4.0,No
CUST-12410,Female,0,Yes,No,25.53603406696311,Yes,No,No,No,No internet service,No,One year,Yes,Electronic check,18.0,438.97,2023-10-14,4.0,No
CUST-12411,Male,0,Yes,No,50.907667797283054,Yes,Yes,No,,,No,1-Year,No,Mailed check,55.94,2846.44,2023-10-14,3.0,No
CUST-12412,Female,0,Yes,Yes,5.777995181771068,Yes,yes,fiber optic,No internet service,Yes,No internet service,Month-to-month,No,Mailed check,79.88,466.07,2023-10-15,1.0,Yes
CUST-12413,Male,0,No,No,72.0,Yes,No,DSL,No,No internet service,Yes,Month-to-month,Yes,Credit card (automatic),48.05,3469.74,2023-10-16,3.0,no
CUST-12414,Female,0,No,No,3.697592205119082,Yes,Yes,Fiber optic,No,No,No internet service,One year,Yes,Mailed check,82.22,303.82,2023-10-17,2.0,Yes
CUST-12415,Fe-male,1,No,yes,2.558676165886147,Yes,No,No,Yes,No,No,Month-to-month,No,electronic check,94.14,251.64,2023-10-18,4.0,No
CUST-12416,Male,0,Yes,Yes,2.856522821805193,Yes,No,Fiber optic,No,No,No internet service,One year,Yes,,,247.22,19/10/2023,1.0,No
CUST-12417,Male,0,Yes,Yes,20.430501522163606,Yes,Yes,dsl,No,No,Yes,Month-to-month,Yes,Electronic check,67.8,1403.37,2023/10/20 03:20,3.0,No
CUST-12418,Male,1,Yes,Yes,36.445599943165135,Yes,yes,DSL,No,Yes,No internet service,One year,Yes,Mailed check,67.57,2465.21,2023/10/21 00:22,3.0,Yes
CUST-12419,Male,0,No,No,10.962221031996336,Yes,No,Fiber optic,No,No,Yes,One year,Yes,Bank transfer (automatic),46.26,513.48,2023-10-21,,Yes
CUST-12420,Male,No,Yes,Yes,72.0,Yes,Yes,dsl,Yes,No,No,Month-to-month,No,Bank transfer (automatic),63.04,4543.54,"Oct 22, 2023",1.0,No
CUST-12421,Male,1,No,No,13.677690477851108,Yes,Yes,Fiber optic,No internet service,Yes,No,Month-to-month,Yes,Mailed check,33.97,474.69,2023-10-23,1.0,Yes
CUST-12422,Female,0,Yes,No,3.913122613824646,Yes,No,Fiber optic,Yes,No,No,Month-to-month,Yes,Electronic check,41.16,164.2,24/10/2023,,No
CUST-12423,Female,0,Yes,No,15.055132143509873,Yes,No,DSL,No internet service,,No,Month-to-month,No,Electronic check,80.13,,"Oct 25, 2023",3.0,Yes
CUST-12424,Male,0,No,No,27.274318624496864,Yes,Yes,Fiber optic,No,No,Yes,Month-to-month,Yes,Electronic check,50.81,1385.88,INVALID_DATE,4.0,No
CUST-12425,male,0,Yes,Yes,42.84326724092471,Yes,No,No,No,No,No,Month-to-month,No,Credit card (automatic),42.57,1822.08,2023-10-27,4.0,Yes
CUST-12426,Male,0,Yes,No,14.73378701529625,No,No,Fiber optic,Yes,No internet service,Yes,Two year,Yes,Electronic check,78.18,1141.37,28/10/2023,3.0,Yes
CUST-12427,  Male ,0,Yes,,21.61042030175403,Yes,,DSL,Yes,No,No,One year,Yes,Electronic check, 76.1 ,1658.82,28/10/2023,2.0,No
CUST-12428,Male,1,No,No,7.465919124152508,Yes,Yes,DSL,No internet service,Yes,No,Month-to-month,No,Bank transfer (automatic),58.24,449.94,2023-10-29,2.0,Yes
CUST-12429,male,1,No,No,24.917342220737005,No,No,No,No internet service,No,Yes,Month-to-month,Yes,Electronic check,60.23,1486.5,2023-10-30,4.0,No
CUST-12430,Female,0,Yes,No,72.0,Yes,Yes,Fiber optic,No,Yes,No,Month-to-month,Yes,Electronic check,77.18,5542.42,2023-10-31,5.0,No
CUST-12431,Female,0,No,Yes,1.2071412221614208,Yes,No,DSL,No,No internet service,No,One year,Y,Bank transfer (automatic),93.77,115.19,"Nov 01, 2023",4.0,Yes
CUST-12432,,No,Yes,Yes,52.22934492133638,,No,DSL,No,,Yes,Month-to-month,Yes,Bank transfer (automatic),70.73,3712.34,"Nov 02, 2023",3.0,Yes
CUST-12433,Male,0,Yes,Yes,19.828357444428413,Yes,Yes,No,No,No,No internet service,Month-to-month,Yes,Electronic check, 28.9 ,572.26,2023-11-03,2.0,No
CUST-12434,Fe-male,0,Yes,No,6.971620980420057,Yes,Yes,No,No,No,No,Month-to-month,Yes,Mailed check,58.06,414.31,2023-11-04,3.0,Yes
CUST-12435,Male,0,No,Yes,72.0,Yes,No,DSL,No,No,Yes,1-Year,Yes,Mailed check,52.49,3755.42,2023-11-04,5.0,No
CUST-12436,Male,1,Yes,No,15.849550683029332,Yes,Yes,DSL,No internet service,Yes,Yes,One year,Yes,Bank transfer (automatic),33.11,521.18,05/11/2023,5.0,No
CUST-12437,Male,0,Yes,No,9.672084427658879,Yes,Yes,No,No,No internet service,No,Two year,Yes,Bank transfer (automatic),79.64,789.22,2023-11-06,3.0,Yes
CUST-12438,Female,1,Yes,No,4.806695628526266,Yes,No,Fiber optic,No,No,Yes,Month-to-month,Yes,Electronic check,81.95,401.71,2023-11-07,3.0,No
CUST-12439,Male,1,Yes,No,6.727493843708557,Yes,No phone service,fiber optic,No internet service,Yes,Yes,Month-to-month,Yes,Mailed check,86.49,567.6,"Nov 08, 2023",4.0,Yes
CUST-12440,Female,0,No,yes,42.93259037542106,No,No,Fiber optic,No,No internet service,Yes,Month-to-month,Yes,Credit card (automatic),34.97,1506.45,2023-11-09,3.0,No
CUST-12441,Female,0,Yes,Yes,22.87153618452932,Yes,Yes,Fiber optic,Yes,Yes,No,1-Year,No,Credit card (automatic),69.42,1585.35,2023-11-10,3.0,Yes
CUST-12442,Female,1,Yes,Yes,58.672184774834896,Yes,No phone service,Fiber optic,Yes,,No,Month-to-month,No,Credit card (automatic),64.51,3772.85,2023-11-11,3.0,Yes
CUST-12443,Female,0,No,No,,Yes,No,fiber optic,No,No,Yes,Month-to-month,Yes,Mailed check,73.92, ,2023-11-11,2.0,No
CUST-12444,Male,1,Yes,Yes,3.099073035716632,Yes,No,Fiber optic,No internet service,No,No,Month-to-month,,Mailed check,68.59,220.32,2023-11-12,2.0,Yes
CUST-12445,Male,Yes,No,Yes,0.14654725283023368,Yes,No,DSL,No internet service,Yes,No internet service,Two year,No,Mailed check,64.32,7.05,2023-11-13,2.0,Yes
CUST-12446,Male,0,No,No,17.015908570755293,Yes,Yes,DSL,No,No,,Month-to-month,No,Credit card (automatic),60.72,1031.58,2023-11-14,1.0,No
CUST-12447,Male,1,Yes,Yes,72.0,Yes,No,No,Yes,No internet service,No internet service,One year,Yes,Credit card (automatic),97.91, ,2023-11-15,2.0,No
CUST-12448,Male,1,No,No,28.495911267167,Yes,No,Fiber optic,Yes,No,No internet service,,No,Electronic check,38.85, ,2023-11-16,2.0,No
CUST-12449,Male,1,Yes,No,8.84975293450335,Yes,Yes,Fiber optic,No,No internet service,Yes,Month-to-month,Y,Electronic check,59.5,521.8,2023-11-17,2.0,Yes
CUST-12450,Male,0,No,No,50.26612446120644,Yes,No,Fiber optic,No internet service,No,Yes,One year,Yes,Mailed check,97.14,4876.4,2023-11-18,1.0,Yes
CUST-12451,Fe-male,0,Yes,No,36.52768842779137,Yes,No,DSL,,No internet service,No,One year,No,Electronic check,40.37,1490.67,2023-11-18,3.0,No
CUST-12452,Female,0,Yes,No,0.3728451615319255,Yes,no,DSL,Yes,,No,Two year,No,electronic check,41.9,,2023-11-19,3.0,Yes
CUST-12453,Male,0,No,Yes,40.74016836494076,Yes,Yes,DSL,No internet service,No,No internet service,Month-to-month,Yes,Electronic check,86.72,3513.35,2023-11-20,0.0,Yes
CUST-12454,Female,0,No,Yes,8.578265701379266,Yes,Yes,Fiber optic,No,No,Yes,Month-to-month,Yes,Electronic check,21.98,195.41,"Nov 21, 2023",3.0,Yes
CUST-12455,Male,1,,No,3.891236254911865,Yes,No,Fiber optic,Yes,No internet service,No,Two year,Yes,Credit card (automatic),84.52,328.13,2023-11-22,1.0,Yes
CUST-12456,Male,0,No,No,6.158662519016289,No,No phone service,No,No,Yes,No,Month-to-month,Yes,Electronic check,50.01,308.56,2023-11-23,3.0,No
CUST-12457,Female,0,Yes,No,15.17285380357016,Yes,Yes,No,No internet service,No internet service,No,Two year,Yes,Electronic check,77.0,1174.26,2023-11-24,4.0,Yes
CUST-12458,Female,0,Yes,No,13.275733740104043,Yes,Yes,Fiber optic,Yes,No,No,One year,No,Mailed check,28.08,358.5,2023-11-25,3.0,No
CUST-12459,Male,1,Yes,Yes,8.182184441234346,Yes,No,Fiber optic,No internet service,No,Yes,One year,No,Bank transfer (automatic),,$816.31,2023-11-25,2.0,Yes
CUST-12460,,0,No,No,4.536140004674502,Yes,No,DSL,Yes,Yes,,Month-to-month,No,Mailed check,28.18,129.17,2023-11-26,5.0,no
CUST-12461,male,0,Yes,No,34.474914723767604,Yes,Yes,DSL,Yes,No internet service,No,Two year,Yes,Mailed check,86.45,2997.68,2023-11-27,2.0,No
CUST-12462,Female,0,No,No,72.0,Yes,No,DSL,Yes,No,No,One year,Yes,Electronic check,,2124.0,2023-11-28,,No
CUST-12463,Female,1,Yes,No,36.0993482542537,Yes,No,Fiber optic,No internet service,No internet service,Yes,One year,Yes,Bank transfer (automatic),118.95,4282.88,2023-11-29,4.0,yes
CUST-12464,Female,0,Yes,No,8.421297414590496,Yes,No,DSL,No,No,No,Month-to-month,No,Mailed check,62.56,516.81,2023-11-30,4.0,Yes
CUST-12465,Male,0,Yes,No,6.738828731949853,Yes,Yes,DSL,No internet service,Yes,Yes,month-to-month,Yes,Credit card (automatic),$120.00,793.22,2023-12-01,3.0,Yes
CUST-12466,Male,No,No,No,5.8913606695709255,Yes,Yes,Fiber optic,No,No internet service,Yes,Month-to-month,No,Mailed check,40.13,228.5,2023-12-02,2.0,Yes
CUST-12467,Male,1,No,Yes,3.527695639478259,Yes,Yes,Fiber optic,No,No internet service,Yes,Month-to-month,Yes,Mailed check,51.42,193.95,"Dec 02, 2023",4.0,No
CUST-12468,Female,No,No,No,19.235252477109384,Yes,No,Fiber optic,No internet service,,Yes,,Yes,Bank transfer (automatic),101.02,1947.05,2023-12-03,3.0,Yes
CUST-12469,Female,0,Yes,Yes,22.31720707206342,Yes,No phone service,Fiber optic,No,No,No,Two year,Yes,Electronic check,21.91,495.1,INVALID_DATE,3.0,No
CUST-12470,Male,0,No,Yes,29.339647450586668,Yes,No,DSL,No internet service,No,No,Month-to-month,Yes,Electronic check,43.72,1295.39,2023/12/05 14:03,1.0,No
CUST-12471,Fe-male,1,Yes,,27.36243095413218,Yes,Yes,DSL,Yes,No,No internet service,month-to-month,No,Credit card (automatic),79.55,2183.02,2023-12-06,2.0,No
CUST-12472,male,0,No,no,8.298769794919751,Yes,Yes,DSL,No,No,Yes,Month-to-month,Yes,Electronic check,34.14,269.97,07/12/2023,3.0,Yes
CUST-12473,Female,1,No,Yes,9.6226046765954,Yes,yes,DSL,No,Yes,Yes,Month-to-month,Yes,Bank transfer (automatic),80.35,781.77,2023/12/08 05:09,3.0,Yes
CUST-12474,Female,0,Yes,No,27.460282612630117,Yes,No,Fiber optic,No internet service,No,No internet service,One year,No,Electronic check,69.81,1937.04,2023-12-09,3.0,Yes
CUST-12475,Female,0,No,Yes,10.318403845059645,Yes,Yes,No,Yes,No internet service,Yes,Month-to-month,Yes,Credit card (automatic),19.29,185.98,2023-12-09,3.0,No
CUST-12476,Male,0,No,No,5.737160442758754,No,Yes,DSL,No,No,Yes,Two year,Yes,,93.73,511.62,2023-12-10,4.0,Yes
CUST-12477,Female,0,Yes,No,11.254608932329358,Yes,No,Fiber optic,No,,Yes,Two year,Y,Mailed check,26.83,304.25,2023-12-11,3.0,No
CUST-12478,Male,0,No,no,7.621676124874085,Yes,No,No,No,Yes,No internet service,Month-to-month,Yes,Mailed check,87.84,681.64,2023-12-12,3.0,Yes
CUST-12479,Female,0,Yes,No,2.2189978507946044,Yes,Yes,DSL,Yes,,No internet service,Two year,No,Mailed check,68.55,161.38,2023/12/13 11:21,4.0,Yes
CUST-10019,Male,nan,Yes,No,42.546581955190234,Yes,no,DSL,Yes,No,Yes,Month-to-month,No,Credit card (automatic),51.05,2192.1,2023-12-14,5.0,No
CUST-10018,Female,0,Yes,No,46.033937491395804,Yes,No,Fiber optic,No internet service,No internet service,No,One year,Yes,Electronic check,31.54,1464.45,"Dec 15, 2023",3.0,No
CUST-10017,  Male ,0,Yes,No,5.95539078089644,,,Fiber optic,No,No,No,month-to-month,Yes,Bank transfer (automatic),74.58,437.47,2023-12-16,0.0,Yes
CUST-10016,Male,1,No,No,1.60716341991962,Yes,Yes,Fiber optic,No,No internet service,No internet service,Two year,Yes,Bank transfer (automatic),38.52,72.57,2023-12-16,3.0,Yes
CUST-10015,Female,0,Yes,No,32.22177433332287,Yes,No,Fiber optic,No internet service,No,Yes,Month-to-month,Yes,Mailed check,100.94,3252.21,2023-12-17,2.0,No
CUST-10014,,0,No,No,5.703820258565541,Yes,No,DSL,Yes,No,No internet service,Month-to-month,No,Electronic check,102.03,579.12,2023-12-18,4.0,No
CUST-10013,Female,1,Yes,No,11.998660582562243,Yes,No,Fiber optic,No,Yes,Yes,Month-to-month,Yes,Electronic check,113.96,1361.09,"Dec 19, 2023",2.0,Yes
CUST-10012,Female,0,NO,Yes,1.5908235167838503,Yes,No,DSL,No internet service,No,No,One year,Yes,Credit card (automatic),73.13,127.25,2023-12-20,5.0,Yes
CUST-10011,Female,1,No,Yes,6.156762402832486,Yes,No phone service,Fiber optic,No internet service,No internet service,Yes,One year,Yes,Electronic check,52.57,311.61,2023-12-21,3.0,Yes
CUST-10010,Male,1,No,No,37.78954828199825,Yes,No,No,No,Yes,No,Month-to-month,Yes,Bank transfer (automatic),55.79,2110.24,INVALID_DATE,4.0,No
CUST-10009,Male,nan,Yes,No,39.15996855578874,Yes,,DSL,No,No,No,Month-to-month,No,Electronic check,53.6,2092.76,2023-12-23,3.0,No
CUST-10008,Male,0,Yes,No,5.568936723364512,Yes,Yes,DSL,No,Yes,No,Two year,No,Electronic check,72.14,402.11,2023-12-23,1.0,Yes
CUST-10007,Female,0,Yes,No,9.824241277856013,Yes,Yes,DSL,No internet service,No internet service,No,Month-to-month,No,Mailed check,77.8,762.54,2023-12-24,4.0,Yes
CUST-10006,Male,0,No,No,3.45949725735514,Yes,No,DSL,No,,No,Month-to-month,No,Credit card (automatic),101.65,352.36,2023-12-25,4.0,No
CUST-10005,Female,0,No,Yes,1.8496197002174073,,No,DSL,No internet service,No,No internet service,1-Year,Yes,Bank transfer (automatic),65.3,124.74,2023-12-26,,Yes
CUST-10004,Female,1,Yes,No,72.0,Yes,No,Fiber optic,Yes,Yes,Yes,Month-to-month,No,Credit card (automatic),22.6,1620.04,2023-12-27,3.0,no
CUST-10003,Female,0,Yes,No,25.582414641947928,Yes,Yes,dsl,No,No,No,Two year,Yes,Bank transfer (automatic),52.48,1330.53,2023-12-28,3.0,No
CUST-10002,Female,0,No,yes,18.746324060301454,No,No,Fiber optic,No,Yes,Yes,Month-to-month,N,Bank transfer (automatic),111.38,$2080.24,2023-12-29,5.0,No
CUST-10001,,1,Yes,No,34.80703911014688,Yes,No,DSL,No,No,No,Month-to-month,Yes,Mailed check,18.0,628.52,2023-12-30,2.0,No
CUST-10000,Male,0,No,Yes,43.99353187477377,Yes,Yes,DSL,No,Yes,No,Month-to-month,Y,Credit card (automatic),86.87,3822.35,31/12/2023,2.0,No
